did,n_pools,seeds
did:plc:6wpkkitfdkgthatfvspcfmjo,10,ceona.bsky.social;chrisbee.bsky.social;cnr-isp.bsky.social;convenor.bsky.social;cvenash-vishneri.bsky.social;joat3.bsky.social;markthemark.bsky.social;miraschino.bsky.social;myosot.bsky.social;puppymelia.bsky.social
did:plc:eclio37ymobqex2ncko63h4r,10,ceona.bsky.social;chrisbee.bsky.social;cnr-isp.bsky.social;convenor.bsky.social;cvenash-vishneri.bsky.social;joat3.bsky.social;markthemark.bsky.social;miraschino.bsky.social;myosot.bsky.social;puppymelia.bsky.social
did:plc:k5nskatzhyxersjilvtnz4lh,8,ceona.bsky.social;chrisbee.bsky.social;cnr-isp.bsky.social;convenor.bsky.social;joat3.bsky.social;markthemark.bsky.social;myosot.bsky.social;puppymelia.bsky.social
did:plc:ks3gpa6ftoyaq7hmf6c4qx4c,8,chrisbee.bsky.social;cnr-isp.bsky.social;convenor.bsky.social;cvenash-vishneri.bsky.social;markthemark.bsky.social;miraschino.bsky.social;myosot.bsky.social;puppymelia.bsky.social
did:plc:a4vpio4bg7nnvmwolyyw5t72,7,ceona.bsky.social;chrisbee.bsky.social;convenor.bsky.social;cvenash-vishneri.bsky.social;joat3.bsky.social;markthemark.bsky.social;myosot.bsky.social
did:plc:k4jt6heuiamymgi46yeuxtpt,7,ceona.bsky.social;chrisbee.bsky.social;cnr-isp.bsky.social;joat3.bsky.social;miraschino.bsky.social;myosot.bsky.social;puppymelia.bsky.social
did:plc:ln72v57ivz2g46uqf4xxqiuh,7,ceona.bsky.social;cnr-isp.bsky.social;convenor.bsky.social;cvenash-vishneri.bsky.social;joat3.bsky.social;miraschino.bsky.social;myosot.bsky.social
did:plc:nvfposmpmhegtyvhbs75s3pw,7,chrisbee.bsky.social;cnr-isp.bsky.social;convenor.bsky.social;cvenash-vishneri.bsky.social;markthemark.bsky.social;myosot.bsky.social;puppymelia.bsky.social
did:plc:pjiafkey2cokiupsxpswqlk7,7,cnr-isp.bsky.social;convenor.bsky.social;cvenash-vishneri.bsky.social;markthemark.bsky.social;miraschino.bsky.social;myosot.bsky.social;puppymelia.bsky.social
did:plc:tax3e7cjn3dzxpgfjslqq56y,7,chrisbee.bsky.social;cnr-isp.bsky.social;convenor.bsky.social;cvenash-vishneri.bsky.social;markthemark.bsky.social;miraschino.bsky.social;puppymelia.bsky.social
did:plc:42xlmrvggulmnmlhsszfebku,6,chrisbee.bsky.social;convenor.bsky.social;joat3.bsky.social;markthemark.bsky.social;myosot.bsky.social;puppymelia.bsky.social
did:plc:buy3qvqcj3o76leo6ap7pn2p,6,ceona.bsky.social;chrisbee.bsky.social;cnr-isp.bsky.social;convenor.bsky.social;miraschino.bsky.social;puppymelia.bsky.social
did:plc:eqh433fdh2bqhvt455e3tg67,6,cnr-isp.bsky.social;convenor.bsky.social;cvenash-vishneri.bsky.social;markthemark.bsky.social;myosot.bsky.social;puppymelia.bsky.social
did:plc:j53tav4pdcpfxyx2gcfr5fhb,6,chrisbee.bsky.social;cnr-isp.bsky.social;joat3.bsky.social;markthemark.bsky.social;miraschino.bsky.social;puppymelia.bsky.social
did:plc:knoepjiqknech5vqiht4bqu6,6,ceona.bsky.social;chrisbee.bsky.social;cnr-isp.bsky.social;convenor.bsky.social;joat3.bsky.social;myosot.bsky.social
did:plc:mjh257xyug2mpodoyy3he5ih,6,cnr-isp.bsky.social;convenor.bsky.social;cvenash-vishneri.bsky.social;markthemark.bsky.social;myosot.bsky.social;puppymelia.bsky.social
did:plc:obkjcdbhbxtb6h2p2nesojkx,6,ceona.bsky.social;chrisbee.bsky.social;cnr-isp.bsky.social;convenor.bsky.social;joat3.bsky.social;markthemark.bsky.social
did:plc:sp5paqzfmzlsxazgv7hrukda,6,ceona.bsky.social;convenor.bsky.social;cvenash-vishneri.bsky.social;joat3.bsky.social;myosot.bsky.social;puppymelia.bsky.social
did:plc:upkgvxvhn4ebia3arqy4ru65,6,chrisbee.bsky.social;cnr-isp.bsky.social;cvenash-vishneri.bsky.social;joat3.bsky.social;markthemark.bsky.social;miraschino.bsky.social
did:plc:vocg5apjrlm7dfptvy6qbrfy,6,ceona.bsky.social;chrisbee.bsky.social;cnr-isp.bsky.social;cvenash-vishneri.bsky.social;miraschino.bsky.social;myosot.bsky.social
did:plc:xy6tjlsgcxht6wvubvmg6nop,6,ceona.bsky.social;cvenash-vishneri.bsky.social;joat3.bsky.social;markthemark.bsky.social;miraschino.bsky.social;puppymelia.bsky.social
did:plc:4iclppomf3wagequyumxle56,5,convenor.bsky.social;cvenash-vishneri.bsky.social;joat3.bsky.social;markthemark.bsky.social;myosot.bsky.social
did:plc:5z7rijpmizmbyzulirwbiaob,5,convenor.bsky.social;cvenash-vishneri.bsky.social;joat3.bsky.social;miraschino.bsky.social;puppymelia.bsky.social
did:plc:7exlcsle4mjfhu3wnhcgizz6,5,chrisbee.bsky.social;cvenash-vishneri.bsky.social;joat3.bsky.social;myosot.bsky.social;puppymelia.bsky.social
did:plc:7vj2towokzui3hgna5u5u46f,5,chrisbee.bsky.social;cvenash-vishneri.bsky.social;markthemark.bsky.social;miraschino.bsky.social;myosot.bsky.social
did:plc:anlicnys5zv7r34wjfnko6pc,5,chrisbee.bsky.social;cnr-isp.bsky.social;convenor.bsky.social;markthemark.bsky.social;miraschino.bsky.social
did:plc:bmbrnyhvr23lzfhllfs6in4h,5,ceona.bsky.social;chrisbee.bsky.social;markthemark.bsky.social;miraschino.bsky.social;myosot.bsky.social
did:plc:cxrua73vvgqw4lel4nkccky7,5,cnr-isp.bsky.social;cvenash-vishneri.bsky.social;joat3.bsky.social;miraschino.bsky.social;myosot.bsky.social
did:plc:dc6lrdlvden2l2qiilmgfyk5,5,cvenash-vishneri.bsky.social;joat3.bsky.social;markthemark.bsky.social;myosot.bsky.social;puppymelia.bsky.social
did:plc:dz7swnlgzjnxehyud3654vqd,5,chrisbee.bsky.social;cnr-isp.bsky.social;cvenash-vishneri.bsky.social;miraschino.bsky.social;myosot.bsky.social
did:plc:e4wmkxz4ybklsmc3rmzmscmz,5,ceona.bsky.social;cnr-isp.bsky.social;cvenash-vishneri.bsky.social;markthemark.bsky.social;myosot.bsky.social
did:plc:eqkd2r3hrbgotsawtwqztnre,5,ceona.bsky.social;cnr-isp.bsky.social;convenor.bsky.social;joat3.bsky.social;myosot.bsky.social
did:plc:jmte4w4x7ukciit6lci6ziau,5,ceona.bsky.social;convenor.bsky.social;joat3.bsky.social;miraschino.bsky.social;myosot.bsky.social
did:plc:lmbntv4ty3zgh5b542cmhwta,5,ceona.bsky.social;chrisbee.bsky.social;convenor.bsky.social;joat3.bsky.social;myosot.bsky.social
did:plc:lwscu2zqmpig5unnpey25ylt,5,convenor.bsky.social;joat3.bsky.social;miraschino.bsky.social;myosot.bsky.social;puppymelia.bsky.social
did:plc:obqunmbc6uydprnnioo42ry2,5,ceona.bsky.social;cnr-isp.bsky.social;convenor.bsky.social;joat3.bsky.social;miraschino.bsky.social
did:plc:oqr5mp25r7z3vfr3igeerxbw,5,cnr-isp.bsky.social;convenor.bsky.social;markthemark.bsky.social;miraschino.bsky.social;myosot.bsky.social
did:plc:ovioxia6nlp5luphgf5ovg7p,5,chrisbee.bsky.social;convenor.bsky.social;miraschino.bsky.social;myosot.bsky.social;puppymelia.bsky.social
did:plc:pgppxekvpklq6smlilrxg7ke,5,ceona.bsky.social;chrisbee.bsky.social;cnr-isp.bsky.social;cvenash-vishneri.bsky.social;joat3.bsky.social
did:plc:qobvnkudcv3zlaklxxjduqoi,5,chrisbee.bsky.social;cnr-isp.bsky.social;cvenash-vishneri.bsky.social;joat3.bsky.social;myosot.bsky.social
did:plc:r2467fdob7dnnmsaxws7c6cc,5,ceona.bsky.social;convenor.bsky.social;cvenash-vishneri.bsky.social;miraschino.bsky.social;puppymelia.bsky.social
did:plc:rjr6nfdzrfngjgc34jjyty6a,5,chrisbee.bsky.social;cnr-isp.bsky.social;convenor.bsky.social;miraschino.bsky.social;puppymelia.bsky.social
did:plc:rogqxhzq6vy54nbuy4n6rwyd,5,chrisbee.bsky.social;convenor.bsky.social;joat3.bsky.social;myosot.bsky.social;puppymelia.bsky.social
did:plc:rrfwruhud4ovela3oe6isre5,5,ceona.bsky.social;convenor.bsky.social;cvenash-vishneri.bsky.social;markthemark.bsky.social;miraschino.bsky.social
did:plc:sgti3jsgu3luif24tokvth3a,5,ceona.bsky.social;chrisbee.bsky.social;cnr-isp.bsky.social;miraschino.bsky.social;myosot.bsky.social
did:plc:tccmpdiajt2uo6trw7yopogz,5,chrisbee.bsky.social;cnr-isp.bsky.social;miraschino.bsky.social;myosot.bsky.social;puppymelia.bsky.social
did:plc:tsf3qulwq25yo27j6eznkfix,5,chrisbee.bsky.social;cnr-isp.bsky.social;convenor.bsky.social;markthemark.bsky.social;puppymelia.bsky.social
did:plc:uewxgchsjy4kmtu7dcxa77us,5,ceona.bsky.social;chrisbee.bsky.social;cvenash-vishneri.bsky.social;myosot.bsky.social;puppymelia.bsky.social
did:plc:vl7iw2awdpm72srjve3f4fj2,5,chrisbee.bsky.social;cnr-isp.bsky.social;joat3.bsky.social;markthemark.bsky.social;myosot.bsky.social
did:plc:vtwv2edeyhasfqgd53x5yius,5,ceona.bsky.social;chrisbee.bsky.social;joat3.bsky.social;markthemark.bsky.social;myosot.bsky.social
did:plc:wzckifcqv7wvlxrp6nrszgyh,5,ceona.bsky.social;convenor.bsky.social;joat3.bsky.social;myosot.bsky.social;puppymelia.bsky.social
did:plc:y4zs4cabaezzwx3bz2e5nnj2,5,chrisbee.bsky.social;cvenash-vishneri.bsky.social;markthemark.bsky.social;miraschino.bsky.social;myosot.bsky.social
did:plc:23tjefyt2vhs2hqxeiooy4t4,4,ceona.bsky.social;cnr-isp.bsky.social;joat3.bsky.social;puppymelia.bsky.social
did:plc:247gdcjchxzljmr6y2c65qvn,4,chrisbee.bsky.social;cnr-isp.bsky.social;markthemark.bsky.social;myosot.bsky.social
did:plc:2amnkge5a6hplfwyesmxqkfl,4,cnr-isp.bsky.social;convenor.bsky.social;cvenash-vishneri.bsky.social;joat3.bsky.social
did:plc:2vbxpb3b5ussxlij3pu6seke,4,ceona.bsky.social;chrisbee.bsky.social;convenor.bsky.social;myosot.bsky.social
did:plc:2zp4ys4ruuuahm5k7xpa4sug,4,markthemark.bsky.social;miraschino.bsky.social;myosot.bsky.social;puppymelia.bsky.social
did:plc:3wyhcauhsde6vb2qtfsndlvx,4,chrisbee.bsky.social;cnr-isp.bsky.social;joat3.bsky.social;markthemark.bsky.social
did:plc:4t2ziwnnescprzorvmrfduey,4,ceona.bsky.social;cnr-isp.bsky.social;convenor.bsky.social;joat3.bsky.social
did:plc:5gdjq6qb6oratqtdfchsqbr4,4,chrisbee.bsky.social;convenor.bsky.social;cvenash-vishneri.bsky.social;joat3.bsky.social
did:plc:5prledmu36imun2zjc26v5nl,4,chrisbee.bsky.social;cnr-isp.bsky.social;joat3.bsky.social;puppymelia.bsky.social
did:plc:5siz7r23475fek2mj6p5zhzw,4,ceona.bsky.social;joat3.bsky.social;markthemark.bsky.social;myosot.bsky.social
did:plc:5u54z2qgkq43dh2nzwzdbbhb,4,cnr-isp.bsky.social;joat3.bsky.social;markthemark.bsky.social;miraschino.bsky.social
did:plc:6yde3jzbwuuxqmp2ibtrbo3e,4,cnr-isp.bsky.social;cvenash-vishneri.bsky.social;miraschino.bsky.social;myosot.bsky.social
did:plc:ats4shmeia7i7ildqm3denmd,4,cvenash-vishneri.bsky.social;joat3.bsky.social;miraschino.bsky.social;myosot.bsky.social
did:plc:aunpu65mdrhwfie7ynymlzeh,4,ceona.bsky.social;cnr-isp.bsky.social;markthemark.bsky.social;myosot.bsky.social
did:plc:az4ntj4224lyl7kphcrlocqt,4,convenor.bsky.social;markthemark.bsky.social;miraschino.bsky.social;myosot.bsky.social
did:plc:b2kutgxqlltwc6lhs724cfwr,4,ceona.bsky.social;chrisbee.bsky.social;cnr-isp.bsky.social;markthemark.bsky.social
did:plc:b7azniyvowrqdz3pugsmh4x5,4,ceona.bsky.social;chrisbee.bsky.social;cnr-isp.bsky.social;myosot.bsky.social
did:plc:bdzjbqgd2ojj3qkrhpbkzuxu,4,chrisbee.bsky.social;cnr-isp.bsky.social;convenor.bsky.social;puppymelia.bsky.social
did:plc:bz4lyjohxcxvk3ymwqzpfhyb,4,ceona.bsky.social;chrisbee.bsky.social;miraschino.bsky.social;myosot.bsky.social
did:plc:cpqzoyisw4a5abn55b55b5oe,4,ceona.bsky.social;convenor.bsky.social;joat3.bsky.social;miraschino.bsky.social
did:plc:djdxfzbvmvjmjlj3qu32uy2i,4,convenor.bsky.social;markthemark.bsky.social;miraschino.bsky.social;puppymelia.bsky.social
did:plc:dwaduijo6ngdgzmir5vovzrh,4,cvenash-vishneri.bsky.social;joat3.bsky.social;miraschino.bsky.social;puppymelia.bsky.social
did:plc:e4tqkvdjxqapupkv6rnb6agp,4,ceona.bsky.social;convenor.bsky.social;miraschino.bsky.social;myosot.bsky.social
did:plc:ejihld4sywvvqwe67cdkn4jq,4,cvenash-vishneri.bsky.social;joat3.bsky.social;myosot.bsky.social;puppymelia.bsky.social
did:plc:eotvil33mxqzc3jcydgai6vs,4,chrisbee.bsky.social;convenor.bsky.social;markthemark.bsky.social;puppymelia.bsky.social
did:plc:euynv325eix7glyek377orak,4,ceona.bsky.social;convenor.bsky.social;myosot.bsky.social;puppymelia.bsky.social
did:plc:f24veezgnnxjcqr2blnzrdbu,4,cnr-isp.bsky.social;joat3.bsky.social;miraschino.bsky.social;myosot.bsky.social
did:plc:ffmb4l3oaijsybkwnbs2xmd3,4,cnr-isp.bsky.social;cvenash-vishneri.bsky.social;myosot.bsky.social;puppymelia.bsky.social
did:plc:gkgmduxh722ocstroyi75gbg,4,chrisbee.bsky.social;cvenash-vishneri.bsky.social;markthemark.bsky.social;puppymelia.bsky.social
did:plc:hjnizafbjht67utayjp6m3rf,4,chrisbee.bsky.social;cnr-isp.bsky.social;cvenash-vishneri.bsky.social;miraschino.bsky.social
did:plc:hxhndrm5u3p2lknkw73f2ojb,4,cnr-isp.bsky.social;joat3.bsky.social;markthemark.bsky.social;myosot.bsky.social
did:plc:i3mhliziy2r37ytl2rof5e3h,4,cnr-isp.bsky.social;convenor.bsky.social;cvenash-vishneri.bsky.social;markthemark.bsky.social
did:plc:juem56avlegp5z4hctyxzg7z,4,ceona.bsky.social;chrisbee.bsky.social;joat3.bsky.social;myosot.bsky.social
did:plc:jzddf45ucyezwahi5ffxjpws,4,chrisbee.bsky.social;cvenash-vishneri.bsky.social;markthemark.bsky.social;miraschino.bsky.social
did:plc:kqbyr4gqt6p2l57htlsa4nha,4,cnr-isp.bsky.social;convenor.bsky.social;markthemark.bsky.social;miraschino.bsky.social
did:plc:lcprhfzckjfeap7k2mea7e7o,4,convenor.bsky.social;cvenash-vishneri.bsky.social;markthemark.bsky.social;miraschino.bsky.social
did:plc:ldb6hx3aef2vhrctg2xdepjw,4,ceona.bsky.social;chrisbee.bsky.social;cnr-isp.bsky.social;myosot.bsky.social
did:plc:lrw4cnptopspeg5tthztcliw,4,ceona.bsky.social;cnr-isp.bsky.social;miraschino.bsky.social;puppymelia.bsky.social
did:plc:lzlqyldh7nfc34pfffvd24ko,4,ceona.bsky.social;chrisbee.bsky.social;markthemark.bsky.social;puppymelia.bsky.social
did:plc:mcxwgi6ytwp72kzqmujcixep,4,cnr-isp.bsky.social;convenor.bsky.social;joat3.bsky.social;myosot.bsky.social
did:plc:n3axkxhdjw4mpudiqwlnouts,4,chrisbee.bsky.social;convenor.bsky.social;joat3.bsky.social;myosot.bsky.social
did:plc:nhhyf2djaz7uufxbmts3zsmi,4,ceona.bsky.social;chrisbee.bsky.social;miraschino.bsky.social;puppymelia.bsky.social
did:plc:nzrozayxq764zbgl4qtp5ald,4,cnr-isp.bsky.social;convenor.bsky.social;joat3.bsky.social;myosot.bsky.social
did:plc:osjwlpd3iasuhhmz36gsjulc,4,ceona.bsky.social;convenor.bsky.social;miraschino.bsky.social;myosot.bsky.social
did:plc:qqavis3fg5675o3steyynvfh,4,ceona.bsky.social;cnr-isp.bsky.social;convenor.bsky.social;myosot.bsky.social
did:plc:quzcwmqdsnbosevdgj3bmtq2,4,cnr-isp.bsky.social;joat3.bsky.social;myosot.bsky.social;puppymelia.bsky.social
did:plc:s3esfogo246exeglag22eq4o,4,ceona.bsky.social;cvenash-vishneri.bsky.social;joat3.bsky.social;markthemark.bsky.social
did:plc:s6j27rxb3ic2rxw73ixgqv2p,4,ceona.bsky.social;chrisbee.bsky.social;cnr-isp.bsky.social;cvenash-vishneri.bsky.social
did:plc:sbdnltkjqzeb5qshxmi7wu2i,4,chrisbee.bsky.social;convenor.bsky.social;myosot.bsky.social;puppymelia.bsky.social
did:plc:snct54nd4ve2j46f5cfhlr5e,4,ceona.bsky.social;cvenash-vishneri.bsky.social;joat3.bsky.social;markthemark.bsky.social
did:plc:swdxpxe3snyoynvquru7mofe,4,ceona.bsky.social;joat3.bsky.social;markthemark.bsky.social;puppymelia.bsky.social
did:plc:tm256llkpggffiiuwk4tgiej,4,ceona.bsky.social;cnr-isp.bsky.social;markthemark.bsky.social;miraschino.bsky.social
did:plc:trtdcixeathbv7sjjcf5xv2t,4,cnr-isp.bsky.social;joat3.bsky.social;markthemark.bsky.social;miraschino.bsky.social
did:plc:ubcdzxnbzxecgt4o4gjldo5i,4,ceona.bsky.social;cnr-isp.bsky.social;convenor.bsky.social;joat3.bsky.social
did:plc:ux34natbhxube3xgdu3rhf45,4,joat3.bsky.social;markthemark.bsky.social;myosot.bsky.social;puppymelia.bsky.social
did:plc:xl3w4e5jxslqeaglaqit2ql3,4,ceona.bsky.social;cnr-isp.bsky.social;joat3.bsky.social;miraschino.bsky.social
did:plc:xyddpg6usmgh2t2jgf4e37yk,4,ceona.bsky.social;convenor.bsky.social;cvenash-vishneri.bsky.social;puppymelia.bsky.social
did:plc:y6owim4fgnacr72xp2b2onvo,4,cnr-isp.bsky.social;convenor.bsky.social;markthemark.bsky.social;puppymelia.bsky.social
did:plc:zha4tsu7otgnojc7uoxhjmkr,4,chrisbee.bsky.social;convenor.bsky.social;cvenash-vishneri.bsky.social;miraschino.bsky.social
did:plc:272yslix5eqflgv6ojey3soy,3,chrisbee.bsky.social;convenor.bsky.social;joat3.bsky.social
did:plc:2buz4gf5sew3rdwzbxsvcd4s,3,cnr-isp.bsky.social;joat3.bsky.social;myosot.bsky.social
did:plc:2ncqqwuufqsj43l7ikfpb5ph,3,chrisbee.bsky.social;myosot.bsky.social;puppymelia.bsky.social
did:plc:2ndbi7d2cnnwlytbfxlxqcgw,3,ceona.bsky.social;markthemark.bsky.social;miraschino.bsky.social
did:plc:2tjnqjbnqampayvk4hez7q3h,3,cnr-isp.bsky.social;joat3.bsky.social;puppymelia.bsky.social
did:plc:2vtbmhmrwzbqcfv4we4uxzzt,3,ceona.bsky.social;miraschino.bsky.social;puppymelia.bsky.social
did:plc:2w3eicjzblwvqo3nsxiivwgb,3,convenor.bsky.social;joat3.bsky.social;miraschino.bsky.social
did:plc:36nukkgptxi722w3qhozbezm,3,markthemark.bsky.social;miraschino.bsky.social;myosot.bsky.social
did:plc:37tzj3zwbftnhhuanx57mxu2,3,chrisbee.bsky.social;miraschino.bsky.social;myosot.bsky.social
did:plc:3dqcb24skspwsl6a4m7r4kk2,3,chrisbee.bsky.social;cvenash-vishneri.bsky.social;myosot.bsky.social
did:plc:3orpmj43gcmsvmyhtu65gp4t,3,chrisbee.bsky.social;cnr-isp.bsky.social;miraschino.bsky.social
did:plc:3rqh5bgggdhfpezmztzq5p2r,3,convenor.bsky.social;joat3.bsky.social;miraschino.bsky.social
did:plc:3zbs37tdtp6xaxurslxaubxi,3,ceona.bsky.social;cnr-isp.bsky.social;convenor.bsky.social
did:plc:473qw2gxgapdzmtjkyaxlsea,3,cnr-isp.bsky.social;myosot.bsky.social;puppymelia.bsky.social
did:plc:4llrhdclvdlmmynkwsmg5tdc,3,cvenash-vishneri.bsky.social;joat3.bsky.social;markthemark.bsky.social
did:plc:4vziktoq7p6jd3i5l3wtmfab,3,ceona.bsky.social;joat3.bsky.social;myosot.bsky.social
did:plc:5hnika5hsjnw3c4z3v7rjby7,3,ceona.bsky.social;cvenash-vishneri.bsky.social;myosot.bsky.social
did:plc:5ht4k6dk6gyjkfaylsbuw6ep,3,chrisbee.bsky.social;cvenash-vishneri.bsky.social;miraschino.bsky.social
did:plc:5rxcpjus3ple6jpbuafvm4og,3,convenor.bsky.social;cvenash-vishneri.bsky.social;myosot.bsky.social
did:plc:5trvvmmc4k3ubwgkljvhvmp4,3,chrisbee.bsky.social;cnr-isp.bsky.social;markthemark.bsky.social
did:plc:63tiygot2ugpfxc55p272wxk,3,chrisbee.bsky.social;cvenash-vishneri.bsky.social;miraschino.bsky.social
did:plc:64ghb7w3f7rzg6q3iymjvxqg,3,ceona.bsky.social;miraschino.bsky.social;puppymelia.bsky.social
did:plc:65efwieas5vm6crkpzheglxb,3,cnr-isp.bsky.social;cvenash-vishneri.bsky.social;myosot.bsky.social
did:plc:65vkd7kbacss37t7uj75g2qt,3,cnr-isp.bsky.social;markthemark.bsky.social;myosot.bsky.social
did:plc:6h7b2i6ttw3l4t7pvbvxdith,3,cnr-isp.bsky.social;markthemark.bsky.social;puppymelia.bsky.social
did:plc:6hit5rjdbmlnscmuk4bbtmuc,3,convenor.bsky.social;markthemark.bsky.social;myosot.bsky.social
did:plc:6m7rbdgaz5vyg4bnbefi7kh6,3,convenor.bsky.social;markthemark.bsky.social;myosot.bsky.social
did:plc:6wwty6iar2ya7heph6d25cw3,3,cvenash-vishneri.bsky.social;miraschino.bsky.social;myosot.bsky.social
did:plc:6ywmpofgt5lo7uyusa2ewbld,3,cnr-isp.bsky.social;convenor.bsky.social;markthemark.bsky.social
did:plc:7equuv6hwz7i2m3c2dtuetyn,3,convenor.bsky.social;cvenash-vishneri.bsky.social;miraschino.bsky.social
did:plc:7nglhglznjzuappphildgexu,3,chrisbee.bsky.social;cnr-isp.bsky.social;myosot.bsky.social
did:plc:7ql4pm3aqepxriikkzxbu275,3,convenor.bsky.social;joat3.bsky.social;puppymelia.bsky.social
did:plc:7xjfiotec4h4ytkzc5vdtdxa,3,markthemark.bsky.social;myosot.bsky.social;puppymelia.bsky.social
did:plc:7xjtx5zwz3ndizetx5csu6ga,3,convenor.bsky.social;joat3.bsky.social;markthemark.bsky.social
did:plc:7xquoqkwbmnuga7lccq7noms,3,chrisbee.bsky.social;convenor.bsky.social;markthemark.bsky.social
did:plc:7yfellkekfmlvsalyywflulq,3,cnr-isp.bsky.social;joat3.bsky.social;markthemark.bsky.social
did:plc:a5fwvpvub5e7mxaebuxn3tuu,3,joat3.bsky.social;miraschino.bsky.social;puppymelia.bsky.social
did:plc:abmh7aljm6ggeol4lwcoxlnh,3,chrisbee.bsky.social;joat3.bsky.social;miraschino.bsky.social
did:plc:b55chxd3vz7a6zlx55b6phib,3,ceona.bsky.social;chrisbee.bsky.social;joat3.bsky.social
did:plc:bg5vuqejktlwjgcdsm3jyv73,3,ceona.bsky.social;cvenash-vishneri.bsky.social;puppymelia.bsky.social
did:plc:bgmujpqmzqtx4p3wafhq4t6c,3,cvenash-vishneri.bsky.social;joat3.bsky.social;puppymelia.bsky.social
did:plc:bj26dh6prgrujxowl6zoceh3,3,chrisbee.bsky.social;convenor.bsky.social;cvenash-vishneri.bsky.social
did:plc:bpna2qi2e44fafbhhtqjak3x,3,ceona.bsky.social;markthemark.bsky.social;miraschino.bsky.social
did:plc:bzy5rjjduvvkxno5xe3evl3f,3,chrisbee.bsky.social;cnr-isp.bsky.social;cvenash-vishneri.bsky.social
did:plc:cbvszoqtcywxew6vdl2uyghj,3,chrisbee.bsky.social;cvenash-vishneri.bsky.social;markthemark.bsky.social
did:plc:cguwfiesizkt4ssgx6q7d6yy,3,cnr-isp.bsky.social;joat3.bsky.social;markthemark.bsky.social
did:plc:ch7ibrae5fzvt2swovearguy,3,chrisbee.bsky.social;cvenash-vishneri.bsky.social;markthemark.bsky.social
did:plc:cspelc65cipae27svgptjvio,3,ceona.bsky.social;markthemark.bsky.social;myosot.bsky.social
did:plc:cv3say5k47gihmspum7ocod5,3,cnr-isp.bsky.social;cvenash-vishneri.bsky.social;markthemark.bsky.social
did:plc:cy73nzn45w27gv2r2mymumcr,3,markthemark.bsky.social;miraschino.bsky.social;myosot.bsky.social
did:plc:d2jith367s6ybc3ldsusgdae,3,ceona.bsky.social;miraschino.bsky.social;puppymelia.bsky.social
did:plc:d4cpcgnaykgx3z3uq2askqs2,3,ceona.bsky.social;markthemark.bsky.social;myosot.bsky.social
did:plc:d5kxr5amrrgqlepuyd45c7kw,3,cnr-isp.bsky.social;convenor.bsky.social;joat3.bsky.social
did:plc:d7dtfwn6zyv3kzxegggvubue,3,chrisbee.bsky.social;cnr-isp.bsky.social;miraschino.bsky.social
did:plc:dh2u4moxrna3sl2w57ro72n5,3,ceona.bsky.social;markthemark.bsky.social;myosot.bsky.social
did:plc:dhwfnihpvtsoguocqbfqulme,3,ceona.bsky.social;convenor.bsky.social;joat3.bsky.social
did:plc:e3cyxeqboiqsybc3u6wvzysz,3,chrisbee.bsky.social;cvenash-vishneri.bsky.social;myosot.bsky.social
did:plc:e5ui7dzjh5hspj26s5zys4bq,3,convenor.bsky.social;joat3.bsky.social;myosot.bsky.social
did:plc:eamw76ihnc7fpdq2da3vm5wq,3,ceona.bsky.social;joat3.bsky.social;puppymelia.bsky.social
did:plc:ebfs54anqyzewzwrwop6vkqb,3,chrisbee.bsky.social;joat3.bsky.social;miraschino.bsky.social
did:plc:eernnjdfxx77jg5atshgmfga,3,chrisbee.bsky.social;cnr-isp.bsky.social;joat3.bsky.social
did:plc:efxbtouacf2s2pzcvuv47ns2,3,cvenash-vishneri.bsky.social;joat3.bsky.social;markthemark.bsky.social
did:plc:eo7nsjwwszwn7k7smt7hhuy7,3,cvenash-vishneri.bsky.social;markthemark.bsky.social;miraschino.bsky.social
did:plc:eoqyumxvszd7yys2b24wul2s,3,ceona.bsky.social;chrisbee.bsky.social;miraschino.bsky.social
did:plc:f6hdxggxx4qfijx4sd3dnbkg,3,chrisbee.bsky.social;joat3.bsky.social;puppymelia.bsky.social
did:plc:fbvnnpbjmjr5po26mmswwkk4,3,cnr-isp.bsky.social;convenor.bsky.social;cvenash-vishneri.bsky.social
did:plc:fejwj2mq5b26hnz3ve645vv7,3,joat3.bsky.social;markthemark.bsky.social;miraschino.bsky.social
did:plc:flfa7b6kgjqp3bbh223tmpjk,3,cvenash-vishneri.bsky.social;joat3.bsky.social;miraschino.bsky.social
did:plc:flxq4uyjfotciovpw3x3fxnu,3,chrisbee.bsky.social;cnr-isp.bsky.social;myosot.bsky.social
did:plc:fqc4tfzjpj4jwcowgacpytsu,3,cvenash-vishneri.bsky.social;markthemark.bsky.social;puppymelia.bsky.social
did:plc:fuqcbv5brxa2b5vylz5bkm3j,3,cvenash-vishneri.bsky.social;markthemark.bsky.social;miraschino.bsky.social
did:plc:ggepzgefk3tfgqfoujp6ipyt,3,chrisbee.bsky.social;cnr-isp.bsky.social;myosot.bsky.social
did:plc:gocmmddhwq22kyammex4ixfm,3,cnr-isp.bsky.social;cvenash-vishneri.bsky.social;myosot.bsky.social
did:plc:gr7czk3oshvxptcxtn5hvzb4,3,ceona.bsky.social;myosot.bsky.social;puppymelia.bsky.social
did:plc:gvfubqngd6l52wpreztedpmt,3,cvenash-vishneri.bsky.social;joat3.bsky.social;puppymelia.bsky.social
did:plc:gvzkdtsyo6acyy6vfnr7kexq,3,chrisbee.bsky.social;miraschino.bsky.social;myosot.bsky.social
did:plc:h7i5c5h36nldfd7rrumnqc3d,3,chrisbee.bsky.social;cnr-isp.bsky.social;miraschino.bsky.social
did:plc:hbdc3q6k5lforao5vyuarvsp,3,cnr-isp.bsky.social;joat3.bsky.social;puppymelia.bsky.social
did:plc:hmstk6czb32dv4xjx4s3xhda,3,convenor.bsky.social;cvenash-vishneri.bsky.social;puppymelia.bsky.social
did:plc:hotgaz52farc3kh5eqtllays,3,ceona.bsky.social;cvenash-vishneri.bsky.social;markthemark.bsky.social
did:plc:hqpx5pcatrooqgmxu2xgkejk,3,convenor.bsky.social;markthemark.bsky.social;miraschino.bsky.social
did:plc:i2thnnz3qhwjmukxvt2ahhh2,3,ceona.bsky.social;cnr-isp.bsky.social;cvenash-vishneri.bsky.social
did:plc:i7cpkxzsos3hg3hafhhn636j,3,chrisbee.bsky.social;convenor.bsky.social;miraschino.bsky.social
did:plc:ij2egb4apneazwgg6eqenfiz,3,chrisbee.bsky.social;convenor.bsky.social;myosot.bsky.social
did:plc:ilmrsysdtkxmafq2m2wpndpz,3,ceona.bsky.social;joat3.bsky.social;markthemark.bsky.social
did:plc:it4vfrn3hgrb3hsvvwfltqqa,3,ceona.bsky.social;convenor.bsky.social;cvenash-vishneri.bsky.social
did:plc:iu4j537hox5huj4bwnwgub4z,3,ceona.bsky.social;chrisbee.bsky.social;joat3.bsky.social
did:plc:ivseckn32uuldbxyt3qqlsyv,3,ceona.bsky.social;joat3.bsky.social;puppymelia.bsky.social
did:plc:iw7z6n45q5xw2rehw2d3veq3,3,joat3.bsky.social;miraschino.bsky.social;puppymelia.bsky.social
did:plc:ixm3sb7fcy7u6tnxhkrvo32u,3,cnr-isp.bsky.social;joat3.bsky.social;puppymelia.bsky.social
did:plc:j5hxppoqwtnzyltkyht2msjf,3,cnr-isp.bsky.social;convenor.bsky.social;puppymelia.bsky.social
did:plc:janiwnxguxetjhxfoa3dkz6t,3,chrisbee.bsky.social;cnr-isp.bsky.social;miraschino.bsky.social
did:plc:jbvnehrrdqoulco4rf5gxg5r,3,convenor.bsky.social;cvenash-vishneri.bsky.social;puppymelia.bsky.social
did:plc:jg7zvku4khzmvyjwbzv4lnly,3,chrisbee.bsky.social;joat3.bsky.social;myosot.bsky.social
did:plc:jgguo47xjhfjaz76brlxidxx,3,chrisbee.bsky.social;convenor.bsky.social;joat3.bsky.social
did:plc:jlrkasnphblmno5psz4aueaq,3,ceona.bsky.social;cnr-isp.bsky.social;convenor.bsky.social
did:plc:k3i3d2xfibssxz2lbm45x54o,3,convenor.bsky.social;myosot.bsky.social;puppymelia.bsky.social
did:plc:kba5ra5zizxsey2nq4pwnove,3,chrisbee.bsky.social;cvenash-vishneri.bsky.social;markthemark.bsky.social
did:plc:kcu5gsklhhensnm6vhu6lhq5,3,chrisbee.bsky.social;cnr-isp.bsky.social;myosot.bsky.social
did:plc:kedvdkznoq3svejtdgrv2nmp,3,convenor.bsky.social;joat3.bsky.social;markthemark.bsky.social
did:plc:kj34tkxbvfsqq5tmpiin27hd,3,ceona.bsky.social;cnr-isp.bsky.social;convenor.bsky.social
did:plc:knj5sw5al3sukl6vhkpi7637,3,chrisbee.bsky.social;convenor.bsky.social;joat3.bsky.social
did:plc:kntdyfx4kqy7ag6z75reqi7b,3,ceona.bsky.social;chrisbee.bsky.social;myosot.bsky.social
did:plc:kpmduhy3o6voeefbwhrivbyw,3,ceona.bsky.social;markthemark.bsky.social;miraschino.bsky.social
did:plc:kpzki7jkovhesbsh64aiumx2,3,convenor.bsky.social;markthemark.bsky.social;myosot.bsky.social
did:plc:kttqo2d7jsenyg3ezqnehwlt,3,ceona.bsky.social;joat3.bsky.social;puppymelia.bsky.social
did:plc:kwttqrd6vwu4dhnyqhx5akpp,3,cnr-isp.bsky.social;cvenash-vishneri.bsky.social;joat3.bsky.social
did:plc:kydd7ppawtffeqfvek5omiz4,3,ceona.bsky.social;cnr-isp.bsky.social;miraschino.bsky.social
did:plc:lawfan5jdv75zng4kwjyfzey,3,chrisbee.bsky.social;markthemark.bsky.social;myosot.bsky.social
did:plc:lyspo2bgxpznqtug5ir2q33g,3,cnr-isp.bsky.social;convenor.bsky.social;myosot.bsky.social
did:plc:m6wnty4blodpxctitmdikmxr,3,convenor.bsky.social;miraschino.bsky.social;puppymelia.bsky.social
did:plc:mj5h6johygkjaoo3dg5q23lm,3,cnr-isp.bsky.social;cvenash-vishneri.bsky.social;markthemark.bsky.social
did:plc:mnm2mri5k4vu72ld67v6fgbf,3,chrisbee.bsky.social;markthemark.bsky.social;puppymelia.bsky.social
did:plc:mtr3pwmbnirvyp3robuicd57,3,cnr-isp.bsky.social;convenor.bsky.social;markthemark.bsky.social
did:plc:mu6rcpl4wx7wdcgu3eqmha3u,3,chrisbee.bsky.social;joat3.bsky.social;markthemark.bsky.social
did:plc:n5ygsvktcea43nu54t3sv2ic,3,chrisbee.bsky.social;cvenash-vishneri.bsky.social;joat3.bsky.social
did:plc:nhlzen27orq2arjcu4wh6i62,3,chrisbee.bsky.social;joat3.bsky.social;markthemark.bsky.social
did:plc:nnybt4xto5wei34knpj3kexp,3,ceona.bsky.social;markthemark.bsky.social;miraschino.bsky.social
did:plc:ntkmgew2vnq7lkpze65ffmzx,3,chrisbee.bsky.social;cnr-isp.bsky.social;markthemark.bsky.social
did:plc:o7li5xna2vthili4dnbtplka,3,joat3.bsky.social;myosot.bsky.social;puppymelia.bsky.social
did:plc:oba6nioyur5gcxqny4s2usxd,3,ceona.bsky.social;convenor.bsky.social;joat3.bsky.social
did:plc:omf7ijgofbpg6qdivyv7mio4,3,cnr-isp.bsky.social;miraschino.bsky.social;myosot.bsky.social
did:plc:on5oeywiqx32fh2zau473wz6,3,convenor.bsky.social;markthemark.bsky.social;myosot.bsky.social
did:plc:pchnq7klmm3ejqduuqaqrsd6,3,joat3.bsky.social;myosot.bsky.social;puppymelia.bsky.social
did:plc:pmhyscv7t7incelmoevkijpr,3,chrisbee.bsky.social;joat3.bsky.social;miraschino.bsky.social
did:plc:prz5uxnf5czbjqzyi4elwatg,3,ceona.bsky.social;cvenash-vishneri.bsky.social;markthemark.bsky.social
did:plc:pxcgjfqtf2pubcgdwjvdjvpv,3,convenor.bsky.social;markthemark.bsky.social;myosot.bsky.social
did:plc:q4vkqvvzhpir3wfkeqfofzgd,3,cnr-isp.bsky.social;markthemark.bsky.social;myosot.bsky.social
did:plc:q5wqr7zofdqyqwoki4cby36x,3,convenor.bsky.social;joat3.bsky.social;puppymelia.bsky.social
did:plc:qgz7jtmlddfn3dikhimzlqu5,3,convenor.bsky.social;cvenash-vishneri.bsky.social;puppymelia.bsky.social
did:plc:qougpda3f2sgfyco7qllxoeu,3,chrisbee.bsky.social;cnr-isp.bsky.social;convenor.bsky.social
did:plc:qqixzm5pwprzdnkbh2hglpax,3,chrisbee.bsky.social;joat3.bsky.social;markthemark.bsky.social
did:plc:qrw2fun5ahsqvx73k5geleme,3,cnr-isp.bsky.social;convenor.bsky.social;markthemark.bsky.social
did:plc:qsiztxk6z64tcgsnuxdq34fi,3,ceona.bsky.social;convenor.bsky.social;joat3.bsky.social
did:plc:qtjpurf5fsptp3dhi52kksl6,3,joat3.bsky.social;miraschino.bsky.social;puppymelia.bsky.social
did:plc:qvzn322kmcvd7xtnips5xaun,3,ceona.bsky.social;cnr-isp.bsky.social;miraschino.bsky.social
did:plc:rfoctmk4guq56gensuermj7q,3,chrisbee.bsky.social;cnr-isp.bsky.social;miraschino.bsky.social
did:plc:sgyff2sy7r2y5sxmlsansqlg,3,ceona.bsky.social;convenor.bsky.social;miraschino.bsky.social
did:plc:sykr3znzovcjo7kkvt4z5ywh,3,ceona.bsky.social;convenor.bsky.social;puppymelia.bsky.social
did:plc:t4cbzt2zzssjkmi6gz57iist,3,chrisbee.bsky.social;convenor.bsky.social;joat3.bsky.social
did:plc:t4uvqet4s4sg6t3olmw7vjdb,3,chrisbee.bsky.social;joat3.bsky.social;markthemark.bsky.social
did:plc:tdcgbtd4wvhktrrhksipkuvz,3,chrisbee.bsky.social;miraschino.bsky.social;myosot.bsky.social
did:plc:tpcydhxibth3qbp2o3g4u37n,3,chrisbee.bsky.social;convenor.bsky.social;cvenash-vishneri.bsky.social
did:plc:ts5ajcxetbjh3kx455t3fwkq,3,ceona.bsky.social;chrisbee.bsky.social;puppymelia.bsky.social
did:plc:twoyfkk5ui6m4fhjmtt3cces,3,ceona.bsky.social;cnr-isp.bsky.social;cvenash-vishneri.bsky.social
did:plc:tyr7iqmghpf5qxvqvhblwj5f,3,ceona.bsky.social;cnr-isp.bsky.social;joat3.bsky.social
did:plc:uiu3ect5ffedrwowpq3tjhsg,3,chrisbee.bsky.social;cnr-isp.bsky.social;convenor.bsky.social
did:plc:uo2g6reoqnrudyoeotwveuc2,3,chrisbee.bsky.social;markthemark.bsky.social;miraschino.bsky.social
did:plc:v2rs64wmlua4scd5qi5yrkpp,3,cvenash-vishneri.bsky.social;markthemark.bsky.social;miraschino.bsky.social
did:plc:v2vbpw6vcdzhn6d6zfxepxx5,3,chrisbee.bsky.social;miraschino.bsky.social;myosot.bsky.social
did:plc:v6dyll4nkawspxyz5k5orgiq,3,chrisbee.bsky.social;convenor.bsky.social;markthemark.bsky.social
did:plc:vaba7tf7ylt2kaavf4t2kotp,3,chrisbee.bsky.social;miraschino.bsky.social;puppymelia.bsky.social
did:plc:vaznsq6z7zughxjapim2nazy,3,chrisbee.bsky.social;markthemark.bsky.social;puppymelia.bsky.social
did:plc:vbr73gm46jdeyfn2rxwmicdw,3,chrisbee.bsky.social;myosot.bsky.social;puppymelia.bsky.social
did:plc:vf32tdeunh3ra6nvclxhmeuo,3,cnr-isp.bsky.social;markthemark.bsky.social;puppymelia.bsky.social
did:plc:vf4flbjovx7bgju6lgjbejez,3,cvenash-vishneri.bsky.social;markthemark.bsky.social;puppymelia.bsky.social
did:plc:vfaevkqj6xgpsse6qiq6rhiv,3,cvenash-vishneri.bsky.social;markthemark.bsky.social;myosot.bsky.social
did:plc:vn3p3ydk5zgywye3focmlf64,3,convenor.bsky.social;cvenash-vishneri.bsky.social;joat3.bsky.social
did:plc:vo2ircszwr2gspvq3emb6p4g,3,miraschino.bsky.social;myosot.bsky.social;puppymelia.bsky.social
did:plc:voly5c7kqgq6lezsil5rjykq,3,ceona.bsky.social;chrisbee.bsky.social;joat3.bsky.social
did:plc:vpkw7cvu6eu742hvjk5wsxf2,3,chrisbee.bsky.social;convenor.bsky.social;myosot.bsky.social
did:plc:vptklgdwvyujvu4ifb6kfjro,3,chrisbee.bsky.social;convenor.bsky.social;joat3.bsky.social
did:plc:vqbz2rsrmw6tb736frlklwnz,3,ceona.bsky.social;chrisbee.bsky.social;cvenash-vishneri.bsky.social
did:plc:vsn7qxqg4kh436lkke2gbdnl,3,ceona.bsky.social;convenor.bsky.social;markthemark.bsky.social
did:plc:vy6fa3wqhehi354um57aof3z,3,ceona.bsky.social;joat3.bsky.social;miraschino.bsky.social
did:plc:w6oie6ddpzpv7vnnver3lu5f,3,cnr-isp.bsky.social;joat3.bsky.social;miraschino.bsky.social
did:plc:wkh3wp37rpv5qlpau3xbcnrb,3,cnr-isp.bsky.social;convenor.bsky.social;miraschino.bsky.social
did:plc:wo3lxbcfvdptzxyvq3qt2rgj,3,markthemark.bsky.social;myosot.bsky.social;puppymelia.bsky.social
did:plc:wo5kzzdgqwzizeyvg5bkaswh,3,markthemark.bsky.social;miraschino.bsky.social;myosot.bsky.social
did:plc:wux3xavyu7fw2v64prcz3uuf,3,chrisbee.bsky.social;convenor.bsky.social;cvenash-vishneri.bsky.social
did:plc:xbhy2z2mcdo7y6nxy7s7foam,3,chrisbee.bsky.social;convenor.bsky.social;joat3.bsky.social
did:plc:xca5awzxn7h4wvqnjxenonat,3,cnr-isp.bsky.social;convenor.bsky.social;miraschino.bsky.social
did:plc:xjc7mkotpenvhh6ffewkdpyn,3,markthemark.bsky.social;miraschino.bsky.social;myosot.bsky.social
did:plc:xl2e6f4vvevwsduijldipx2m,3,ceona.bsky.social;chrisbee.bsky.social;convenor.bsky.social
did:plc:xoj5fvglhzfo5xeozvmdvopl,3,chrisbee.bsky.social;cnr-isp.bsky.social;miraschino.bsky.social
did:plc:xqjezhgnh4ettmmcmbrbhdur,3,markthemark.bsky.social;myosot.bsky.social;puppymelia.bsky.social
did:plc:xs5kossjbra2o6rxa42cjpnv,3,cnr-isp.bsky.social;miraschino.bsky.social;puppymelia.bsky.social
did:plc:xsoucnnpbf4jehj7iju62p7g,3,convenor.bsky.social;cvenash-vishneri.bsky.social;myosot.bsky.social
did:plc:ydtsvzzsl6nlfkmnuooeqcmc,3,convenor.bsky.social;markthemark.bsky.social;puppymelia.bsky.social
did:plc:yj2yzzvnylclt3ghwjnkcxxz,3,cnr-isp.bsky.social;cvenash-vishneri.bsky.social;myosot.bsky.social
did:plc:z2fyn5xwj3buropnv5svoysn,3,ceona.bsky.social;joat3.bsky.social;miraschino.bsky.social
did:plc:zi6x5ppoqiomymqr7s47em4o,3,ceona.bsky.social;cnr-isp.bsky.social;joat3.bsky.social
did:plc:zltqtmydso6kikzw7wafpj4p,3,joat3.bsky.social;myosot.bsky.social;puppymelia.bsky.social
did:plc:zo4loyx2rtmfw5az6aigi65o,3,ceona.bsky.social;cnr-isp.bsky.social;miraschino.bsky.social
did:plc:zrn73yyjy3ykioirprgvvgea,3,ceona.bsky.social;markthemark.bsky.social;myosot.bsky.social
did:plc:22vhjo3exokuk67vyq3w4ttu,2,joat3.bsky.social;markthemark.bsky.social
did:plc:24vva42nxim6zbcmnozegoef,2,miraschino.bsky.social;puppymelia.bsky.social
did:plc:25ofi7urzd5uhgzdbq4gqybn,2,convenor.bsky.social;cvenash-vishneri.bsky.social
did:plc:25tluco43nacuajyg3lwju4d,2,convenor.bsky.social;myosot.bsky.social
did:plc:2b6eauizyg5la46tzb3wrv46,2,chrisbee.bsky.social;myosot.bsky.social
did:plc:2cfqcirmkuwgrd5l7d3aff4i,2,convenor.bsky.social;cvenash-vishneri.bsky.social
did:plc:2d6kuvaoa7qi6bq5cwq4isee,2,cnr-isp.bsky.social;myosot.bsky.social
did:plc:2darfo36xds4oznvip7x2ux7,2,convenor.bsky.social;markthemark.bsky.social
did:plc:2f5ax33ftgkf7merjvpr32rm,2,chrisbee.bsky.social;convenor.bsky.social
did:plc:2g64kbvbvyshyprzubfmzgbr,2,cnr-isp.bsky.social;puppymelia.bsky.social
did:plc:2g72wvrmzdfakrjq56d3lddj,2,markthemark.bsky.social;miraschino.bsky.social
did:plc:2hltimymy65zl5ba7ifsq3qr,2,ceona.bsky.social;miraschino.bsky.social
did:plc:2ifixqqbuc7ro6xzuano7y3w,2,myosot.bsky.social;puppymelia.bsky.social
did:plc:2jszithbh5synbdwbjrmn4wp,2,convenor.bsky.social;markthemark.bsky.social
did:plc:2k77kngw6l3q27pitvz7lh2b,2,joat3.bsky.social;myosot.bsky.social
did:plc:2mkgbhbhqvappkkorf2bzyrp,2,convenor.bsky.social;miraschino.bsky.social
did:plc:2o3dknvfhhgicjjhhdnvtvxa,2,joat3.bsky.social;miraschino.bsky.social
did:plc:2pdwbxbjzxvkkz6qyxs5rvnx,2,chrisbee.bsky.social;joat3.bsky.social
did:plc:2pysiybkjfyq3wtouxcgaoet,2,chrisbee.bsky.social;cvenash-vishneri.bsky.social
did:plc:2rb4p3bmdakyrztrf3rnpspn,2,miraschino.bsky.social;puppymelia.bsky.social
did:plc:2rbahqy4tyostvshkqjhab64,2,cvenash-vishneri.bsky.social;puppymelia.bsky.social
did:plc:2wihhxycpajz46huhrfgfefy,2,chrisbee.bsky.social;cvenash-vishneri.bsky.social
did:plc:2x5bs276hs2ibqgwzhnx2jae,2,cvenash-vishneri.bsky.social;puppymelia.bsky.social
did:plc:2xkewdl6hzup7567lu3w2rry,2,chrisbee.bsky.social;convenor.bsky.social
did:plc:2xzjzuyrgz6dmjy2xdhlawgl,2,miraschino.bsky.social;myosot.bsky.social
did:plc:32czjyaipq5x36y6sut5hpmc,2,ceona.bsky.social;convenor.bsky.social
did:plc:32ktc6yldbk3gv64pcmsgdr7,2,cnr-isp.bsky.social;convenor.bsky.social
did:plc:32lvgu3krzhhw3h6k3pme72r,2,joat3.bsky.social;puppymelia.bsky.social
did:plc:353gzbhcjbznfxegvayffqek,2,myosot.bsky.social;puppymelia.bsky.social
did:plc:35mrmehc4xgurw4vrd3jtukk,2,chrisbee.bsky.social;cnr-isp.bsky.social
did:plc:36myzwtfgujysfdqe7gqscc7,2,ceona.bsky.social;markthemark.bsky.social
did:plc:3dq2yyzn4vuzpyaezxr6vtnf,2,ceona.bsky.social;miraschino.bsky.social
did:plc:3fijoeofn4xroy5y2t5yxxpp,2,ceona.bsky.social;myosot.bsky.social
did:plc:3fip3tf6aqianjsuq7qqdwop,2,cvenash-vishneri.bsky.social;myosot.bsky.social
did:plc:3g2sry6ys6lgpum2nv7lffqu,2,convenor.bsky.social;miraschino.bsky.social
did:plc:3kapv2cmc5r6ehswf6nwo5wt,2,convenor.bsky.social;joat3.bsky.social
did:plc:3m6b7wlyrmev6dvyvdjpwanx,2,cvenash-vishneri.bsky.social;myosot.bsky.social
did:plc:3m7cstbvpbozg35xgdq6gqi3,2,chrisbee.bsky.social;miraschino.bsky.social
did:plc:3oh3u4fbev3zlc7vcfdazlas,2,joat3.bsky.social;miraschino.bsky.social
did:plc:3qq2iwlitezvyt57af3eczto,2,joat3.bsky.social;myosot.bsky.social
did:plc:3s6y66t4asr2jsijpj3fslnv,2,ceona.bsky.social;cvenash-vishneri.bsky.social
did:plc:3t37x6vfigdzzp2gjcfnzlz4,2,chrisbee.bsky.social;miraschino.bsky.social
did:plc:3tlxflxj4ffjrbflgygrws66,2,convenor.bsky.social;markthemark.bsky.social
did:plc:3tve46l2ba37hqp4htuk6idu,2,cvenash-vishneri.bsky.social;markthemark.bsky.social
did:plc:3u4cndhzmfd4biblxw42zuww,2,ceona.bsky.social;puppymelia.bsky.social
did:plc:3u4yezfifhwdhtv4jjjbo7e4,2,ceona.bsky.social;joat3.bsky.social
did:plc:3uqlk6hebu6vurixcx6s26s5,2,chrisbee.bsky.social;myosot.bsky.social
did:plc:3vyl2i7k2fuk7lbnmlxh3vof,2,convenor.bsky.social;joat3.bsky.social
did:plc:3witm4b3sqt3gft6z5genv32,2,ceona.bsky.social;myosot.bsky.social
did:plc:3xnrlwp67442gjlndrbxcprv,2,cvenash-vishneri.bsky.social;miraschino.bsky.social
did:plc:3z3ejvcpnjeb4io7oejzavwh,2,chrisbee.bsky.social;cnr-isp.bsky.social
did:plc:427byf5a42udtjumwjwz5sey,2,cvenash-vishneri.bsky.social;joat3.bsky.social
did:plc:42c4x6hmpn4addbsgj26oobc,2,joat3.bsky.social;myosot.bsky.social
did:plc:42y45jbpmgeoqowtqvstirah,2,cvenash-vishneri.bsky.social;markthemark.bsky.social
did:plc:4bjtax2dcm7o5yub7wfnaxie,2,cnr-isp.bsky.social;miraschino.bsky.social
did:plc:4fvbdr5zqt7b74qllyg2vdit,2,chrisbee.bsky.social;puppymelia.bsky.social
did:plc:4ibal4ufwcfcg32o4x3vfdow,2,cnr-isp.bsky.social;miraschino.bsky.social
did:plc:4ij52zhxrykaq2vkglbuxukl,2,chrisbee.bsky.social;miraschino.bsky.social
did:plc:4jn5axri3iauwu2dyef7jksk,2,cvenash-vishneri.bsky.social;puppymelia.bsky.social
did:plc:4jnnwduuahcjt4x5dkwjwgt3,2,chrisbee.bsky.social;joat3.bsky.social
did:plc:4k6dakv7cskxttdvfpzadq7e,2,chrisbee.bsky.social;cvenash-vishneri.bsky.social
did:plc:4lx6nur5wstwoc4wtgj56kyu,2,joat3.bsky.social;miraschino.bsky.social
did:plc:4mswcbxm7ws4lyohvfwzsja6,2,chrisbee.bsky.social;cnr-isp.bsky.social
did:plc:4ngy4bn3ch6g6kv5wnzasce5,2,cnr-isp.bsky.social;miraschino.bsky.social
did:plc:4nlxpxnqletjksen2penoiih,2,markthemark.bsky.social;miraschino.bsky.social
did:plc:4p57czj2b46vr7wcdlazglkx,2,chrisbee.bsky.social;cnr-isp.bsky.social
did:plc:4qcglu5zcyexdkw76x4huacv,2,ceona.bsky.social;convenor.bsky.social
did:plc:4sjl25ntym5lz4vrvmpo22ph,2,ceona.bsky.social;cvenash-vishneri.bsky.social
did:plc:4skib7x7yjgvmtkjzotcmpn3,2,myosot.bsky.social;puppymelia.bsky.social
did:plc:4sm2mw5mxowwj7xn3evdkjgz,2,chrisbee.bsky.social;puppymelia.bsky.social
did:plc:4vd5wndiwpedc7fofjp2quxq,2,cnr-isp.bsky.social;myosot.bsky.social
did:plc:4vrssqepg6uj4tj5us7tnfgt,2,cnr-isp.bsky.social;puppymelia.bsky.social
did:plc:4wbdwvoeunuoo5l3mlkt2aed,2,cnr-isp.bsky.social;joat3.bsky.social
did:plc:4wfl3nq4hkhgzctsli33qy36,2,cvenash-vishneri.bsky.social;miraschino.bsky.social
did:plc:4xu7uebkc6hptyo6kbuuywef,2,joat3.bsky.social;miraschino.bsky.social
did:plc:53rwmbmm7rhwz4poj4spe3si,2,markthemark.bsky.social;puppymelia.bsky.social
did:plc:546hcfpi4agq772f6q6lbuch,2,chrisbee.bsky.social;convenor.bsky.social
did:plc:55s6pzvxyvubt2tkiuz7b3kr,2,convenor.bsky.social;myosot.bsky.social
did:plc:55x5knzyjjjnhsa4g4f6hyfg,2,joat3.bsky.social;puppymelia.bsky.social
did:plc:57rmw5zruna2fizxucniyqyb,2,chrisbee.bsky.social;miraschino.bsky.social
did:plc:5cuav6ue5behr5qytr535ctx,2,cnr-isp.bsky.social;myosot.bsky.social
did:plc:5dp4ijlqr3r7atbrklmfij3v,2,markthemark.bsky.social;miraschino.bsky.social
did:plc:5ietht7stgjftf3ybuavjppu,2,chrisbee.bsky.social;cvenash-vishneri.bsky.social
did:plc:5imq2xij6g32fz5bjyclhmpr,2,ceona.bsky.social;joat3.bsky.social
did:plc:5jnkbu32kwbn55p6e3jr6wib,2,myosot.bsky.social;puppymelia.bsky.social
did:plc:5m3ztlfb5emucvfci334um6n,2,convenor.bsky.social;markthemark.bsky.social
did:plc:5m77ugevunzmccbadthnnekt,2,miraschino.bsky.social;myosot.bsky.social
did:plc:5mngqj7syszfnm4v4our4npy,2,chrisbee.bsky.social;puppymelia.bsky.social
did:plc:5n3w3k6pywltcsltzss5nwzr,2,ceona.bsky.social;chrisbee.bsky.social
did:plc:5o6k7jvowuyaquloafzn3cfw,2,cvenash-vishneri.bsky.social;miraschino.bsky.social
did:plc:5r7hru3uodygrgwzpu5hnksb,2,convenor.bsky.social;cvenash-vishneri.bsky.social
did:plc:5rcdd5dskclbe7jxra4ypmrz,2,chrisbee.bsky.social;puppymelia.bsky.social
did:plc:5rdlh6mxrr4fyod3up4bjqm6,2,convenor.bsky.social;markthemark.bsky.social
did:plc:5rqrieckrxohygpkhnsar5nf,2,chrisbee.bsky.social;convenor.bsky.social
did:plc:5tde3iwjlewyrqiyf3ckr3bm,2,cnr-isp.bsky.social;cvenash-vishneri.bsky.social
did:plc:5ubbjrq4vaaa5rkhq7l3jt55,2,convenor.bsky.social;cvenash-vishneri.bsky.social
did:plc:5wlaz2vn27dq62tvypx6lzq5,2,cnr-isp.bsky.social;convenor.bsky.social
did:plc:5x4p5tgshfa7xef6f3jrv34h,2,joat3.bsky.social;puppymelia.bsky.social
did:plc:5zqelflo4aelscngmcf6yh3g,2,ceona.bsky.social;miraschino.bsky.social
did:plc:626anhqhmyhy7edpz4aujyi7,2,cvenash-vishneri.bsky.social;miraschino.bsky.social
did:plc:63zjpqfhowjsbfl26dipg3e2,2,convenor.bsky.social;myosot.bsky.social
did:plc:66gjeje75ogyx3jxfelyz47i,2,chrisbee.bsky.social;markthemark.bsky.social
did:plc:67vugavgzxuc64jxpv4cqwbi,2,ceona.bsky.social;joat3.bsky.social
did:plc:6a4ryrhrhahrov57sbefiygv,2,cvenash-vishneri.bsky.social;markthemark.bsky.social
did:plc:6boheckq66f53wp7bwlgt35x,2,convenor.bsky.social;cvenash-vishneri.bsky.social
did:plc:6c45z5sf3rhgrupy26iqndmc,2,convenor.bsky.social;cvenash-vishneri.bsky.social
did:plc:6edxc56gc2sntq6ht6epjug4,2,ceona.bsky.social;myosot.bsky.social
did:plc:6ef3aqehy5yatvmythdnk45v,2,cvenash-vishneri.bsky.social;markthemark.bsky.social
did:plc:6fpdoxj4zydgzuizgiaqvmu6,2,convenor.bsky.social;myosot.bsky.social
did:plc:6fsdw5ekjpxf6ennawzb3vma,2,convenor.bsky.social;miraschino.bsky.social
did:plc:6gmj24tsngypeis72ekjnow6,2,convenor.bsky.social;myosot.bsky.social
did:plc:6hcxur5zubaobmeztf6kq36l,2,convenor.bsky.social;myosot.bsky.social
did:plc:6iks56hjjzciwoz2lhilk677,2,cnr-isp.bsky.social;convenor.bsky.social
did:plc:6iz62zjyaw4b4srk6pw2kxys,2,markthemark.bsky.social;puppymelia.bsky.social
did:plc:6jhe567h2o434ubsmlxa24vs,2,joat3.bsky.social;miraschino.bsky.social
did:plc:6llr6k7z2mxxvvnvy4z45a7s,2,ceona.bsky.social;convenor.bsky.social
did:plc:6mno3ymqhc67co5yx5bh3f5y,2,convenor.bsky.social;joat3.bsky.social
did:plc:6mvvxkelkr7auq3tfhukvfbi,2,convenor.bsky.social;myosot.bsky.social
did:plc:6poof5gfc36asxk5dbcqqndk,2,cvenash-vishneri.bsky.social;miraschino.bsky.social
did:plc:6sffoai3gqkuwxzb7lrs4mmf,2,joat3.bsky.social;miraschino.bsky.social
did:plc:6tyk5jbegvwu4qt2f2m4itut,2,markthemark.bsky.social;miraschino.bsky.social
did:plc:6u7qrul2twr4ajocjn6kxv5i,2,chrisbee.bsky.social;markthemark.bsky.social
did:plc:6uimut56ihor2p6ubnepkudz,2,cvenash-vishneri.bsky.social;joat3.bsky.social
did:plc:6w4dfbs6nz6tevxpfm2bvw6u,2,convenor.bsky.social;joat3.bsky.social
did:plc:6waxgers6k753hgsmh2prmv7,2,chrisbee.bsky.social;cnr-isp.bsky.social
did:plc:6wvdpuu73fgcm2hxbhhc7zlt,2,markthemark.bsky.social;miraschino.bsky.social
did:plc:6xrnwaj4fybmslawj6ky6c2o,2,cnr-isp.bsky.social;markthemark.bsky.social
did:plc:6xwecxh3pzgzngyon3yrtra7,2,cvenash-vishneri.bsky.social;puppymelia.bsky.social
did:plc:6yssvglnid5s3n3p5f4u4tfq,2,myosot.bsky.social;puppymelia.bsky.social
did:plc:735aeoooaa6vqhrhtqa35ry6,2,ceona.bsky.social;convenor.bsky.social
did:plc:74bzfmxczflvh3zpn76rtwfi,2,convenor.bsky.social;cvenash-vishneri.bsky.social
did:plc:74gpfh3zh6ushzzmy2ub7zqh,2,ceona.bsky.social;convenor.bsky.social
did:plc:74zycyzzi7wg26nudctnc55p,2,markthemark.bsky.social;miraschino.bsky.social
did:plc:756gaaeewovgn4axja34ajne,2,chrisbee.bsky.social;joat3.bsky.social
did:plc:75xo5ekd2voabxgr2epk6kt5,2,ceona.bsky.social;markthemark.bsky.social
did:plc:7a6eqoyhbtmkhqphfesjybq3,2,chrisbee.bsky.social;myosot.bsky.social
did:plc:7b3puwcok6xelfol3cfcb4ne,2,markthemark.bsky.social;miraschino.bsky.social
did:plc:7e7fm62vb7vcuq3ni5vjjkgs,2,cvenash-vishneri.bsky.social;miraschino.bsky.social
did:plc:7gdi4pckwbqgnb3soazmhwrw,2,ceona.bsky.social;cvenash-vishneri.bsky.social
did:plc:7gk35tkrkugkdcqdteviyara,2,ceona.bsky.social;myosot.bsky.social
did:plc:7h7pj7ckx6pfntbupdymo6fz,2,cnr-isp.bsky.social;convenor.bsky.social
did:plc:7ifxolldiqrg5e2babpt6vdn,2,miraschino.bsky.social;myosot.bsky.social
did:plc:7knftcimdqusmixgonfjnl3s,2,joat3.bsky.social;markthemark.bsky.social
did:plc:7lvxwobg2zrzgwpepyzxxjev,2,ceona.bsky.social;puppymelia.bsky.social
did:plc:7odhgjrqjyqrjqvzxxmqzlz6,2,cnr-isp.bsky.social;miraschino.bsky.social
did:plc:7p4my765ifkvtce5wo6x5z6f,2,ceona.bsky.social;cnr-isp.bsky.social
did:plc:7prh6raya2ntwnpyzte5u5hc,2,cvenash-vishneri.bsky.social;joat3.bsky.social
did:plc:7qiuhllywd7skoiqadlya3ry,2,joat3.bsky.social;puppymelia.bsky.social
did:plc:7rao4opicqrkv7gin4qllzuq,2,chrisbee.bsky.social;joat3.bsky.social
did:plc:7wpxcp6wyndg7ecvdunigbbz,2,convenor.bsky.social;markthemark.bsky.social
did:plc:7yix2kjraspwo6f4gt4xjpjj,2,ceona.bsky.social;cnr-isp.bsky.social
did:plc:a25kqnnqd7g4bvahjwz2enkh,2,miraschino.bsky.social;puppymelia.bsky.social
did:plc:a2uqzgigudmylc4u55k4o6fn,2,joat3.bsky.social;markthemark.bsky.social
did:plc:a4e6j62mtcn65xmd7tnnc6ea,2,joat3.bsky.social;myosot.bsky.social
did:plc:a5e2pcan574le6b3tsp3ht4y,2,chrisbee.bsky.social;puppymelia.bsky.social
did:plc:a6ygqdz2uji4tub273xynsy5,2,chrisbee.bsky.social;cvenash-vishneri.bsky.social
did:plc:a74tjogmmhz5w2skcog54ssv,2,convenor.bsky.social;myosot.bsky.social
did:plc:a7idkqtcq4gihzpeybw6oqv3,2,joat3.bsky.social;puppymelia.bsky.social
did:plc:abk7ekp6u4bxsv5n6nfdmicg,2,joat3.bsky.social;myosot.bsky.social
did:plc:acpmsq63t5sx72yq2hctszvq,2,ceona.bsky.social;miraschino.bsky.social
did:plc:aday7msfnpqba7psqpjq3pij,2,cnr-isp.bsky.social;joat3.bsky.social
did:plc:adxvqfrecodxe3dmqfmui7g5,2,myosot.bsky.social;puppymelia.bsky.social
did:plc:aei3n2kdxpgxxd5vojc46bql,2,cvenash-vishneri.bsky.social;miraschino.bsky.social
did:plc:aemvqi6x2lzax6euypms37zm,2,ceona.bsky.social;chrisbee.bsky.social
did:plc:aep3ged4qhaofticmpozgx7m,2,myosot.bsky.social;puppymelia.bsky.social
did:plc:aeug3w4mdhnc2wv73hmrh36v,2,cnr-isp.bsky.social;miraschino.bsky.social
did:plc:agiex7zg5lulytsxulmalrgz,2,chrisbee.bsky.social;cnr-isp.bsky.social
did:plc:ah72i2pzsq65mozovvujjzcm,2,ceona.bsky.social;markthemark.bsky.social
did:plc:ajb5ifur4nhvcpd5tdppnpe6,2,ceona.bsky.social;joat3.bsky.social
did:plc:ajf4cwdeuvn4fh5g4boufrul,2,myosot.bsky.social;puppymelia.bsky.social
did:plc:ajfwnnwg7lzzvmbcvecokyll,2,markthemark.bsky.social;puppymelia.bsky.social
did:plc:ajw7ndeyylsd4ps5cautnpt2,2,chrisbee.bsky.social;myosot.bsky.social
did:plc:ak37vz3426gad6prpdullziy,2,convenor.bsky.social;miraschino.bsky.social
did:plc:aq2tq3wgznerhpj3mgbtnzom,2,markthemark.bsky.social;puppymelia.bsky.social
did:plc:atdbmignbrjbjgj2ba4axnwl,2,ceona.bsky.social;miraschino.bsky.social
did:plc:avlwogwzospulfwbseoyrcr6,2,cnr-isp.bsky.social;markthemark.bsky.social
did:plc:azi27f6jdow5l62hutaofpon,2,miraschino.bsky.social;myosot.bsky.social
did:plc:b2rzjq4ytzxmx4uyynqq3vnk,2,ceona.bsky.social;markthemark.bsky.social
did:plc:b2xjegqcsjq4qgcuciwzp52d,2,markthemark.bsky.social;miraschino.bsky.social
did:plc:b6mnpvsrd67pony7nbxreqsn,2,ceona.bsky.social;markthemark.bsky.social
did:plc:bam3rkdzsg74tx5ddflbgils,2,convenor.bsky.social;puppymelia.bsky.social
did:plc:bbdtbuuej2tn3nyvrftdvs7r,2,joat3.bsky.social;puppymelia.bsky.social
did:plc:bbs2jdtgg5f6hthlehp5rqqb,2,ceona.bsky.social;convenor.bsky.social
did:plc:bc73qsqq6g4i6drsgxqvj7is,2,chrisbee.bsky.social;cnr-isp.bsky.social
did:plc:bemgc2akibaypvewcb74ezjr,2,cvenash-vishneri.bsky.social;markthemark.bsky.social
did:plc:bfaliylcr6sje2j3xqbk3ybw,2,markthemark.bsky.social;puppymelia.bsky.social
did:plc:bixc6lwocvgb6rh5wdrk3lym,2,convenor.bsky.social;markthemark.bsky.social
did:plc:blqiz2oshcyeeqptyh22kyle,2,myosot.bsky.social;puppymelia.bsky.social
did:plc:blrk2gk5dq32snk2kthu3cnn,2,ceona.bsky.social;chrisbee.bsky.social
did:plc:bono5gae7m6r3qpfxomshwbd,2,markthemark.bsky.social;myosot.bsky.social
did:plc:bpai4dydyx5gf367qcircrq5,2,joat3.bsky.social;myosot.bsky.social
did:plc:bqjob47oyafvppnbcl32y22p,2,chrisbee.bsky.social;cnr-isp.bsky.social
did:plc:bqtpgsoi2tvemvfq6jd7bwye,2,chrisbee.bsky.social;puppymelia.bsky.social
did:plc:bshaercmmku6gcw642dsjf7n,2,chrisbee.bsky.social;markthemark.bsky.social
did:plc:btewhj7b5eeinujg4chgus6s,2,joat3.bsky.social;markthemark.bsky.social
did:plc:btp4e7zu4x5v6quw2haf2gpy,2,cvenash-vishneri.bsky.social;markthemark.bsky.social
did:plc:bu3yn7ivncd2uokd6n4rvi7n,2,ceona.bsky.social;miraschino.bsky.social
did:plc:bveezgbr3omaazsltkc2ad6m,2,convenor.bsky.social;joat3.bsky.social
did:plc:bvojdcs2wnw5mtlxujr7vqbi,2,ceona.bsky.social;chrisbee.bsky.social
did:plc:bvs6naiqgpzbcfak6g2m4dil,2,cvenash-vishneri.bsky.social;markthemark.bsky.social
did:plc:bw2hfkshqou2bqc22vi7thbp,2,ceona.bsky.social;joat3.bsky.social
did:plc:bw4awfvn75fwgjcwygtx6kdv,2,markthemark.bsky.social;myosot.bsky.social
did:plc:bybhkdeow67zttcythrzu4p6,2,chrisbee.bsky.social;convenor.bsky.social
did:plc:bz2fymsh76lim3mxskt2vi46,2,cvenash-vishneri.bsky.social;miraschino.bsky.social
did:plc:c25toubs3m2ssa2uwdvxszcd,2,chrisbee.bsky.social;cvenash-vishneri.bsky.social
did:plc:c5uhrnlkfwd5ngasb46nf6la,2,cnr-isp.bsky.social;myosot.bsky.social
did:plc:c7ozmxoc5b2ky4iam2o36uic,2,ceona.bsky.social;miraschino.bsky.social
did:plc:caio7pgof5wycvv7jaihhizi,2,cnr-isp.bsky.social;markthemark.bsky.social
did:plc:canf5lnty4iat7ixguyqmixq,2,chrisbee.bsky.social;cnr-isp.bsky.social
did:plc:cb6uhto6bwvcx4anaq55konv,2,markthemark.bsky.social;puppymelia.bsky.social
did:plc:cbehai5zltnflj6ntzsr23bu,2,ceona.bsky.social;chrisbee.bsky.social
did:plc:ccttc3pxrxqnwbmykswusqqs,2,ceona.bsky.social;myosot.bsky.social
did:plc:cd3uwkljinuglacry433qonh,2,convenor.bsky.social;myosot.bsky.social
did:plc:cjfcz3t36f6nrprarkhkycxo,2,ceona.bsky.social;convenor.bsky.social
did:plc:cjr6pwud4s4camkvppcvvjnt,2,joat3.bsky.social;miraschino.bsky.social
did:plc:ckmin4mtfq5qruihqpr3w7y3,2,cnr-isp.bsky.social;miraschino.bsky.social
did:plc:cl6ync3gcqnoj7okaatfiwel,2,convenor.bsky.social;markthemark.bsky.social
did:plc:clre7utub6jjtszuvbsgjiae,2,joat3.bsky.social;puppymelia.bsky.social
did:plc:codfx2epdduamfycuyi5fjpb,2,ceona.bsky.social;cvenash-vishneri.bsky.social
did:plc:cpdjtdbsgfasavyfdqh6fyg7,2,cvenash-vishneri.bsky.social;joat3.bsky.social
did:plc:cq3cgajrgw3sdbmfz2ml4374,2,cvenash-vishneri.bsky.social;joat3.bsky.social
did:plc:cs675sj2rlghz65p4hzii7b6,2,miraschino.bsky.social;puppymelia.bsky.social
did:plc:ctoxg7zn3aebc4fzdaq26osw,2,markthemark.bsky.social;myosot.bsky.social
did:plc:cvwqykpnzwsmhyilqgntajt7,2,cnr-isp.bsky.social;miraschino.bsky.social
did:plc:cy5orwpd52jqf2cbgxboriww,2,ceona.bsky.social;miraschino.bsky.social
did:plc:cyyd366g3hrxp5rynixm2mm3,2,convenor.bsky.social;markthemark.bsky.social
did:plc:czjt3ibnudi7s2skpu3geam5,2,convenor.bsky.social;cvenash-vishneri.bsky.social
did:plc:d2u45eobywy3yoxxmqb647r7,2,cnr-isp.bsky.social;puppymelia.bsky.social
did:plc:dasfmg3tozgwq7466m2gph6s,2,chrisbee.bsky.social;cnr-isp.bsky.social
did:plc:dblasbhk3aqnuesmy6i2fyew,2,cvenash-vishneri.bsky.social;miraschino.bsky.social
did:plc:dbr2drtyg4jwkpd3367nek5v,2,cnr-isp.bsky.social;puppymelia.bsky.social
did:plc:dci7o34ucxzoz5qpnrbbrar2,2,cnr-isp.bsky.social;markthemark.bsky.social
did:plc:ddv2lahklhbpjxcmq5osnza5,2,chrisbee.bsky.social;joat3.bsky.social
did:plc:denuvqodvvnzxtuitumle4vs,2,ceona.bsky.social;puppymelia.bsky.social
did:plc:dfkodwv74fjiy5fcksjzu7yk,2,markthemark.bsky.social;puppymelia.bsky.social
did:plc:dfzqga4g3xuy7dxh5r3bzgsi,2,cvenash-vishneri.bsky.social;miraschino.bsky.social
did:plc:dhxj5bqcdjatnxgksk37m7ml,2,chrisbee.bsky.social;cnr-isp.bsky.social
did:plc:dj5fig7h2ywvr5ql6cb5xe5v,2,ceona.bsky.social;convenor.bsky.social
did:plc:djtwbu5tqp3g4m7sl5q36psq,2,markthemark.bsky.social;puppymelia.bsky.social
did:plc:dk5qh55sdty3yjl7z6u3sxfo,2,ceona.bsky.social;cnr-isp.bsky.social
did:plc:dp7zqcv3elvc7qneiwftv52e,2,cnr-isp.bsky.social;puppymelia.bsky.social
did:plc:dpd6vcnoe2duinl2pb5kxh7w,2,cnr-isp.bsky.social;joat3.bsky.social
did:plc:dqj6ug6nsm7giy3xd4dpuhmx,2,ceona.bsky.social;joat3.bsky.social
did:plc:dry4szhzrm3uq6c4xex5kfrc,2,ceona.bsky.social;markthemark.bsky.social
did:plc:dw3h6z5ydvixazmcwh5jpa5x,2,ceona.bsky.social;cvenash-vishneri.bsky.social
did:plc:dwz5dt76ho6ufoizsppfylan,2,cnr-isp.bsky.social;joat3.bsky.social
did:plc:dzgsbleed3lutr6kpnesa4ob,2,chrisbee.bsky.social;puppymelia.bsky.social
did:plc:e3bifqysymfkfgjw7kaxm5vy,2,cvenash-vishneri.bsky.social;markthemark.bsky.social
did:plc:e46jnl33pt5xr7crpx7wmvph,2,cnr-isp.bsky.social;myosot.bsky.social
did:plc:e72cwu7fen37hzzzhwy6mkxp,2,joat3.bsky.social;markthemark.bsky.social
did:plc:ebtn5uwxbtwbyjx25jjqlh7b,2,myosot.bsky.social;puppymelia.bsky.social
did:plc:effjhs33nq2ehulyo35up2j2,2,ceona.bsky.social;myosot.bsky.social
did:plc:efoon45hmfvbt5vfxuija4ol,2,cvenash-vishneri.bsky.social;joat3.bsky.social
did:plc:egnyhj4zhkgc42z7gkjlc7vz,2,chrisbee.bsky.social;cnr-isp.bsky.social
did:plc:egz6kgskhfwppz2hoxtqc7mk,2,markthemark.bsky.social;miraschino.bsky.social
did:plc:eiunozwxrepjs7oz7d32riwc,2,chrisbee.bsky.social;cnr-isp.bsky.social
did:plc:elipdmmf5istuvtyituspske,2,ceona.bsky.social;markthemark.bsky.social
did:plc:eonekhi5niboa7setutracbc,2,chrisbee.bsky.social;cvenash-vishneri.bsky.social
did:plc:eqicqzknoqipgpvzfhaw6xyi,2,convenor.bsky.social;markthemark.bsky.social
did:plc:esrrgaktqbyod6pcd7fvh66x,2,markthemark.bsky.social;myosot.bsky.social
did:plc:etgkjoou5ilb2q52ijascw3v,2,ceona.bsky.social;miraschino.bsky.social
did:plc:evwq662xylt6psrvelvg4zzn,2,cvenash-vishneri.bsky.social;miraschino.bsky.social
did:plc:ew4kwbrew3ianmhl7sbxmfjw,2,cvenash-vishneri.bsky.social;markthemark.bsky.social
did:plc:exab3j6cririuycwrx46nbnr,2,cnr-isp.bsky.social;miraschino.bsky.social
did:plc:eydiegccq7jmn4bjt2gvv6xj,2,chrisbee.bsky.social;convenor.bsky.social
did:plc:eypx7dodaoitos4rbv5ihks3,2,chrisbee.bsky.social;convenor.bsky.social
did:plc:ezxfbsdjjylaoagv5bvz7sqb,2,markthemark.bsky.social;miraschino.bsky.social
did:plc:f5jxegk4cpobfskg3sfhu5gr,2,miraschino.bsky.social;puppymelia.bsky.social
did:plc:f5zbjpygz4ym6g3du53yni5t,2,joat3.bsky.social;markthemark.bsky.social
did:plc:f6yzeddlu7zjqbthmn37yvom,2,myosot.bsky.social;puppymelia.bsky.social
did:plc:f7g56sx32wna46q5ho3chgrj,2,chrisbee.bsky.social;convenor.bsky.social
did:plc:fb2mxpsd7mqrb4s3wzew34cb,2,convenor.bsky.social;miraschino.bsky.social
did:plc:fd5nmlrhpw6mtdqzgv6v6qjm,2,ceona.bsky.social;puppymelia.bsky.social
did:plc:fe25niq2h3rjbong4b32v5gj,2,cvenash-vishneri.bsky.social;markthemark.bsky.social
did:plc:feywt2onatszum7kdyzklpib,2,cvenash-vishneri.bsky.social;joat3.bsky.social
did:plc:fgphm4v5raxqkaossaeoheds,2,cvenash-vishneri.bsky.social;miraschino.bsky.social
did:plc:fk5akj5ydelwa6r7tztyd5ss,2,convenor.bsky.social;cvenash-vishneri.bsky.social
did:plc:flhlhtlwyeq53nuxlui5khmw,2,chrisbee.bsky.social;puppymelia.bsky.social
did:plc:fm7wzaqn4xcmxqpmraavcner,2,ceona.bsky.social;chrisbee.bsky.social
did:plc:fntbgknys6cujvf46rrfkrhy,2,convenor.bsky.social;miraschino.bsky.social
did:plc:fpnspwb5qjlxl3i52e5qdblj,2,cnr-isp.bsky.social;convenor.bsky.social
did:plc:fq6e3odq5jvu4wjkdnmxwuei,2,ceona.bsky.social;chrisbee.bsky.social
did:plc:frsgwnofwno2huewodkaeez2,2,ceona.bsky.social;cnr-isp.bsky.social
did:plc:fsuyxtmeaqvecic43h5dqax7,2,chrisbee.bsky.social;cnr-isp.bsky.social
did:plc:fuknyynznmk26wg35ydjwcon,2,myosot.bsky.social;puppymelia.bsky.social
did:plc:fv2nxxac24oxk5fqztfazyuc,2,joat3.bsky.social;myosot.bsky.social
did:plc:fxclokdrixdgghy7pxeynwfa,2,myosot.bsky.social;puppymelia.bsky.social
did:plc:fyxy3nu2thylf7z36ko7cch2,2,markthemark.bsky.social;puppymelia.bsky.social
did:plc:fzti7xp7vy43jk7wffeio636,2,ceona.bsky.social;miraschino.bsky.social
did:plc:g2mcwmkdjuu2xg6iebvupdtx,2,convenor.bsky.social;markthemark.bsky.social
did:plc:g3fvb2cxn4yxcq3rjd2llqv5,2,ceona.bsky.social;markthemark.bsky.social
did:plc:g4xu3sy2jystjsvxx6mnviur,2,convenor.bsky.social;puppymelia.bsky.social
did:plc:g4ymlbfsscmljzbtoy5u5lst,2,cvenash-vishneri.bsky.social;puppymelia.bsky.social
did:plc:g63d2jyokogc6gthfjntscas,2,chrisbee.bsky.social;cnr-isp.bsky.social
did:plc:gc62cpar467da3ztnvilvr3z,2,joat3.bsky.social;puppymelia.bsky.social
did:plc:gfk3o3vzzkwxwvpbfgpzcqqp,2,chrisbee.bsky.social;myosot.bsky.social
did:plc:gku2tqmd6x2gcxs6iyqrzlnz,2,cvenash-vishneri.bsky.social;miraschino.bsky.social
did:plc:gqbrsb2cdeaz5ybuo3kk7vs7,2,cvenash-vishneri.bsky.social;myosot.bsky.social
did:plc:gqk6df7k754dh3ush7g46fzd,2,ceona.bsky.social;convenor.bsky.social
did:plc:gtnfvddcqm3dbss6ieqij2b7,2,cnr-isp.bsky.social;miraschino.bsky.social
did:plc:gvs422fyzmwfviek6rv4guno,2,cvenash-vishneri.bsky.social;myosot.bsky.social
did:plc:gwh73yelgaqpabfsvatntbnw,2,cvenash-vishneri.bsky.social;markthemark.bsky.social
did:plc:gwy2mxwyw5fjz2mniixeafaj,2,ceona.bsky.social;markthemark.bsky.social
did:plc:gy4wutrtfae3n2arpqcesmk4,2,ceona.bsky.social;myosot.bsky.social
did:plc:gycppcme5226cc2vgp2tgt5g,2,joat3.bsky.social;markthemark.bsky.social
did:plc:gzumvtepvc73upkxvctc2xou,2,chrisbee.bsky.social;joat3.bsky.social
did:plc:h2qc6rhy4dc2v6zvq4c2wd7b,2,markthemark.bsky.social;myosot.bsky.social
did:plc:h2rsz5lkizvt2c4l733j2tg3,2,markthemark.bsky.social;miraschino.bsky.social
did:plc:h3peq3eov6wbjurb67g7p7pq,2,cnr-isp.bsky.social;markthemark.bsky.social
did:plc:h4ww7i6zyvx3awqyrdoqwids,2,cnr-isp.bsky.social;markthemark.bsky.social
did:plc:h6creppfqjogsbwh56wwnlmq,2,convenor.bsky.social;puppymelia.bsky.social
did:plc:h6pyl5e2cdtdlulmw6ubhc6c,2,ceona.bsky.social;cvenash-vishneri.bsky.social
did:plc:h7ai7df42stcnugjm3xvihvd,2,joat3.bsky.social;puppymelia.bsky.social
did:plc:h7h2iya53d56txxutn623udh,2,chrisbee.bsky.social;cnr-isp.bsky.social
did:plc:hf3t3ehb2y2465pkc46tmni3,2,chrisbee.bsky.social;cnr-isp.bsky.social
did:plc:hf7ezrajxadu7v3tzcyij424,2,joat3.bsky.social;miraschino.bsky.social
did:plc:hgord3dqwzta3khfmbqcln22,2,cnr-isp.bsky.social;convenor.bsky.social
did:plc:hgxvrkzeycwtqrvhi7btox7p,2,convenor.bsky.social;puppymelia.bsky.social
did:plc:hirrlurhtw63wxfkkclgstmq,2,joat3.bsky.social;markthemark.bsky.social
did:plc:hkte6xia3nw7ye7c57qbmdwv,2,cvenash-vishneri.bsky.social;puppymelia.bsky.social
did:plc:hl273o7bfegotspjc5dqfzmq,2,ceona.bsky.social;miraschino.bsky.social
did:plc:hlyood563sssqh65t6x2d7vm,2,ceona.bsky.social;cnr-isp.bsky.social
did:plc:hrxnog7gnnowioyuk5onuvtw,2,cnr-isp.bsky.social;cvenash-vishneri.bsky.social
did:plc:hvnl4jfstxu7764bnsvzjxwl,2,convenor.bsky.social;joat3.bsky.social
did:plc:hxaws4nqymare4wsrmvt5dlp,2,ceona.bsky.social;cnr-isp.bsky.social
did:plc:hz2amphjffu4f5hxs2iqyyao,2,ceona.bsky.social;joat3.bsky.social
did:plc:hzq5qho453nicnm3mxbqmgld,2,cnr-isp.bsky.social;cvenash-vishneri.bsky.social
did:plc:i22s7zjgcx5zjkyx4mr6f4ga,2,chrisbee.bsky.social;cvenash-vishneri.bsky.social
did:plc:i2blrvxhdn5ssaf6dkzhk4se,2,cvenash-vishneri.bsky.social;miraschino.bsky.social
did:plc:i54qhabujsxkzuoh2rdlwu3l,2,convenor.bsky.social;myosot.bsky.social
did:plc:i5s5ryxbc5upvuqkjxqujdlm,2,chrisbee.bsky.social;markthemark.bsky.social
did:plc:i6ocendj65mmddfndihajsky,2,cnr-isp.bsky.social;myosot.bsky.social
did:plc:ib4b3wnoll54xgrnv7ezmyly,2,markthemark.bsky.social;puppymelia.bsky.social
did:plc:ib775d5zdeu4cgcx6ivtiand,2,cvenash-vishneri.bsky.social;markthemark.bsky.social
did:plc:ifrvrcfcnmwlzbqffnzwrutf,2,cvenash-vishneri.bsky.social;miraschino.bsky.social
did:plc:iiofy6mupgapoiz2b3lgfyr7,2,joat3.bsky.social;markthemark.bsky.social
did:plc:ijn7lseerxnkh5vdf2qoc6t2,2,chrisbee.bsky.social;convenor.bsky.social
did:plc:io2weuazgxbaymyh63uwxgap,2,chrisbee.bsky.social;miraschino.bsky.social
did:plc:ioisskri4m3mlaaisct52yl5,2,chrisbee.bsky.social;cvenash-vishneri.bsky.social
did:plc:ipsmmz4ms4a36d2bvymnzujg,2,ceona.bsky.social;cnr-isp.bsky.social
did:plc:iqqbx4khxhezruex2yr7j5ic,2,convenor.bsky.social;markthemark.bsky.social
did:plc:isch26vgvvzqht2hq2b3qi2s,2,cnr-isp.bsky.social;joat3.bsky.social
did:plc:iuakhx5dbn6krc6fyyo252wn,2,cnr-isp.bsky.social;markthemark.bsky.social
did:plc:ixbx65nykgfendlbklegjxnj,2,cnr-isp.bsky.social;puppymelia.bsky.social
did:plc:ixzichieffclbt3ixwi2aui3,2,convenor.bsky.social;miraschino.bsky.social
did:plc:iyxascgasado7gxso4y5oxog,2,joat3.bsky.social;myosot.bsky.social
did:plc:izvd7uyrycpxo5c3zu2mwlrj,2,ceona.bsky.social;cvenash-vishneri.bsky.social
did:plc:j24jtz7xkt5ttdsk32mmpkvn,2,ceona.bsky.social;cvenash-vishneri.bsky.social
did:plc:j5l7eqpggikfdy6uh6sdcbum,2,cvenash-vishneri.bsky.social;puppymelia.bsky.social
did:plc:j6eryzlhw5eiuzjolwhcvqma,2,ceona.bsky.social;cvenash-vishneri.bsky.social
did:plc:j76trmiofvaxxpvx2vnb2vwf,2,chrisbee.bsky.social;markthemark.bsky.social
did:plc:ja5wjlyhgtw43yj7by4a2mqj,2,markthemark.bsky.social;miraschino.bsky.social
did:plc:jdjwmydknwnaljoxntmrt5lu,2,joat3.bsky.social;markthemark.bsky.social
did:plc:jebo5skidaoy4c43j3yj6uel,2,myosot.bsky.social;puppymelia.bsky.social
did:plc:jfbgva7nbmn4rpo72s2hlhmn,2,chrisbee.bsky.social;myosot.bsky.social
did:plc:jfcht3gt62twn3r32e7bziq4,2,joat3.bsky.social;miraschino.bsky.social
did:plc:jhelkgntt3ig7ro2upjvfksu,2,chrisbee.bsky.social;cnr-isp.bsky.social
did:plc:jjxyrdbo45gak37v723apdul,2,cnr-isp.bsky.social;convenor.bsky.social
did:plc:jlhz2f5jiieyx5e6jwn47ssr,2,ceona.bsky.social;joat3.bsky.social
did:plc:jlmrkyytarxtjzq5uqxumqxo,2,cnr-isp.bsky.social;puppymelia.bsky.social
did:plc:jm7dtivy5vfx35zi33u7niw2,2,cnr-isp.bsky.social;joat3.bsky.social
did:plc:jmnfxsnrvul5vkcgcoejhe5b,2,cnr-isp.bsky.social;miraschino.bsky.social
did:plc:jneyezfr67ntrlxterfgyn5g,2,ceona.bsky.social;joat3.bsky.social
did:plc:jnwvv62gxv3tc75xuvakpaqj,2,chrisbee.bsky.social;cnr-isp.bsky.social
did:plc:joadp2oerpu26csiypf25dvv,2,cvenash-vishneri.bsky.social;miraschino.bsky.social
did:plc:jp4wbgusrktwz5fad73ipi3o,2,ceona.bsky.social;joat3.bsky.social
did:plc:jr7b6j7p5txwu24bl6t2fig5,2,ceona.bsky.social;miraschino.bsky.social
did:plc:jrh6dhi3ou3g6qh44lga4ht7,2,cnr-isp.bsky.social;convenor.bsky.social
did:plc:js67o7o75sso55aowhs4nxwd,2,convenor.bsky.social;miraschino.bsky.social
did:plc:jtutrpoenhm3amisc5wvasxh,2,ceona.bsky.social;cnr-isp.bsky.social
did:plc:jyhlurlqxqakejlhtyideyut,2,markthemark.bsky.social;miraschino.bsky.social
did:plc:jz6zocf7bsdlvbrtu7przryu,2,convenor.bsky.social;markthemark.bsky.social
did:plc:jzrxo4v7nvwf65x4kru2pl7v,2,cnr-isp.bsky.social;cvenash-vishneri.bsky.social
did:plc:k2boueagtkmwibc2mlgj46m6,2,chrisbee.bsky.social;cnr-isp.bsky.social
did:plc:k2vj6detgsgrzndtcbby2vpq,2,ceona.bsky.social;cnr-isp.bsky.social
did:plc:k2x6wijlsin527pgfh3ucf53,2,cnr-isp.bsky.social;miraschino.bsky.social
did:plc:k5vwobjngg43lj7zuw2gudib,2,markthemark.bsky.social;miraschino.bsky.social
did:plc:k7c4kflfshpz6l7hb2wmahaa,2,cnr-isp.bsky.social;joat3.bsky.social
did:plc:kamgkmxrnywpdj2w3gxurbjd,2,cvenash-vishneri.bsky.social;miraschino.bsky.social
did:plc:kb6ugdswgb3ld5d52fk77bmk,2,cnr-isp.bsky.social;markthemark.bsky.social
did:plc:kccnahmnp3zqhtceh64kevvw,2,cnr-isp.bsky.social;convenor.bsky.social
did:plc:kcmjvpf4s2qgvl773etucchs,2,cnr-isp.bsky.social;convenor.bsky.social
did:plc:kf3dmluw2ffz6ynqlmnslztu,2,markthemark.bsky.social;puppymelia.bsky.social
did:plc:kf7a7dwck623lwbv3yii5q4f,2,joat3.bsky.social;myosot.bsky.social
did:plc:kfotskh5ekgocs3rh5stzbul,2,convenor.bsky.social;joat3.bsky.social
did:plc:kgihv26oznpn6cu3p45jzydp,2,markthemark.bsky.social;puppymelia.bsky.social
did:plc:kgjdkmato75p7zzjxz5qsp7n,2,ceona.bsky.social;joat3.bsky.social
did:plc:kiav2wsakeleehbnatk2v25x,2,cvenash-vishneri.bsky.social;myosot.bsky.social
did:plc:kjoz2exxqskrznryun4ogtsx,2,cvenash-vishneri.bsky.social;puppymelia.bsky.social
did:plc:kkwyghef6bsnlorb6ydny4kr,2,cnr-isp.bsky.social;cvenash-vishneri.bsky.social
did:plc:kmchuhrwaw3x2niv4oc7mkhh,2,cnr-isp.bsky.social;miraschino.bsky.social
did:plc:kmuhrjaftva24ktwof6xnzyp,2,markthemark.bsky.social;puppymelia.bsky.social
did:plc:knkltoiapkt336rr335ztt3p,2,convenor.bsky.social;puppymelia.bsky.social
did:plc:kof6wd3oea2kq67f7wxb57ca,2,miraschino.bsky.social;puppymelia.bsky.social
did:plc:kp5qfcszvb73kuoc35hydd6i,2,chrisbee.bsky.social;convenor.bsky.social
did:plc:kpi3bypkykhmdjxuveoig5rl,2,markthemark.bsky.social;myosot.bsky.social
did:plc:kqcmjyv4zxfcxzbitkw7z2d6,2,chrisbee.bsky.social;cvenash-vishneri.bsky.social
did:plc:kqj3hwfujfe26idlw6wneml5,2,chrisbee.bsky.social;miraschino.bsky.social
did:plc:kqsdfw4cj532lp7bidtdzyyz,2,chrisbee.bsky.social;markthemark.bsky.social
did:plc:krtgzfixmfafx4ndpywlfmsm,2,ceona.bsky.social;cvenash-vishneri.bsky.social
did:plc:ksgemc2i3uwx3sk3vhxprcii,2,cnr-isp.bsky.social;puppymelia.bsky.social
did:plc:ksnmfpoz2ps6in2zirqbw43y,2,ceona.bsky.social;puppymelia.bsky.social
did:plc:kttahtl5biabvqgu67pvvtus,2,joat3.bsky.social;markthemark.bsky.social
did:plc:kwjagl2vue3iba7vqpqmw6wm,2,cvenash-vishneri.bsky.social;joat3.bsky.social
did:plc:kytbnveqrym3bgloeypbtp4r,2,convenor.bsky.social;cvenash-vishneri.bsky.social
did:plc:l2miofuwsayrohy5z2jjbkae,2,ceona.bsky.social;myosot.bsky.social
did:plc:l3nzokqarzrgqdct6ngli2ky,2,cvenash-vishneri.bsky.social;miraschino.bsky.social
did:plc:l7euf46ru6qljmtl7gz7cc45,2,cnr-isp.bsky.social;cvenash-vishneri.bsky.social
did:plc:l7s4rksndlrnouklhdrtrymz,2,markthemark.bsky.social;myosot.bsky.social
did:plc:lafbr3dznxdyvgup2umwssht,2,chrisbee.bsky.social;convenor.bsky.social
did:plc:laoqmvpaqdvyujd2x5uo4llx,2,ceona.bsky.social;markthemark.bsky.social
did:plc:laz4zuxcenfovfg6ijo6kxzw,2,ceona.bsky.social;chrisbee.bsky.social
did:plc:lens7d52dmyc2hheuxa2onyd,2,cvenash-vishneri.bsky.social;puppymelia.bsky.social
did:plc:lf6l3si6nf4ulmxcfwpkdfoc,2,ceona.bsky.social;puppymelia.bsky.social
did:plc:lkehpmh3wycaw34n7w6s2plq,2,cnr-isp.bsky.social;puppymelia.bsky.social
did:plc:lm4eq2cftwbnrmzkzowigpt7,2,cnr-isp.bsky.social;myosot.bsky.social
did:plc:lmzt3aqiwrapatudgbunoq37,2,ceona.bsky.social;puppymelia.bsky.social
did:plc:ln2j7t2znmpoiifgvdd3g7w7,2,ceona.bsky.social;markthemark.bsky.social
did:plc:lq24wom5ewxadm562eeecris,2,chrisbee.bsky.social;miraschino.bsky.social
did:plc:lq6tbupzbhlrtvo2fosp63zf,2,cnr-isp.bsky.social;cvenash-vishneri.bsky.social
did:plc:lr36xv2l64jwtnyoaqem6z2z,2,cnr-isp.bsky.social;miraschino.bsky.social
did:plc:lt7eqlk3l7u5pncvfgmcfjem,2,ceona.bsky.social;miraschino.bsky.social
did:plc:luw7pcqimp4xchky7hdkvzvd,2,convenor.bsky.social;myosot.bsky.social
did:plc:lvknxpm7ys2p44jtbtx2tz2b,2,myosot.bsky.social;puppymelia.bsky.social
did:plc:lwlwbg4mvvz4uppezlxcczm2,2,joat3.bsky.social;myosot.bsky.social
did:plc:lyrhzsfcnpthqs3t5ks6pqzv,2,convenor.bsky.social;markthemark.bsky.social
did:plc:m44am22qggkwh6xqvddql3ss,2,chrisbee.bsky.social;cvenash-vishneri.bsky.social
did:plc:m4fvxlyv4gqpugzszzp4cjxf,2,cnr-isp.bsky.social;miraschino.bsky.social
did:plc:mbxm4wdmklezjotcqa3g7uto,2,ceona.bsky.social;puppymelia.bsky.social
did:plc:mc5mvha4r4f4aupcmx24i2kn,2,cvenash-vishneri.bsky.social;myosot.bsky.social
did:plc:mi3xtl3fguopsmcfukfpp52m,2,cnr-isp.bsky.social;convenor.bsky.social
did:plc:mjobm7kwzpta3ccegkcuqlwm,2,ceona.bsky.social;markthemark.bsky.social
did:plc:mkue2jvvchc5vxsxz3wfxefr,2,convenor.bsky.social;puppymelia.bsky.social
did:plc:mljvunlf4vjxuk7vsc2g2yze,2,chrisbee.bsky.social;cnr-isp.bsky.social
did:plc:mmkg7yebgvo5phvz3qnewdlt,2,cvenash-vishneri.bsky.social;miraschino.bsky.social
did:plc:mpgrcbcjq7rq3qemfy3ldi5g,2,convenor.bsky.social;cvenash-vishneri.bsky.social
did:plc:mpoxsaax7r5rs2tgeh56nqhn,2,miraschino.bsky.social;myosot.bsky.social
did:plc:msilg2fyxj7epciwnvdizej4,2,chrisbee.bsky.social;convenor.bsky.social
did:plc:mtaf6rwgdzdwfhoba6p4bypa,2,convenor.bsky.social;myosot.bsky.social
did:plc:mvabggfcwyjwylbqot3sz3jy,2,markthemark.bsky.social;puppymelia.bsky.social
did:plc:mwhapzdwznjhcniuvjitp2yx,2,ceona.bsky.social;cnr-isp.bsky.social
did:plc:mwpiq2rr6joccohcz2urkwvn,2,cnr-isp.bsky.social;convenor.bsky.social
did:plc:myqic77tkmdhmaufgkvj43hr,2,chrisbee.bsky.social;myosot.bsky.social
did:plc:myrn3uh2efydxvoyzvk26hna,2,joat3.bsky.social;myosot.bsky.social
did:plc:myyy3sveawqwnb6d35vpp4zn,2,cnr-isp.bsky.social;puppymelia.bsky.social
did:plc:mzfr2tzjp72rhed5p6vhgkul,2,chrisbee.bsky.social;convenor.bsky.social
did:plc:mzpfn3ueikh3g4ubea63jmda,2,cnr-isp.bsky.social;joat3.bsky.social
did:plc:mzxxglwsiamwqmxqzog5wxsb,2,cnr-isp.bsky.social;joat3.bsky.social
did:plc:n4vlnjzkrroyjt4vgclsiqnr,2,markthemark.bsky.social;miraschino.bsky.social
did:plc:n63se73uov6hkfx2ugbfbjne,2,chrisbee.bsky.social;markthemark.bsky.social
did:plc:n63xghnqpcastaqblq74rhts,2,cnr-isp.bsky.social;puppymelia.bsky.social
did:plc:n6mq4akmd2gxfcduoz6yuob6,2,chrisbee.bsky.social;cnr-isp.bsky.social
did:plc:naeajl4kmjmte2zaqgpuerbp,2,myosot.bsky.social;puppymelia.bsky.social
did:plc:nblkfzawd42zaxkycspl6ggj,2,markthemark.bsky.social;myosot.bsky.social
did:plc:nehcwc3ng5igejopsi5fnqrr,2,joat3.bsky.social;puppymelia.bsky.social
did:plc:netr2avd42maq4s7ah4mm2vn,2,ceona.bsky.social;markthemark.bsky.social
did:plc:njhuquor23vkkeamltaxdsnz,2,chrisbee.bsky.social;cnr-isp.bsky.social
did:plc:njvirfwp6aicogxnkgpbcjps,2,cnr-isp.bsky.social;markthemark.bsky.social
did:plc:nl32untxngcg74dl3w7scd74,2,cvenash-vishneri.bsky.social;joat3.bsky.social
did:plc:nmz5pzgfqajvtjzdndim3awr,2,cvenash-vishneri.bsky.social;joat3.bsky.social
did:plc:npccsb474a3u5277no6e6y2g,2,myosot.bsky.social;puppymelia.bsky.social
did:plc:nqi5yli4lpmy7aoxx5boo2p3,2,ceona.bsky.social;myosot.bsky.social
did:plc:nrepv6pvm5zcexreteqt4axg,2,convenor.bsky.social;cvenash-vishneri.bsky.social
did:plc:ns7df4rged4eyrcmcec57jdr,2,chrisbee.bsky.social;convenor.bsky.social
did:plc:ntx3o4gx2wjkrmpvu7vzxjnj,2,chrisbee.bsky.social;miraschino.bsky.social
did:plc:nu5l4hek4cifv2xim3bl6we3,2,joat3.bsky.social;puppymelia.bsky.social
did:plc:numshdrxrj3d34klzovk3lqn,2,chrisbee.bsky.social;cnr-isp.bsky.social
did:plc:nvobo4je3y5mstyu6i66joor,2,cvenash-vishneri.bsky.social;markthemark.bsky.social
did:plc:nweeqmrvdmordc23oe2th3ub,2,myosot.bsky.social;puppymelia.bsky.social
did:plc:nwtivtboufftldxonvns73xh,2,ceona.bsky.social;joat3.bsky.social
did:plc:nx4erf2svcbpoz23b7hrqxme,2,ceona.bsky.social;cnr-isp.bsky.social
did:plc:ny5mscvguz4r636nekozpqac,2,joat3.bsky.social;markthemark.bsky.social
did:plc:o4h5r2albulagzxvhp634tof,2,markthemark.bsky.social;puppymelia.bsky.social
did:plc:o4trs5rhxobiogf2kqphypv3,2,chrisbee.bsky.social;cvenash-vishneri.bsky.social
did:plc:o7ycrifzwh4uuombc25uynhq,2,joat3.bsky.social;miraschino.bsky.social
did:plc:obyn7o52abvdu3a6aounc3km,2,ceona.bsky.social;cnr-isp.bsky.social
did:plc:oc5g6kf76tfuftb5v5iqbbht,2,ceona.bsky.social;cnr-isp.bsky.social
did:plc:ocjvunopg7cfmx7ve5tgmupa,2,chrisbee.bsky.social;puppymelia.bsky.social
did:plc:ocytsitctktxvp4k3n2edgta,2,markthemark.bsky.social;myosot.bsky.social
did:plc:odmevz5fq3vc2udkjvk36zfn,2,ceona.bsky.social;markthemark.bsky.social
did:plc:oe2qjvwqyt4q233zhngq2wc2,2,cvenash-vishneri.bsky.social;markthemark.bsky.social
did:plc:oflombnj6v6xyohhatfkbzyd,2,cvenash-vishneri.bsky.social;puppymelia.bsky.social
did:plc:oh3zcnfc7l62orql6oo4fhaw,2,cvenash-vishneri.bsky.social;myosot.bsky.social
did:plc:oh4nv3frwiagq4erbq23wz24,2,cnr-isp.bsky.social;convenor.bsky.social
did:plc:oiuk3t7dklb4ydzgodbcub7r,2,markthemark.bsky.social;miraschino.bsky.social
did:plc:ojj26g4woxy3npegn4fe2gjl,2,ceona.bsky.social;miraschino.bsky.social
did:plc:ojwszrpcvhwuhl4nhwactd2y,2,chrisbee.bsky.social;markthemark.bsky.social
did:plc:oogx5uk7egcpeavtomox43wn,2,convenor.bsky.social;joat3.bsky.social
did:plc:ooqwxgjv4ypw7lo47qoiuzox,2,ceona.bsky.social;markthemark.bsky.social
did:plc:orfukbskqif6bctt3kjxvbsf,2,chrisbee.bsky.social;cnr-isp.bsky.social
did:plc:os6ewhzx7unq6sw2zo2k733i,2,chrisbee.bsky.social;puppymelia.bsky.social
did:plc:otrbyeumumqet7qwme74yac4,2,cvenash-vishneri.bsky.social;markthemark.bsky.social
did:plc:ovvxxktnggqglkkwfxdpscf2,2,miraschino.bsky.social;myosot.bsky.social
did:plc:ovyajbnegrir2ddtwfhijiob,2,chrisbee.bsky.social;joat3.bsky.social
did:plc:ovyfm26mzyfuodxpwbyjawf3,2,joat3.bsky.social;myosot.bsky.social
did:plc:ox6cix4eqs4mjerfqqkiy7un,2,markthemark.bsky.social;puppymelia.bsky.social
did:plc:oysiroayvtrgoo3chy3yozn2,2,ceona.bsky.social;cnr-isp.bsky.social
did:plc:oz6bkpnskcieebyvfstd4asb,2,ceona.bsky.social;joat3.bsky.social
did:plc:p5yoii26kayabauhkym3vtms,2,cnr-isp.bsky.social;puppymelia.bsky.social
did:plc:p6xfxeazk33zdmexhrlso5b6,2,chrisbee.bsky.social;cnr-isp.bsky.social
did:plc:p72jkscm4rt4xuep3lzv6doh,2,joat3.bsky.social;puppymelia.bsky.social
did:plc:paryquvoaigmmrqzmw5c2tli,2,joat3.bsky.social;miraschino.bsky.social
did:plc:payuapqszsctf5qtj6hsa3jo,2,cvenash-vishneri.bsky.social;puppymelia.bsky.social
did:plc:pdgxj5fy43ppic5irzeclpax,2,cvenash-vishneri.bsky.social;puppymelia.bsky.social
did:plc:pfna7vcb3qt73bkmbv7op4xu,2,myosot.bsky.social;puppymelia.bsky.social
did:plc:piafpu7f26egl6g3sxotutwb,2,convenor.bsky.social;miraschino.bsky.social
did:plc:pkzc6rvtiu5ifriyrr6s2xa4,2,markthemark.bsky.social;puppymelia.bsky.social
did:plc:plsn62o4fh5yrwgnthndokhe,2,markthemark.bsky.social;myosot.bsky.social
did:plc:pminlfxu34jqsze2pu5ai4ub,2,chrisbee.bsky.social;convenor.bsky.social
did:plc:pmjpzdhhixh7mnauatxqbjn5,2,convenor.bsky.social;puppymelia.bsky.social
did:plc:pn4ftpu6gtqwa6dk4on54tfy,2,cvenash-vishneri.bsky.social;markthemark.bsky.social
did:plc:po3mb3od6pzmrq4r5wojnwag,2,chrisbee.bsky.social;myosot.bsky.social
did:plc:ppbkdntug43mp6gorq32xcq2,2,joat3.bsky.social;puppymelia.bsky.social
did:plc:ppxd6gr7vnetc7lobiiqw277,2,ceona.bsky.social;cvenash-vishneri.bsky.social
did:plc:psl3vtmvduvmmy336lqcuhfy,2,chrisbee.bsky.social;cvenash-vishneri.bsky.social
did:plc:ptgy7bgb3tccpx23risxxez7,2,myosot.bsky.social;puppymelia.bsky.social
did:plc:ptrxf2ddzwqsyzcdfpywsr3q,2,chrisbee.bsky.social;miraschino.bsky.social
did:plc:pw44wc4v5hg26mnwo66rhuhu,2,ceona.bsky.social;convenor.bsky.social
did:plc:pyf2532qtdnbdz2ruaak35w7,2,ceona.bsky.social;puppymelia.bsky.social
did:plc:q3glmp5enr5gkuu2uaosjker,2,joat3.bsky.social;puppymelia.bsky.social
did:plc:q3l7w4rqyagchhzcutn4374v,2,cnr-isp.bsky.social;markthemark.bsky.social
did:plc:q3susxnx6vzuti24i6nv7jvj,2,chrisbee.bsky.social;cnr-isp.bsky.social
did:plc:q3wb2s7xreoqmx3trqeydimz,2,markthemark.bsky.social;puppymelia.bsky.social
did:plc:q6gjnaw2blty4crticxkmujt,2,chrisbee.bsky.social;miraschino.bsky.social
did:plc:q6zqmxlmp6sdc2liakhupx5a,2,convenor.bsky.social;joat3.bsky.social
did:plc:q7gcamm2h4tiygvsd6jjuzhy,2,chrisbee.bsky.social;markthemark.bsky.social
did:plc:qas63kor2d64vac3rpczzgrn,2,cvenash-vishneri.bsky.social;miraschino.bsky.social
did:plc:qbm3elui7o2r6xtohujnpb5q,2,cnr-isp.bsky.social;convenor.bsky.social
did:plc:qbvmzulle4ytussf2qpzoqqd,2,chrisbee.bsky.social;joat3.bsky.social
did:plc:qcbppvjp4va2ovv6bjsmsgax,2,chrisbee.bsky.social;puppymelia.bsky.social
did:plc:qfrekkhphlonkdee4pgjba7s,2,miraschino.bsky.social;myosot.bsky.social
did:plc:qfwinostecndnbvwwunsmihi,2,convenor.bsky.social;joat3.bsky.social
did:plc:qmvdwxy4aiuml6lscmto6qfc,2,ceona.bsky.social;puppymelia.bsky.social
did:plc:qnd2lqn52ernybdfonq4mc43,2,joat3.bsky.social;miraschino.bsky.social
did:plc:qnhy4hutfhm2lyx4geipgoer,2,joat3.bsky.social;markthemark.bsky.social
did:plc:qo3obram42go2naow7ioqzs2,2,cvenash-vishneri.bsky.social;joat3.bsky.social
did:plc:qpqyay6mqatzyyet3jdgxiwi,2,cvenash-vishneri.bsky.social;joat3.bsky.social
did:plc:qqdiezypqy7ghf37oqitbboa,2,convenor.bsky.social;myosot.bsky.social
did:plc:qtzckelov7u3bxfxptrzd22u,2,joat3.bsky.social;markthemark.bsky.social
did:plc:qu4xxcvwtudykd3mbchawpz6,2,ceona.bsky.social;chrisbee.bsky.social
did:plc:qu5u32mm3vetl7hxtdktb4za,2,chrisbee.bsky.social;myosot.bsky.social
did:plc:qwxftspzayyqtmwv5t4rtdsm,2,myosot.bsky.social;puppymelia.bsky.social
did:plc:qxudeqrdbv6676vzjssrhllo,2,joat3.bsky.social;markthemark.bsky.social
did:plc:r2gmg2tjq2xe7qzxt7re2usw,2,cnr-isp.bsky.social;joat3.bsky.social
did:plc:r3jhbncpebnyeposo7cmqczc,2,myosot.bsky.social;puppymelia.bsky.social
did:plc:r4htmaum3mel37tvqtidnfo4,2,markthemark.bsky.social;miraschino.bsky.social
did:plc:r5ofoghdcbtjqiujqpvja4uh,2,cnr-isp.bsky.social;markthemark.bsky.social
did:plc:r6uyc7o4ysipotlnkgj7bn76,2,cnr-isp.bsky.social;puppymelia.bsky.social
did:plc:r6vamkf7iva2of644wrzfdjg,2,cnr-isp.bsky.social;convenor.bsky.social
did:plc:r6vy2ghfhw7znpjvjyjdcayd,2,cnr-isp.bsky.social;joat3.bsky.social
did:plc:ragtjsm2j2vknwkz3zp4oxrd,2,markthemark.bsky.social;myosot.bsky.social
did:plc:rbwbsrrdjxy2ovzygaohh2g4,2,cvenash-vishneri.bsky.social;miraschino.bsky.social
did:plc:rdbcvqy3jaup7i6kcu3433ev,2,convenor.bsky.social;cvenash-vishneri.bsky.social
did:plc:refbwihhzcqqfulwhcou44sr,2,cnr-isp.bsky.social;puppymelia.bsky.social
did:plc:rep5ico4ylkyztvrlwcrurwp,2,chrisbee.bsky.social;miraschino.bsky.social
did:plc:rffkyd3hlw5m7vheifn5qode,2,markthemark.bsky.social;puppymelia.bsky.social
did:plc:rfixmqbspb6j7ej6fla64hgh,2,chrisbee.bsky.social;cnr-isp.bsky.social
did:plc:rfl4ftgxpjy4wgjdckjmxd47,2,joat3.bsky.social;puppymelia.bsky.social
did:plc:rfsftsxriebjffaesiiiqzp3,2,convenor.bsky.social;puppymelia.bsky.social
did:plc:rguaa3ua7grtyp2gip4zzux4,2,cnr-isp.bsky.social;markthemark.bsky.social
did:plc:ri2qkcjghvcwv6gsi4vglnfz,2,ceona.bsky.social;cvenash-vishneri.bsky.social
did:plc:rilwzuxh74h65uqewbopldoh,2,chrisbee.bsky.social;cvenash-vishneri.bsky.social
did:plc:rjczpaotvf22sva3wheiwmgk,2,chrisbee.bsky.social;myosot.bsky.social
did:plc:rjk7x74hglhlpth4u4e45sk7,2,ceona.bsky.social;chrisbee.bsky.social
did:plc:rkreojkpystqvcsz3gy4mk7g,2,miraschino.bsky.social;myosot.bsky.social
did:plc:rpealguof6k3rbxbuourojhb,2,joat3.bsky.social;miraschino.bsky.social
did:plc:rrkcxxeqygraq4zu5woq236i,2,convenor.bsky.social;joat3.bsky.social
did:plc:rrrz7ybcoecyzw6clbrheekb,2,cnr-isp.bsky.social;joat3.bsky.social
did:plc:rs5ancahhnlih3qtylkxvhms,2,myosot.bsky.social;puppymelia.bsky.social
did:plc:rsanren2pvtaxpphprqehalo,2,convenor.bsky.social;miraschino.bsky.social
did:plc:ru5zioxqfv6fctxyl45qqcj7,2,cnr-isp.bsky.social;convenor.bsky.social
did:plc:rujntmmdqc5gd5gt776bdruc,2,chrisbee.bsky.social;myosot.bsky.social
did:plc:rws7lz4b3xtfs3ojfcvnfz7s,2,cnr-isp.bsky.social;joat3.bsky.social
did:plc:rwx2icsdnpjnmtsnvoe72533,2,myosot.bsky.social;puppymelia.bsky.social
did:plc:rxxfpggj62gesnkpceikhrvy,2,convenor.bsky.social;miraschino.bsky.social
did:plc:ry7gem5inu5ply2okjgr7xj2,2,cvenash-vishneri.bsky.social;puppymelia.bsky.social
did:plc:ryjmqqquvltpslijw3zl4fln,2,cnr-isp.bsky.social;markthemark.bsky.social
did:plc:rztvshiv2yvmio76gtftqoj3,2,chrisbee.bsky.social;cnr-isp.bsky.social
did:plc:s27gdjwij4twg7dvstuwru67,2,convenor.bsky.social;puppymelia.bsky.social
did:plc:s2ibun2lfcftexxcqsr4ryce,2,ceona.bsky.social;markthemark.bsky.social
did:plc:s4t4ce7wbksdau5aqb5aqa4u,2,cvenash-vishneri.bsky.social;joat3.bsky.social
did:plc:s6ihlc7jugnfgr2twqhyag26,2,chrisbee.bsky.social;joat3.bsky.social
did:plc:sb54dpdfefflykmf5bcfvr7t,2,cnr-isp.bsky.social;myosot.bsky.social
did:plc:sbdjsajoi6whsin4tscbyuhr,2,miraschino.bsky.social;puppymelia.bsky.social
did:plc:sfw3uytf5tfue5v6ciqtz3ve,2,chrisbee.bsky.social;puppymelia.bsky.social
did:plc:shqm3oxq55m5o3drrdpoi4w4,2,cnr-isp.bsky.social;joat3.bsky.social
did:plc:sioeztc3ud2jotsgdgvqxbbo,2,markthemark.bsky.social;miraschino.bsky.social
did:plc:slgnj2shpt4vk4cxnzgeubvj,2,markthemark.bsky.social;miraschino.bsky.social
did:plc:slmvxlepsqid4j2swdta6nyr,2,joat3.bsky.social;miraschino.bsky.social
did:plc:smaodzodw5e2pfhmnhcx573y,2,markthemark.bsky.social;puppymelia.bsky.social
did:plc:smjq3vewiokoafh5k5vdjriv,2,cvenash-vishneri.bsky.social;joat3.bsky.social
did:plc:sni5z3zjjdxrcohbgmotdjcb,2,cvenash-vishneri.bsky.social;miraschino.bsky.social
did:plc:snm2bqhircs4n75xlbagw7x2,2,ceona.bsky.social;convenor.bsky.social
did:plc:soaavtk62zkxwuapntcjoi5y,2,ceona.bsky.social;myosot.bsky.social
did:plc:srd2elpqbgoq74tmmvghfgln,2,ceona.bsky.social;miraschino.bsky.social
did:plc:srnkqtcpptdtesojmwbgoek2,2,ceona.bsky.social;chrisbee.bsky.social
did:plc:srwn7tsoakb6du733lsc6pic,2,cvenash-vishneri.bsky.social;puppymelia.bsky.social
did:plc:sssj5rmb26hwwkbrwm7nazge,2,chrisbee.bsky.social;joat3.bsky.social
did:plc:sstmfzdi4slrzxihscgo4gft,2,chrisbee.bsky.social;myosot.bsky.social
did:plc:swq6zrjee5qhh3t4vvowjawc,2,cvenash-vishneri.bsky.social;puppymelia.bsky.social
did:plc:sxjhf264cn4unugtvujt4n4x,2,ceona.bsky.social;chrisbee.bsky.social
did:plc:symglact7pb7poh4oceron46,2,myosot.bsky.social;puppymelia.bsky.social
did:plc:szr5z3fvlqpwc2pil2i5brb2,2,joat3.bsky.social;markthemark.bsky.social
did:plc:t2i6mrflec2lsnnesonn7c3v,2,convenor.bsky.social;puppymelia.bsky.social
did:plc:t46sqvutibvsmjgwn6r6izve,2,cvenash-vishneri.bsky.social;miraschino.bsky.social
did:plc:t6ubj2wlhc34awzcymh3qpur,2,ceona.bsky.social;joat3.bsky.social
did:plc:taepzfqjboufgkeewwqecbw4,2,convenor.bsky.social;cvenash-vishneri.bsky.social
did:plc:tapnxolh52t57kjgvrhcrjmf,2,chrisbee.bsky.social;cvenash-vishneri.bsky.social
did:plc:td3no5lm6gyzzjhzt67ccnt5,2,cvenash-vishneri.bsky.social;miraschino.bsky.social
did:plc:tdlkjuw7sxerajwsb5rvjvb7,2,joat3.bsky.social;myosot.bsky.social
did:plc:tds6tm2gzx5zva6gyfhtdmsp,2,chrisbee.bsky.social;puppymelia.bsky.social
did:plc:tg5zi6ichhf3cd3bwvbahdoc,2,cvenash-vishneri.bsky.social;puppymelia.bsky.social
did:plc:tjlxwiqecqshn4mhpx5nhtj3,2,convenor.bsky.social;puppymelia.bsky.social
did:plc:tmxiq3avtcall2j6pj3hw72m,2,cnr-isp.bsky.social;convenor.bsky.social
did:plc:tobjstnxqmztpmjjcnaxpzzb,2,joat3.bsky.social;markthemark.bsky.social
did:plc:tomudwgbf7754rewbwkoadhn,2,ceona.bsky.social;markthemark.bsky.social
did:plc:touv7uc4vhnwrfn7n7xxk6hl,2,markthemark.bsky.social;myosot.bsky.social
did:plc:tsk5huy4xspr4ku3smmrhe5k,2,cnr-isp.bsky.social;puppymelia.bsky.social
did:plc:tsveacqzpqosfuahoqgsfu4a,2,markthemark.bsky.social;puppymelia.bsky.social
did:plc:tu6c7n74k6qa7tktsdzlmhzp,2,chrisbee.bsky.social;convenor.bsky.social
did:plc:tuct2jsh7snpsd7ddrvdscki,2,convenor.bsky.social;puppymelia.bsky.social
did:plc:tux5p4tgopxvjqh3qwrbshjr,2,chrisbee.bsky.social;cvenash-vishneri.bsky.social
did:plc:tvc7g7sdrdq4g4nbgbeeglmp,2,miraschino.bsky.social;myosot.bsky.social
did:plc:txxvsciq7hiztf2xv37dccw2,2,chrisbee.bsky.social;joat3.bsky.social
did:plc:ty3t56dqoufkhevgxi236w2w,2,joat3.bsky.social;miraschino.bsky.social
did:plc:ty42uz67qbam52si5yduwwaa,2,myosot.bsky.social;puppymelia.bsky.social
did:plc:tygfboptpvgdyeqitnc45srj,2,markthemark.bsky.social;puppymelia.bsky.social
did:plc:tzhprkkepcsu4zwgk2l33ank,2,convenor.bsky.social;cvenash-vishneri.bsky.social
did:plc:u4kpp2uyojccc3vn3vigwbaf,2,cnr-isp.bsky.social;puppymelia.bsky.social
did:plc:u55zytuh6cdftuz4tusr74pa,2,cnr-isp.bsky.social;myosot.bsky.social
did:plc:u7u4kycemiuxfxiq67leq4o5,2,cvenash-vishneri.bsky.social;miraschino.bsky.social
did:plc:ubbw452rsazc436oq5xnagp7,2,cvenash-vishneri.bsky.social;puppymelia.bsky.social
did:plc:ubocpvxptoiknvm53d3q2uqp,2,chrisbee.bsky.social;cvenash-vishneri.bsky.social
did:plc:ueg5hblmeq2eveuulpneisv7,2,myosot.bsky.social;puppymelia.bsky.social
did:plc:ufgvwva56w3jgdw3fgvq3ydf,2,convenor.bsky.social;puppymelia.bsky.social
did:plc:uib3x5zgyorty7g45yuykcpf,2,chrisbee.bsky.social;markthemark.bsky.social
did:plc:ummd7ipmmagyascldkukxh3v,2,ceona.bsky.social;cnr-isp.bsky.social
did:plc:uogrbavhxj3da7frxpeqnxv3,2,cnr-isp.bsky.social;puppymelia.bsky.social
did:plc:upmiadaqjwo4enjvosqts6rj,2,cnr-isp.bsky.social;joat3.bsky.social
did:plc:uqizhqehf6wblmdm7wrob2yn,2,convenor.bsky.social;cvenash-vishneri.bsky.social
did:plc:uqppyrcon566pkrszusjonav,2,cnr-isp.bsky.social;puppymelia.bsky.social
did:plc:uvnsaojku6unlw3zuhyt4lzp,2,ceona.bsky.social;myosot.bsky.social
did:plc:uvycum23aik6ahfp2f23cxrd,2,cnr-isp.bsky.social;cvenash-vishneri.bsky.social
did:plc:uwppyxce7abrmblquljtozi4,2,ceona.bsky.social;miraschino.bsky.social
did:plc:uxhiwzsufuauabejcw775a2l,2,markthemark.bsky.social;miraschino.bsky.social
did:plc:uzbw6xqxcis6w2pe54nkgz3h,2,joat3.bsky.social;markthemark.bsky.social
did:plc:v27mt4u4z3wskz2cdqdilxek,2,convenor.bsky.social;myosot.bsky.social
did:plc:v2gvr3pl2uwqxues3xqs7ycj,2,ceona.bsky.social;chrisbee.bsky.social
did:plc:v35s7l2l3nyjyxvqf427r5av,2,convenor.bsky.social;cvenash-vishneri.bsky.social
did:plc:v5gxer5auwcvlurkps6s5vuq,2,cvenash-vishneri.bsky.social;miraschino.bsky.social
did:plc:v66lo42pbnhfuptab4hr7hi2,2,ceona.bsky.social;cnr-isp.bsky.social
did:plc:v75iawpjxx52japr7tfxhkei,2,convenor.bsky.social;miraschino.bsky.social
did:plc:va5sthipulczpm5ehgs7dwpq,2,ceona.bsky.social;cvenash-vishneri.bsky.social
did:plc:vawlqxvxfnakh6oofgxshkfg,2,chrisbee.bsky.social;markthemark.bsky.social
did:plc:vb34l4bq2ley5ocjwgnrohmb,2,convenor.bsky.social;puppymelia.bsky.social
did:plc:vbppdcxqp3iri4d5s56u24cd,2,chrisbee.bsky.social;markthemark.bsky.social
did:plc:vckf3haopb3yncclmf7o2m3f,2,ceona.bsky.social;chrisbee.bsky.social
did:plc:vdabazxnghujbebpi2ektqgi,2,markthemark.bsky.social;myosot.bsky.social
did:plc:vfnqtxkda7362pbuzuzenzsi,2,chrisbee.bsky.social;cvenash-vishneri.bsky.social
did:plc:vfz4baec75chj2nyggrgg6ve,2,ceona.bsky.social;puppymelia.bsky.social
did:plc:vgzwdyiwzdnfrga2xcvblvr4,2,miraschino.bsky.social;myosot.bsky.social
did:plc:vhlkkop4eb7co7psuqv7pw6z,2,ceona.bsky.social;convenor.bsky.social
did:plc:vjunghva2jofww3q4hmvtnqh,2,cnr-isp.bsky.social;cvenash-vishneri.bsky.social
did:plc:vjv2d4jjbbsd5pnmem77q55y,2,chrisbee.bsky.social;joat3.bsky.social
did:plc:vjztm7ojhnx75frvi5z7w3y4,2,convenor.bsky.social;cvenash-vishneri.bsky.social
did:plc:vkg7u4jz7nhy6qlzhgw4mt7c,2,ceona.bsky.social;markthemark.bsky.social
did:plc:vkzivxf2ew4pejtnqqufpweq,2,cnr-isp.bsky.social;miraschino.bsky.social
did:plc:vlwbxebb4wqrgh3pnrxdk4qq,2,ceona.bsky.social;convenor.bsky.social
did:plc:vqdvdayogco6eaxlqkb6bny5,2,markthemark.bsky.social;puppymelia.bsky.social
did:plc:vqka4tmwebdtqdtt63jbnx4v,2,miraschino.bsky.social;myosot.bsky.social
did:plc:vqtakzi5bityrtbjj4cfan4l,2,chrisbee.bsky.social;miraschino.bsky.social
did:plc:vujck3ucc4eiy2ittdtezn6p,2,chrisbee.bsky.social;puppymelia.bsky.social
did:plc:vuvhdvgrzcdniiiiimv4yvn4,2,cnr-isp.bsky.social;puppymelia.bsky.social
did:plc:vuvpxavjfcuiqdcjety37loc,2,ceona.bsky.social;cvenash-vishneri.bsky.social
did:plc:vvjphk3zrovltgt5sfdnyatu,2,cvenash-vishneri.bsky.social;joat3.bsky.social
did:plc:vw2ohw3cl5k7oiziviombdu6,2,ceona.bsky.social;puppymelia.bsky.social
did:plc:vxtgkvbblxslo5kq3hhyblbz,2,joat3.bsky.social;markthemark.bsky.social
did:plc:vyvjjnp4a5qqycxj7tqqkt22,2,convenor.bsky.social;myosot.bsky.social
did:plc:vzsj7ghiatwlmtukgh5dy6bi,2,ceona.bsky.social;miraschino.bsky.social
did:plc:w3ttd4w65cyppc5h6bwdshl4,2,ceona.bsky.social;myosot.bsky.social
did:plc:w4xbfzo7kqfes5zb7r6qv3rw,2,joat3.bsky.social;markthemark.bsky.social
did:plc:w5xuy2n5ht6g5mkmm5pv7l7a,2,cnr-isp.bsky.social;convenor.bsky.social
did:plc:wanvds4ywunx6nzgqpm57eas,2,chrisbee.bsky.social;convenor.bsky.social
did:plc:wbmw5r5a2j7txv72ggne2uoe,2,chrisbee.bsky.social;joat3.bsky.social
did:plc:wcmdstkjsrghcsa6e76kocbs,2,cvenash-vishneri.bsky.social;puppymelia.bsky.social
did:plc:wcn7zqiltsrhmwxvk3vgoxrs,2,chrisbee.bsky.social;myosot.bsky.social
did:plc:wcpqk6vfplhvukumgfq5h6o6,2,ceona.bsky.social;cvenash-vishneri.bsky.social
did:plc:wfl2ravh7bkggweohcllbccb,2,convenor.bsky.social;cvenash-vishneri.bsky.social
did:plc:whllvfhb4a5fy4oelms7nfut,2,cnr-isp.bsky.social;joat3.bsky.social
did:plc:wjvc76fsrmfqqtx5vuia7lrf,2,cvenash-vishneri.bsky.social;markthemark.bsky.social
did:plc:wjwrpelvqhkz45kqpz2cjj3u,2,cvenash-vishneri.bsky.social;miraschino.bsky.social
did:plc:wk7sybhegd37i7ljsltxbef6,2,cvenash-vishneri.bsky.social;joat3.bsky.social
did:plc:wkflkbryiylhva4wg5jitzrv,2,convenor.bsky.social;puppymelia.bsky.social
did:plc:wkwznppeeuglgghcet7mch4g,2,ceona.bsky.social;miraschino.bsky.social
did:plc:wmzo52iejc7x56sob2csecak,2,markthemark.bsky.social;puppymelia.bsky.social
did:plc:wnriekv7vfz4qr6xypp57z2e,2,joat3.bsky.social;markthemark.bsky.social
did:plc:wobd7kca6ine2hjnyoaxsbai,2,cnr-isp.bsky.social;joat3.bsky.social
did:plc:woi3i7myjmf5ql7nux7zgonj,2,ceona.bsky.social;cnr-isp.bsky.social
did:plc:wovz3whdkughp6decczypkqq,2,cvenash-vishneri.bsky.social;markthemark.bsky.social
did:plc:wpj5z24vsmik5ocqjybwjpso,2,markthemark.bsky.social;miraschino.bsky.social
did:plc:wqoze7zlinvlkmbrebbotfca,2,chrisbee.bsky.social;puppymelia.bsky.social
did:plc:wshistujifpkzzkwdt3a2xlv,2,ceona.bsky.social;joat3.bsky.social
did:plc:wtm3vnk3ohjx6fhrmundh4kz,2,ceona.bsky.social;markthemark.bsky.social
did:plc:x2ipadmj66yjvdqdc6s6xhwf,2,cvenash-vishneri.bsky.social;markthemark.bsky.social
did:plc:x2jcpeikks35cjcakiwg3fxn,2,chrisbee.bsky.social;markthemark.bsky.social
did:plc:x2lte6fcp42ai2vig5ltw55d,2,ceona.bsky.social;markthemark.bsky.social
did:plc:x2nsupeeo52oznrmplwapppl,2,ceona.bsky.social;puppymelia.bsky.social
did:plc:x3ui2adxty53meflbdham5ut,2,miraschino.bsky.social;myosot.bsky.social
did:plc:x4qyokjtdzgl7gmqhsw4ajqj,2,cnr-isp.bsky.social;convenor.bsky.social
did:plc:x56l2n7i7babgdzqul4bd433,2,markthemark.bsky.social;myosot.bsky.social
did:plc:xb6gqhi7rheoz6grykngvljt,2,convenor.bsky.social;markthemark.bsky.social
did:plc:xchtvvgwqx3gdgcwblwwgmxq,2,convenor.bsky.social;myosot.bsky.social
did:plc:xciroqs5w2kazs6fc6ypcbh7,2,markthemark.bsky.social;puppymelia.bsky.social
did:plc:xdgl3arfoxmewmu3nj6tpmn6,2,ceona.bsky.social;puppymelia.bsky.social
did:plc:xe5mf3rqicjqibarpwnh55xa,2,myosot.bsky.social;puppymelia.bsky.social
did:plc:xjhfiz2wdltbcok4mxacm5bd,2,convenor.bsky.social;myosot.bsky.social
did:plc:xms6imovt7srw66xclpasnov,2,ceona.bsky.social;cvenash-vishneri.bsky.social
did:plc:xo32sqgvpykv4vp65l3jnupd,2,myosot.bsky.social;puppymelia.bsky.social
did:plc:xoassxop4m6hb7jltfifb26e,2,ceona.bsky.social;chrisbee.bsky.social
did:plc:xowdjxzywnvysj7jxshhwv75,2,ceona.bsky.social;convenor.bsky.social
did:plc:xqjn5zeqnaujr6klqsdgb6sy,2,ceona.bsky.social;cnr-isp.bsky.social
did:plc:xqyqrrnlizpfruxfp3qqqbsb,2,ceona.bsky.social;markthemark.bsky.social
did:plc:xtiaups4rwybqzff4ssnyvbn,2,miraschino.bsky.social;myosot.bsky.social
did:plc:xtrplflrhtnvaiy7g3e6dzfe,2,cnr-isp.bsky.social;puppymelia.bsky.social
did:plc:xtrzqicesfwterpbweugpl4u,2,ceona.bsky.social;markthemark.bsky.social
did:plc:xv6cmzv66k2sjoxgxeg5cmj6,2,cnr-isp.bsky.social;miraschino.bsky.social
did:plc:xwa273u2xtoaab4lm5ybj2uy,2,cnr-isp.bsky.social;markthemark.bsky.social
did:plc:xwgfj4o4ouo3u7327cfjpyev,2,joat3.bsky.social;puppymelia.bsky.social
did:plc:xwlzumoeoeruhlc6heqbhiz4,2,markthemark.bsky.social;myosot.bsky.social
did:plc:xwqgusybtrpm67tcwqdfmzvy,2,convenor.bsky.social;cvenash-vishneri.bsky.social
did:plc:ydbjuqvrqpej5nlxl5pddti6,2,ceona.bsky.social;convenor.bsky.social
did:plc:ye4htupvnfjdvehquglifx45,2,cnr-isp.bsky.social;cvenash-vishneri.bsky.social
did:plc:yfazjwyw2vcdphweuepnwhcb,2,ceona.bsky.social;joat3.bsky.social
did:plc:yhcxtphccfv3jeacygabveql,2,chrisbee.bsky.social;myosot.bsky.social
did:plc:yhwb4flopeavzkwbybtojo2s,2,cnr-isp.bsky.social;cvenash-vishneri.bsky.social
did:plc:yhwyp5hu4xna5vvz5b6ahtya,2,chrisbee.bsky.social;markthemark.bsky.social
did:plc:yhxe3zhdsbys3xlecvltnp5m,2,markthemark.bsky.social;puppymelia.bsky.social
did:plc:yjl44ckrkaif35o6jfl767vp,2,cnr-isp.bsky.social;markthemark.bsky.social
did:plc:yk435jhklmlvnwficiwqj2od,2,ceona.bsky.social;cnr-isp.bsky.social
did:plc:ykjox56miee2ic6buwf2g7m4,2,cnr-isp.bsky.social;puppymelia.bsky.social
did:plc:ykth5itndllxlen5cvajmavj,2,chrisbee.bsky.social;convenor.bsky.social
did:plc:yly3aulwiwaboatf2v2pjkhc,2,ceona.bsky.social;chrisbee.bsky.social
did:plc:ymlog2xno4cpzn6gtf75nl5d,2,cvenash-vishneri.bsky.social;puppymelia.bsky.social
did:plc:yp3wawoibro6nn6pljmgjdim,2,ceona.bsky.social;markthemark.bsky.social
did:plc:yqqjonmpwaiomu5olvvmolqu,2,chrisbee.bsky.social;joat3.bsky.social
did:plc:yrjwxtjw2fmtmbaulddo7ec6,2,ceona.bsky.social;markthemark.bsky.social
did:plc:ysyvuw4fdo6j4l4i7oge6z4r,2,chrisbee.bsky.social;miraschino.bsky.social
did:plc:ytbnnav2lfoeskw2ebxsvrvz,2,convenor.bsky.social;puppymelia.bsky.social
did:plc:yteysv5adlllg4e3xek3e3uk,2,joat3.bsky.social;markthemark.bsky.social
did:plc:ytu5huq36hhe76lkt3gfvpkm,2,cvenash-vishneri.bsky.social;joat3.bsky.social
did:plc:yxh5kcse2j4nzffqxin5ps6b,2,ceona.bsky.social;puppymelia.bsky.social
did:plc:yxpt6gjfnwqttauembd3o4ed,2,cvenash-vishneri.bsky.social;markthemark.bsky.social
did:plc:yxtlgh77ufljflscr7jyx72k,2,chrisbee.bsky.social;myosot.bsky.social
did:plc:yym5dkfbnzf6lspvh4hnstjg,2,convenor.bsky.social;myosot.bsky.social
did:plc:yz6kcbukpw4iiwlr6ntjej4u,2,miraschino.bsky.social;puppymelia.bsky.social
did:plc:z6rujpf4u56jfie7aqic2nfg,2,chrisbee.bsky.social;markthemark.bsky.social
did:plc:zaqrxdh3zpbpuiqyei7pxsp2,2,cnr-isp.bsky.social;myosot.bsky.social
did:plc:zbxq6fbw575t4nakfot3epen,2,convenor.bsky.social;myosot.bsky.social
did:plc:zctaruzdzb4ji45q7uafkgkt,2,cnr-isp.bsky.social;joat3.bsky.social
did:plc:ze7cptdki6lp72soqprgrrxv,2,convenor.bsky.social;myosot.bsky.social
did:plc:zedzjdeavmz6bhrj6jpr2fyc,2,miraschino.bsky.social;myosot.bsky.social
did:plc:zenio3td64fid6cpbesbyoif,2,chrisbee.bsky.social;myosot.bsky.social
did:plc:zi5yo2qly2uary2vy563yygl,2,cnr-isp.bsky.social;convenor.bsky.social
did:plc:zjh2iues642ikz2fxzewl76q,2,ceona.bsky.social;joat3.bsky.social
did:plc:zkegd2ivd2z6mmlfppute6zj,2,ceona.bsky.social;convenor.bsky.social
did:plc:zle3bgwyyblizcdgjssq4ura,2,myosot.bsky.social;puppymelia.bsky.social
did:plc:zlh7ytbh63tqzvs2hlu5vitk,2,chrisbee.bsky.social;cnr-isp.bsky.social
did:plc:zlv6yt7cye6eihhy6cl5gl6g,2,convenor.bsky.social;myosot.bsky.social
did:plc:zlzk3w3anyqglsqqzqx6nrh5,2,convenor.bsky.social;puppymelia.bsky.social
did:plc:zon2mdcsjozagjhko64iyhbg,2,joat3.bsky.social;miraschino.bsky.social
did:plc:zutsb7ksybaps7ggkiwu4xtu,2,convenor.bsky.social;cvenash-vishneri.bsky.social
did:plc:zwlj2d6nr2yun2poyvokffjy,2,cvenash-vishneri.bsky.social;puppymelia.bsky.social
did:plc:zwqenaighdtyd54jzb6vrskh,2,myosot.bsky.social;puppymelia.bsky.social
did:plc:zxqezqfhjwidbrsvk66ded57,2,chrisbee.bsky.social;cnr-isp.bsky.social
did:plc:zysygyf3fj72pfcvnftt2r6e,2,ceona.bsky.social;miraschino.bsky.social
did:plc:222rnvnta2lbl364bog2plxw,1,myosot.bsky.social
did:plc:225ye7dykffy6bpc2ppyud37,1,markthemark.bsky.social
did:plc:22qknl7an723rt2kjsbola7u,1,cvenash-vishneri.bsky.social
did:plc:22s3osblieou32v5zvypclks,1,miraschino.bsky.social
did:plc:22tu2kcs5otohfuqfupmkisw,1,convenor.bsky.social
did:plc:22ufch5bddijel65uue35xmq,1,cvenash-vishneri.bsky.social
did:plc:22v7zatqm3ve26kmxauq7gmc,1,joat3.bsky.social
did:plc:22vxqyk2oh6lhtxq4suj3nuw,1,markthemark.bsky.social
did:plc:22x32ssxjk6rmpb3rmhdr5ec,1,cvenash-vishneri.bsky.social
did:plc:22yrum5ryon6dtovvwjttkt3,1,ceona.bsky.social
did:plc:233nx4nktup5zfopgnbhj2wk,1,ceona.bsky.social
did:plc:234e252yxxcfcr3rfesalzoo,1,miraschino.bsky.social
did:plc:234ejssjvx74w25226n2ajlx,1,cvenash-vishneri.bsky.social
did:plc:23k7crt5cbh2daamqbaotdi3,1,chrisbee.bsky.social
did:plc:23rlihhaqsgftkr5mi5fnpuj,1,puppymelia.bsky.social
did:plc:23zd5nsmmcrlcwmn3oujnelb,1,cvenash-vishneri.bsky.social
did:plc:243rjdl7ukyvk7ituhxvouym,1,ceona.bsky.social
did:plc:247e4qozghijr65vnkbjvo5f,1,convenor.bsky.social
did:plc:24myf7oht4pvw4g3yvqrhlb4,1,myosot.bsky.social
did:plc:24qbrrckxuxv27fjpql277gi,1,cvenash-vishneri.bsky.social
did:plc:24r2mmc5dtlrswdjoy6d67t3,1,myosot.bsky.social
did:plc:24wwubivjggby6unrvavcrcl,1,chrisbee.bsky.social
did:plc:25arhwjwnhaiiwv7i2gnv32v,1,markthemark.bsky.social
did:plc:25gtf52wdpwwztwgu5gakxfm,1,myosot.bsky.social
did:plc:25kx2oh4yhwpru7klsnmnfrv,1,puppymelia.bsky.social
did:plc:25nmiyt5fomdcql3thzuqyp7,1,joat3.bsky.social
did:plc:25schft2sbif7cwcih7clntr,1,cnr-isp.bsky.social
did:plc:25si7jgnzak7ajawwexjh2qa,1,markthemark.bsky.social
did:plc:25twcc54z5fpxg2kpxahdjrc,1,myosot.bsky.social
did:plc:25zohff54xjdna7jhch6qotv,1,chrisbee.bsky.social
did:plc:25zrllablzxyz73u5xcgdqb6,1,miraschino.bsky.social
did:plc:26256mupdjdbefx76y5dpkrh,1,joat3.bsky.social
did:plc:267gk63q3nctbw35d4qdyc5x,1,myosot.bsky.social
did:plc:26crysckafdfjod236spnel5,1,myosot.bsky.social
did:plc:26sdhlweee6evyzw5kqrx5ln,1,joat3.bsky.social
did:plc:26so4763weasq2kyhmdjj6td,1,ceona.bsky.social
did:plc:272su4hzqwzmteakaqzol2wd,1,cvenash-vishneri.bsky.social
did:plc:277e6k6nmgwjhug23q6mop53,1,joat3.bsky.social
did:plc:27aiejrimrpgw5lzpn7ilngv,1,convenor.bsky.social
did:plc:27bcc2g6ehzqenjdg7zscof6,1,markthemark.bsky.social
did:plc:27eihnclsnjw3h55w53g2ur2,1,ceona.bsky.social
did:plc:27fxqfnalyltosz7si3nkjox,1,markthemark.bsky.social
did:plc:27hfbgf4udek27mkl7fqbbu3,1,joat3.bsky.social
did:plc:27kjornqlagngkf3ywkfcapn,1,ceona.bsky.social
did:plc:27ku2dzlwhmyqnhdunavzhkv,1,markthemark.bsky.social
did:plc:27ozmnxxhineruksxgtzeqmz,1,chrisbee.bsky.social
did:plc:27rsyaswvs7r2nekja3wze5d,1,puppymelia.bsky.social
did:plc:2a44gqqxzlr5dsl4gleggazo,1,chrisbee.bsky.social
did:plc:2a6fautlitwr4jgoje6yf76n,1,markthemark.bsky.social
did:plc:2adtngm3y6e6ol6jastnkxzm,1,miraschino.bsky.social
did:plc:2aib3npxz72mkc4nncx5n7ci,1,chrisbee.bsky.social
did:plc:2aq6sslvlebj7us5gc5x4jrl,1,cnr-isp.bsky.social
did:plc:2atvapcw3pc5jpbxvoywejsw,1,ceona.bsky.social
did:plc:2axbrkpbr2aopqqtkzo3ahlp,1,miraschino.bsky.social
did:plc:2az2slcnhcpcq7s6v7tdywvo,1,ceona.bsky.social
did:plc:2b54rvaccqtj6ueemzxyzipm,1,joat3.bsky.social
did:plc:2baohiztgd6amcuysitrdakw,1,puppymelia.bsky.social
did:plc:2bdvzt2hkxmotsqlypjilxm6,1,miraschino.bsky.social
did:plc:2bn7ssxkp74wf5hfpxtvumdz,1,cvenash-vishneri.bsky.social
did:plc:2bqqvvbljclouzkz5r3oq36o,1,convenor.bsky.social
did:plc:2buf5x5xq4mt76rkrimnsi4v,1,myosot.bsky.social
did:plc:2bxwgcie2w4hhyrexdjj4ge7,1,markthemark.bsky.social
did:plc:2cgch734lzu24qjmtccxgpw5,1,puppymelia.bsky.social
did:plc:2cipu6b6lhyz3za3sayyi3od,1,ceona.bsky.social
did:plc:2cvimfs7npbvutkay2akt2ji,1,puppymelia.bsky.social
did:plc:2d4bhpronrjmwglph6vgarv5,1,cnr-isp.bsky.social
did:plc:2dfrp75xbzdxwiy4oaezodiq,1,myosot.bsky.social
did:plc:2dmq7m5hx36g3tpnvoexagjf,1,convenor.bsky.social
did:plc:2dnjyg3c3h42qxx6wxsvk447,1,myosot.bsky.social
did:plc:2dpnn4iybqvp62bz7sljd4oi,1,markthemark.bsky.social
did:plc:2du2vc3mgp2qm5dlvcuqepah,1,miraschino.bsky.social
did:plc:2dvcxog5z5vkps6l2rekxmh3,1,puppymelia.bsky.social
did:plc:2dwxs24526yfvmydneeu63ea,1,chrisbee.bsky.social
did:plc:2dzyut5lxna5ljiaasgeuffz,1,puppymelia.bsky.social
did:plc:2egbtmcywtn7jd4hcpmeyx6c,1,cvenash-vishneri.bsky.social
did:plc:2egpzsea27fru2vkrjgdw2ob,1,markthemark.bsky.social
did:plc:2eig2xysigprljv3jrma46ds,1,cnr-isp.bsky.social
did:plc:2eldj5tbloec27svcjtkeilb,1,chrisbee.bsky.social
did:plc:2elgkwl4ls44wxi2d3qqwksk,1,puppymelia.bsky.social
did:plc:2em5a4ru2zwm7gei2h6yvs52,1,miraschino.bsky.social
did:plc:2eqjoousysvyaak7funveoa3,1,miraschino.bsky.social
did:plc:2ernuw6moje42uliqrv2kcpg,1,cvenash-vishneri.bsky.social
did:plc:2es575o6gsnfa5r4gfmg6rta,1,chrisbee.bsky.social
did:plc:2eswdqe5bhqnsoc3d2frkize,1,ceona.bsky.social
did:plc:2eszjlw577x4wr2b7dmtevjt,1,joat3.bsky.social
did:plc:2f53assm7kqfp3vwcaohyxrd,1,markthemark.bsky.social
did:plc:2f7gsf7pixruzes6kibt6fhl,1,ceona.bsky.social
did:plc:2faxi4qcbh4wuhigrlns2bxz,1,cvenash-vishneri.bsky.social
did:plc:2fhlz3cujvupemt2toxcomuu,1,cvenash-vishneri.bsky.social
did:plc:2fzgb3vfhuid2bkzzcrknw7v,1,cvenash-vishneri.bsky.social
did:plc:2g226fxyhmdmgznrogrjglcr,1,convenor.bsky.social
did:plc:2g276mwdltb5k6kgcm4obxjk,1,puppymelia.bsky.social
did:plc:2g2fxcjjlbr56ox3gxolvzc5,1,cvenash-vishneri.bsky.social
did:plc:2g6ezapjwcdvxuig44afu2bd,1,miraschino.bsky.social
did:plc:2gcfihqepnrpv4in5mxuwqzd,1,cvenash-vishneri.bsky.social
did:plc:2gekbrgrcpao2oova3gbl5xf,1,myosot.bsky.social
did:plc:2gjc6muqw4hxzlua2yatfnyi,1,joat3.bsky.social
did:plc:2gm6yvmcxofii3d5efqnvcbc,1,miraschino.bsky.social
did:plc:2gmekvqxsemxn4sm52raxyvo,1,cnr-isp.bsky.social
did:plc:2gnkeehmgvfqhtxrxsgkebyx,1,puppymelia.bsky.social
did:plc:2gp72ohjfrajxdgavxetafzm,1,markthemark.bsky.social
did:plc:2gpra33uj63bpqo4oe42prgj,1,joat3.bsky.social
did:plc:2h5ea7ow65ryxho4vlahvt4u,1,cvenash-vishneri.bsky.social
did:plc:2h5ge7mer2v43bq7rruynvju,1,chrisbee.bsky.social
did:plc:2hqurzyymn4fjaqvm6eba36d,1,myosot.bsky.social
did:plc:2htvfxjvcdgvypbxkvx6z2sh,1,markthemark.bsky.social
did:plc:2i44jk26shl7v37c75nozhhe,1,joat3.bsky.social
did:plc:2ie3qvil2emnal73vy3rqpfp,1,convenor.bsky.social
did:plc:2igp6w7n3dwq4hcda5x5ptnd,1,markthemark.bsky.social
did:plc:2ihabbgqhlzquktziqbrawo3,1,markthemark.bsky.social
did:plc:2ilxzycbuz7rouezindmysda,1,joat3.bsky.social
did:plc:2ivbqme2abwovegy4qrc75qm,1,joat3.bsky.social
did:plc:2iwme7fgsqcesd4msiifwayf,1,miraschino.bsky.social
did:plc:2izqxwlmw5rlkgfmiron4rpa,1,markthemark.bsky.social
did:plc:2jas2nlgpaygmujrjamoftj7,1,markthemark.bsky.social
did:plc:2jdigazatospwsmoimg4gehx,1,myosot.bsky.social
did:plc:2jf3yjc7fzmkatgrzftj7yft,1,puppymelia.bsky.social
did:plc:2jia3czdcfewgcz4avb5vdv3,1,ceona.bsky.social
did:plc:2jjabyadebuys5dx5c5esy6g,1,convenor.bsky.social
did:plc:2jkhlqvbhakuva6vtm5regvf,1,cvenash-vishneri.bsky.social
did:plc:2ju5cb5n6n5xk6e6kpxcbzht,1,puppymelia.bsky.social
did:plc:2k2yxfiooc5zjncyihtvx2tt,1,ceona.bsky.social
did:plc:2k6cnqxu3dxvtwpgpyoq3a5l,1,chrisbee.bsky.social
did:plc:2kfemzpsbyfpzkp4op6dopoj,1,myosot.bsky.social
did:plc:2l2t4kzjb3ypvhchc23bywr6,1,ceona.bsky.social
did:plc:2lbulhtjgk6snkvtv7qm5gog,1,markthemark.bsky.social
did:plc:2lgpw6jjg6da5hcrfptrpoy2,1,chrisbee.bsky.social
did:plc:2lgvcvk56w2mswejitm3iy64,1,miraschino.bsky.social
did:plc:2llddhzp7kietow3npswbcqh,1,miraschino.bsky.social
did:plc:2llplqfpjyodheslp2bkafav,1,myosot.bsky.social
did:plc:2lpcgh6p3mcre7ssa6643ha3,1,miraschino.bsky.social
did:plc:2lpt6woqyi2rdkwsphuev5e2,1,puppymelia.bsky.social
did:plc:2lr6vz6oda5xryr4rnoqw7s7,1,miraschino.bsky.social
did:plc:2lt3yvlxkor6p3s6tjq3cnmb,1,convenor.bsky.social
did:plc:2m43rzylsckv2xn3ivlnkzbu,1,puppymelia.bsky.social
did:plc:2megf4wm4zbyel5soyu7u7xk,1,ceona.bsky.social
did:plc:2mhcf74vqcaa4hz36njfdtn5,1,convenor.bsky.social
did:plc:2mqg2hkkuwv6adffelm5h6no,1,miraschino.bsky.social
did:plc:2mqjl26lmxu2gqlwl6f4ubw6,1,myosot.bsky.social
did:plc:2mtuchorrzkka7nydycb5d3f,1,puppymelia.bsky.social
did:plc:2mwevsq2wdgqgq2ck3rijpoy,1,myosot.bsky.social
did:plc:2mxsnsvgzeguiyjl2finwrcn,1,miraschino.bsky.social
did:plc:2myquedyfoedt66tt3orcglq,1,markthemark.bsky.social
did:plc:2n3f26mcygebt4xgcp6x22xr,1,cnr-isp.bsky.social
did:plc:2nfkhoqjldq6nopbt4lii57z,1,puppymelia.bsky.social
did:plc:2nh2yfgyvadt6njeblfll5eq,1,chrisbee.bsky.social
did:plc:2nh4jujzig7l4bgqoif5e3yk,1,miraschino.bsky.social
did:plc:2nh77jxvrbsyetftt2vjy7ab,1,puppymelia.bsky.social
did:plc:2njf2xcghamd2koejbwxzei2,1,ceona.bsky.social
did:plc:2nl4zuay7snn3uad4y4dfvtm,1,ceona.bsky.social
did:plc:2nlulhjlef24kt5uwkcus2gb,1,miraschino.bsky.social
did:plc:2npl4o3f56luyf7nsgv6ooma,1,cnr-isp.bsky.social
did:plc:2nqgu6afmgldpnvlyukwl5bx,1,joat3.bsky.social
did:plc:2nsqcxlqck63dg6rcigza57f,1,myosot.bsky.social
did:plc:2nu672jgntjka5pbolhmbaeu,1,cnr-isp.bsky.social
did:plc:2nwxwnckaqlzrtsvyap53cpf,1,chrisbee.bsky.social
did:plc:2o2jai5wtubrlt7d6wy72hyx,1,chrisbee.bsky.social
did:plc:2o2ou5ij6jrxyczk3nusu42b,1,joat3.bsky.social
did:plc:2o6ub2blbxfvkl6g6xlv3wi3,1,joat3.bsky.social
did:plc:2odjl4zkibj3muqf6tqtksgi,1,ceona.bsky.social
did:plc:2ohck6kojctab5opgctruato,1,cvenash-vishneri.bsky.social
did:plc:2on5b6hm5j6ekfwivpbdv27o,1,myosot.bsky.social
did:plc:2oq2fcray2hhljtc2e6b7c33,1,ceona.bsky.social
did:plc:2orsuabrdskjpuglpru77po2,1,convenor.bsky.social
did:plc:2perbbs6xbejjfxfbr6774wr,1,puppymelia.bsky.social
did:plc:2po3tv3pcz2bavpxlowbwwdr,1,ceona.bsky.social
did:plc:2pofdhaaxh34zx2gbprrg7ob,1,ceona.bsky.social
did:plc:2prr2hgnyea4jynepxk4uhs5,1,joat3.bsky.social
did:plc:2ptflo6kuxsannbfvnkt6bic,1,ceona.bsky.social
did:plc:2pv3u74wolveizhq4gz5vjrn,1,chrisbee.bsky.social
did:plc:2pwml43pyn2wsfi5yldugxsr,1,cvenash-vishneri.bsky.social
did:plc:2pwmyfn4vd2mhwvc426hprh4,1,miraschino.bsky.social
did:plc:2pzfly3lg7aw7z63tkjmgymd,1,cvenash-vishneri.bsky.social
did:plc:2q5bmos7izvoe4phqdnslpj7,1,markthemark.bsky.social
did:plc:2q5n6ogdhgdazwrcvplptn2i,1,ceona.bsky.social
did:plc:2q7uobnp5dds3bwajjv62d47,1,convenor.bsky.social
did:plc:2q7ylne7h7jywyu5wtm3diga,1,puppymelia.bsky.social
did:plc:2qctdysziqdbqr3iap334re4,1,miraschino.bsky.social
did:plc:2qhgfimuxmbp2q2cdtkoweyl,1,ceona.bsky.social
did:plc:2qj3l7y5znmuthozjsgxpd3f,1,miraschino.bsky.social
did:plc:2qphkesytn7nnprj7yu6px6t,1,markthemark.bsky.social
did:plc:2r2qdai2jo6zhoghqhyqin76,1,convenor.bsky.social
did:plc:2r5cwgnhw4n6jxrsrq6dg6lk,1,chrisbee.bsky.social
did:plc:2re43n7kdgw67kjad26xu7wb,1,miraschino.bsky.social
did:plc:2rscg4zqtmxm6g63stczusyd,1,cvenash-vishneri.bsky.social
did:plc:2rsvgho2tctulzqgaob5pmng,1,convenor.bsky.social
did:plc:2rve3t6w35wvsvswrvirngki,1,chrisbee.bsky.social
did:plc:2rz7suywrb2vdbgvdxlcffjo,1,markthemark.bsky.social
did:plc:2s5qvmrrdxkhusnstrrextkr,1,joat3.bsky.social
did:plc:2sgmxa7pyza2nl55ffjfwefe,1,cnr-isp.bsky.social
did:plc:2spry6tj5jfrix64d22kefis,1,chrisbee.bsky.social
did:plc:2sxckeatjvubgh763kd3zmd4,1,ceona.bsky.social
did:plc:2tau22qmqcmsn3cxaz6xwpgr,1,ceona.bsky.social
did:plc:2tbroacbwgyp6drtn2otiy77,1,chrisbee.bsky.social
did:plc:2tegcdbi3gowbsjczlbpic26,1,cnr-isp.bsky.social
did:plc:2tguv47rpqplcygiruhbv5yz,1,miraschino.bsky.social
did:plc:2tt7dyj5nf4avpjkwpylst32,1,markthemark.bsky.social
did:plc:2tt7lcbnhgdz5qiojankgfmm,1,myosot.bsky.social
did:plc:2tthxgt2h7vhgjhknbf26c2f,1,markthemark.bsky.social
did:plc:2tv3j5gh2p5dldjljhmzdmew,1,myosot.bsky.social
did:plc:2u277zgkthtnpcjai7xqx4bc,1,puppymelia.bsky.social
did:plc:2u2y6gjkj5ytdkgmui3aovd5,1,myosot.bsky.social
did:plc:2ueleapjiz6ktzqw4mlsfuuz,1,miraschino.bsky.social
did:plc:2ugobignp3icaifc5yob36ia,1,cvenash-vishneri.bsky.social
did:plc:2ukjvg3eyhjhrg6dr5k6en3v,1,joat3.bsky.social
did:plc:2usqf2tvsm3rctzfv3jh7lws,1,joat3.bsky.social
did:plc:2uw6mvtbjmq32sqlzvtskr5l,1,myosot.bsky.social
did:plc:2uwxs3zi53duh6eqtyqxxxed,1,joat3.bsky.social
did:plc:2uza6rcheg3vpvszuukut6xb,1,markthemark.bsky.social
did:plc:2v2da7xdveneiepwkjfbzogh,1,cnr-isp.bsky.social
did:plc:2v5ll2cnlubrr2lvghbyndor,1,markthemark.bsky.social
did:plc:2viw5ne2ugqbowzpfhcxiv62,1,myosot.bsky.social
did:plc:2vohd6ol7haru32a5mdvwspw,1,cnr-isp.bsky.social
did:plc:2vr4tfdmedz6kuk6gr7zkiw2,1,ceona.bsky.social
did:plc:2vrbb5rfcqez75pn22ilh7i3,1,chrisbee.bsky.social
did:plc:2vu3a22dpcnjcufnmtnl62vr,1,markthemark.bsky.social
did:plc:2w4eemnuotoojssftepg6gyt,1,cvenash-vishneri.bsky.social
did:plc:2wi4vq2lwdfpmbxopryl5btn,1,markthemark.bsky.social
did:plc:2wnozfhdpmxi65qjt2pi3g6c,1,ceona.bsky.social
did:plc:2wswm7qakcr2jw6x2c5veq6c,1,myosot.bsky.social
did:plc:2wuygrdolpfn2tmsyt6zupfy,1,joat3.bsky.social
did:plc:2wxkdwpu5v66xkue5ti62y6u,1,ceona.bsky.social
did:plc:2xdbq2tz43ku6t6vooqrc2bk,1,puppymelia.bsky.social
did:plc:2xdmk6mzazw3rpn3gwlf7lft,1,myosot.bsky.social
did:plc:2xfccxia4t234diuubuqqkkn,1,cnr-isp.bsky.social
did:plc:2xjg7msr4qapwbkfj6wevgdr,1,markthemark.bsky.social
did:plc:2xk3e54gjsfshxyslogkl66p,1,chrisbee.bsky.social
did:plc:2xmyrlbajfevm6xebndvbyu4,1,miraschino.bsky.social
did:plc:2xrtwyhswxyodcgkrx6ax33d,1,myosot.bsky.social
did:plc:2y5v3ll5h7om4j26n6latehw,1,myosot.bsky.social
did:plc:2y6teumibmtemhu7wjddgu76,1,miraschino.bsky.social
did:plc:2ybuqb3n2dlfzraz6q6fs25u,1,puppymelia.bsky.social
did:plc:2yg4suvos7pzi2uo5vvsuyyf,1,myosot.bsky.social
did:plc:2ykxl2l4rbgwnks74axv537k,1,ceona.bsky.social
did:plc:2ylr63qf5wsxduszs7meic5p,1,cnr-isp.bsky.social
did:plc:2ymu2vgkp3qvjbcsikjb3jfq,1,ceona.bsky.social
did:plc:2yp6g7aqepdbjup33qrosebv,1,joat3.bsky.social
did:plc:2yw5xnggljibtjcvpgdclz4q,1,miraschino.bsky.social
did:plc:2zd7mcog2b4n46zs4mpygygs,1,myosot.bsky.social
did:plc:2zjtejzetlp53cxaeg4pfsez,1,convenor.bsky.social
did:plc:2zvubxcemewnb3qn7o4if64j,1,convenor.bsky.social
did:plc:2zwatsxakk6rvkvha5tabkfb,1,convenor.bsky.social
did:plc:32aay4pqn6vpnicusyf2g42v,1,markthemark.bsky.social
did:plc:32kibsnp26xcpwm64odn2i7v,1,convenor.bsky.social
did:plc:32p4ydrp7d3cny3l7l3padjx,1,markthemark.bsky.social
did:plc:32t746ym32sj44mr4sds5ewd,1,myosot.bsky.social
did:plc:32uvys2rixzrjnxrvc6zuvxn,1,miraschino.bsky.social
did:plc:32zqcdla2naqd4jlw72hhmzd,1,chrisbee.bsky.social
did:plc:333zdxoromqe3syru67dr4y5,1,chrisbee.bsky.social
did:plc:336afzjehmrfbor3nxzx37fl,1,convenor.bsky.social
did:plc:33j44kfiu2qu5wpl3wv63ebj,1,cvenash-vishneri.bsky.social
did:plc:33sx77v5i5mmqkef76ovq2s5,1,myosot.bsky.social
did:plc:33y7cljk4f2b7ltrbw557bcb,1,chrisbee.bsky.social
did:plc:33ztzjqwrvevefo25wtbjybi,1,myosot.bsky.social
did:plc:346cb5mfccoyp43w3adlzmpi,1,convenor.bsky.social
did:plc:34azdo4afulbvvxocqrrc3v6,1,chrisbee.bsky.social
did:plc:352ocdgph2fpyb64eiaska3v,1,cnr-isp.bsky.social
did:plc:353vgegwwfop3ec2unw23ffm,1,markthemark.bsky.social
did:plc:356iwkdftqwl6uw4a72aicnj,1,miraschino.bsky.social
did:plc:356z2tvzsm4ivukubgtgzqxf,1,miraschino.bsky.social
did:plc:35fn3m7ocm2ammvpzoiesh7j,1,convenor.bsky.social
did:plc:35hzat7bcbpasz6m5qgrx5ld,1,cvenash-vishneri.bsky.social
did:plc:35nqkey35krqhux6ao4puzpm,1,chrisbee.bsky.social
did:plc:35pczu2xumjm7ruw3elv64a7,1,miraschino.bsky.social
did:plc:35powjkfqch6pywxqrbdxk7x,1,myosot.bsky.social
did:plc:35wdm2j6dkoenj2uk4xoqwox,1,myosot.bsky.social
did:plc:35wjffhw6nuy6tr5x5b4rzyv,1,myosot.bsky.social
did:plc:35xyz7ilaqkp5gbuqxrxi4o6,1,ceona.bsky.social
did:plc:35yo3aje5ujktfmuq4sa5szu,1,cvenash-vishneri.bsky.social
did:plc:35z7i5snagosyuiodwjtrzwm,1,cnr-isp.bsky.social
did:plc:367xslaphb35mouqpsdzeddc,1,chrisbee.bsky.social
did:plc:36alcwguzlukikebqyienlyy,1,markthemark.bsky.social
did:plc:36hqooiwcmgr3vfc4ovmi2bd,1,joat3.bsky.social
did:plc:36ihl6jcj2quqyux3zsqpk47,1,ceona.bsky.social
did:plc:36j4cswvpwuet5llwxjfjytz,1,puppymelia.bsky.social
did:plc:36jf3cibx5co5hmiknqtw7dd,1,myosot.bsky.social
did:plc:36jy4ec3oqmyl7wjrp2nptsh,1,markthemark.bsky.social
did:plc:36l5yaf6uf47yiseij2i4pg7,1,convenor.bsky.social
did:plc:36mblrgaoi26sgq6ssmkrwaa,1,joat3.bsky.social
did:plc:36wkjflapwvsrcsfcjwyjv7j,1,cvenash-vishneri.bsky.social
did:plc:375tiijsv3an5v2u6kbp6gs5,1,myosot.bsky.social
did:plc:37owzde5qe4u5esqy26ucuij,1,joat3.bsky.social
did:plc:37perdj2mub7q3wbyn7yylik,1,convenor.bsky.social
did:plc:37vhptb43r3jwk6z4bowwwu6,1,myosot.bsky.social
did:plc:37wpg6rg4a6f5j2stes2oz6s,1,joat3.bsky.social
did:plc:3a2nswsrnhdbrdbv25d3rlie,1,convenor.bsky.social
did:plc:3a2vqx5jnnywl7jeap5d6xab,1,joat3.bsky.social
did:plc:3a2zme4nmhhqun3rjs657wdl,1,cvenash-vishneri.bsky.social
did:plc:3aeskgbrjanrt7zi34d2gw7l,1,puppymelia.bsky.social
did:plc:3agufscomhm247elwt4awghf,1,chrisbee.bsky.social
did:plc:3am7ou3yushm5444fpg4kogs,1,myosot.bsky.social
did:plc:3aqginvlqozpbzis2meufp5a,1,cvenash-vishneri.bsky.social
did:plc:3as3aesmlrsft45vxvhqlz5a,1,markthemark.bsky.social
did:plc:3atm4bo356zlo5avha3bqbin,1,ceona.bsky.social
did:plc:3axvklkespk2ojr4ewg73utw,1,cnr-isp.bsky.social
did:plc:3aynbopfihhejvhptwviff64,1,chrisbee.bsky.social
did:plc:3b5nglc5zgaynlzxdjkt34cr,1,chrisbee.bsky.social
did:plc:3belalqyyshem6kgoxod3vxa,1,convenor.bsky.social
did:plc:3bikbcfsa6mxdaqxrdqr5khw,1,miraschino.bsky.social
did:plc:3bsusgaqi7bl2bxtnstyrjrg,1,cvenash-vishneri.bsky.social
did:plc:3btojk6ppp67u6d3o6b6kgrp,1,cvenash-vishneri.bsky.social
did:plc:3bv6fgizbmt6rgw2t7bzyetr,1,miraschino.bsky.social
did:plc:3bvhdqtydlbtqdi56ga4x6ra,1,puppymelia.bsky.social
did:plc:3bxdbdub3k5l2fhfxe43pg5p,1,ceona.bsky.social
did:plc:3cj3rk6tdj6shmq3vlyvgd7s,1,ceona.bsky.social
did:plc:3cj63bm5lp7vtshcmi64jcu6,1,joat3.bsky.social
did:plc:3ckj45irz73nt3u3uz4w7mkr,1,miraschino.bsky.social
did:plc:3cmjvlvzdyydktoshbs27z64,1,cnr-isp.bsky.social
did:plc:3cv7omcl5rqltsi7m37objct,1,myosot.bsky.social
did:plc:3d6grqbb32275blefoylue3v,1,ceona.bsky.social
did:plc:3dexqz4aibbahbgflzj4y4oj,1,convenor.bsky.social
did:plc:3dezarxwwx5pfe4frk5jzhzi,1,joat3.bsky.social
did:plc:3dmszq7yrjy3dxgqyguukfc4,1,cvenash-vishneri.bsky.social
did:plc:3dpbv7yp3jmf3scikqncr2mu,1,myosot.bsky.social
did:plc:3dswxngkt6v364kz576bbg4x,1,puppymelia.bsky.social
did:plc:3dt4dz5xu7y6vkssdh73jcpw,1,myosot.bsky.social
did:plc:3dwt5x36j6qy3njnlpqrw7go,1,markthemark.bsky.social
did:plc:3e72ewpbab7snvdehtjiifpj,1,markthemark.bsky.social
did:plc:3edjnfkiijipjw2marimerwd,1,cnr-isp.bsky.social
did:plc:3eh252jywc4aomr7qtg4buum,1,convenor.bsky.social
did:plc:3eperq5plthsj2lqoayszspt,1,markthemark.bsky.social
did:plc:3ervi2ajtapomyvjvui476th,1,miraschino.bsky.social
did:plc:3esdkalksvfxap5swf6tlq6n,1,ceona.bsky.social
did:plc:3eswktykpaij67aqscgx2t7m,1,miraschino.bsky.social
did:plc:3evu7wzlzqx2vvbkegoeb7h2,1,cnr-isp.bsky.social
did:plc:3exumyth422nbuaw7qltugjt,1,ceona.bsky.social
did:plc:3eyacsduom3r235oegkfgxrp,1,chrisbee.bsky.social
did:plc:3ez6aj6laoqla4lu4z45yu2w,1,cvenash-vishneri.bsky.social
did:plc:3fahmt6bthhw5tmyd3umga3v,1,puppymelia.bsky.social
did:plc:3fc46xyaqvj7av2oafwywquh,1,cnr-isp.bsky.social
did:plc:3fm3cmkzsu6fxon4cqdcvi3a,1,markthemark.bsky.social
did:plc:3fq4ivzfg76eokrkmtsgsval,1,convenor.bsky.social
did:plc:3fvvgiejhftkz4v43d7rhusr,1,ceona.bsky.social
did:plc:3g245rssvojeb7c6waaq2s2d,1,ceona.bsky.social
did:plc:3g452bnbynvyr2acqjo7bslo,1,cvenash-vishneri.bsky.social
did:plc:3gbzutm7weq4br3dvenmchxc,1,cvenash-vishneri.bsky.social
did:plc:3gdjt3lrpgstqczoqyzwmcvy,1,ceona.bsky.social
did:plc:3gg7ebzwuzhzthhmr5owmmwg,1,chrisbee.bsky.social
did:plc:3glgxlntzdmxqs6nwzrwx3jd,1,cnr-isp.bsky.social
did:plc:3gpbam5ydhef2bvgr6xsqgct,1,ceona.bsky.social
did:plc:3gtnpnoebpbpuhuclemnbm7m,1,ceona.bsky.social
did:plc:3gtrmy7kyot5kllbwokoxdlv,1,myosot.bsky.social
did:plc:3gvzguhtwtaztmafiheeosnm,1,puppymelia.bsky.social
did:plc:3h743hjra22ar6dkzohsrzah,1,cvenash-vishneri.bsky.social
did:plc:3hb6fho37tflfmjil5qur2vn,1,puppymelia.bsky.social
did:plc:3hi2u6oihw3224vlffqyc3rf,1,cvenash-vishneri.bsky.social
did:plc:3hinhka4krokrcuus2oyepkx,1,chrisbee.bsky.social
did:plc:3hpzaayax2adhdm3avpdddpm,1,cnr-isp.bsky.social
did:plc:3hrcr3djv2hpgbfo6v4tifxn,1,markthemark.bsky.social
did:plc:3hsqhci6h6ccqip55dn7vzse,1,puppymelia.bsky.social
did:plc:3hxhigan45ugld5i7azapqle,1,cnr-isp.bsky.social
did:plc:3igsgs5vgfbbnrdafjsdid7f,1,chrisbee.bsky.social
did:plc:3ihtjadp6rqnhyhagqlprg37,1,cvenash-vishneri.bsky.social
did:plc:3ilmczy67hnrjbm4zgrdwndk,1,joat3.bsky.social
did:plc:3ilzhrzkar3icae4mfyupmqp,1,miraschino.bsky.social
did:plc:3j5ncgls55tpxefn6mwkfb72,1,cnr-isp.bsky.social
did:plc:3jmww34janlwgyijperkciie,1,convenor.bsky.social
did:plc:3jppdbsku7tv2gznttxs3uzn,1,ceona.bsky.social
did:plc:3jrewv2dlgnftfclit2p3jmy,1,cvenash-vishneri.bsky.social
did:plc:3k6pticv2dusa7t3xjwmd56n,1,cnr-isp.bsky.social
did:plc:3kjbkvwa2yfjkrkdbxzjqh73,1,miraschino.bsky.social
did:plc:3kkxx4l2sjrjjc5odv4sxzqh,1,cnr-isp.bsky.social
did:plc:3kmyeu4ic4asefuvh22kzbyh,1,cvenash-vishneri.bsky.social
did:plc:3kppm53lzw2bmsoh2gmgplga,1,ceona.bsky.social
did:plc:3ksajiny4d2ikajrnqboorws,1,markthemark.bsky.social
did:plc:3l7icyqsivc6zw6oxaxb2gqa,1,joat3.bsky.social
did:plc:3lbylfszm7fdpvmnklogyypw,1,cvenash-vishneri.bsky.social
did:plc:3letu26xdbqd4zallztv4cbo,1,myosot.bsky.social
did:plc:3lmvi2grdey7drdvezgu7a62,1,puppymelia.bsky.social
did:plc:3lpbgr7yxogsohmcnvrzupwt,1,puppymelia.bsky.social
did:plc:3lpetkdupzayj4rxobrvpsoz,1,cvenash-vishneri.bsky.social
did:plc:3ls3nyrwpg55g4g64gyiwqmn,1,cvenash-vishneri.bsky.social
did:plc:3lulotr6ly4brj5j2d72wymq,1,puppymelia.bsky.social
did:plc:3m55athf3x2okfxx6xfvtrwa,1,myosot.bsky.social
did:plc:3mntxgtwf2orxuuvh3swxhr3,1,cvenash-vishneri.bsky.social
did:plc:3mq5y6g3m5mlrr5c3wtweie6,1,joat3.bsky.social
did:plc:3mrloq3xnixcgn3bcarysqmk,1,puppymelia.bsky.social
did:plc:3muonlykeak64roaouaxxnxk,1,joat3.bsky.social
did:plc:3n4g7x7z2g242z34eevvgbmo,1,puppymelia.bsky.social
did:plc:3namddoppqbl6wdcpsevhznk,1,markthemark.bsky.social
did:plc:3nlqfidj6mzuktxlvjrlw4qh,1,cvenash-vishneri.bsky.social
did:plc:3nu4fobw2i5yhba4nbk6owkq,1,puppymelia.bsky.social
did:plc:3o7o4uqjsnfgnayws3l2onuk,1,cnr-isp.bsky.social
did:plc:3ogio27f6ayhzlgtvdl63zfw,1,joat3.bsky.social
did:plc:3omcxrarbvi6fdnibxevxlpk,1,miraschino.bsky.social
did:plc:3omgpdswrobmlqbq6q6pcmft,1,chrisbee.bsky.social
did:plc:3omkthjrqpefw4eqxultxg4y,1,miraschino.bsky.social
did:plc:3oql2pn775igix25hexefuzv,1,markthemark.bsky.social
did:plc:3pawhobwb7zbuni2uv52omb4,1,myosot.bsky.social
did:plc:3pmrx7dclxjfk4fu4zlunk6t,1,chrisbee.bsky.social
did:plc:3pn7yinitezjb7qak54hroe5,1,puppymelia.bsky.social
did:plc:3pq44vd5l5npcdf6hvuklm56,1,cvenash-vishneri.bsky.social
did:plc:3pto24hgaeuqbrafvskaxkcj,1,myosot.bsky.social
did:plc:3ptwjyxtszedewmllnzovqtd,1,myosot.bsky.social
did:plc:3q5wdv5hxq74cs2okk3mofpp,1,cvenash-vishneri.bsky.social
did:plc:3qa37jzwbvxpbfzaqo34z5ab,1,joat3.bsky.social
did:plc:3qad76gkzttiwst2bqzwnwit,1,convenor.bsky.social
did:plc:3qaysq7syvvhvc6jtqku4mdh,1,chrisbee.bsky.social
did:plc:3qiwti6cmct62yo5qqxkalil,1,joat3.bsky.social
did:plc:3qlrhchkhrn4nou5jcxekwqu,1,joat3.bsky.social
did:plc:3qopxphqcqe7sx4qjkpyoxqz,1,miraschino.bsky.social
did:plc:3qoxwtqqiprfyqdbi4mmwnkx,1,miraschino.bsky.social
did:plc:3qpjxt7lez7zvigx4cwxmrry,1,joat3.bsky.social
did:plc:3qptukurts456t6ug7me4o62,1,markthemark.bsky.social
did:plc:3qqmthg7uxq2pqphcjmov6t2,1,chrisbee.bsky.social
did:plc:3qtf2sem5dv3igpf5mdv6mgp,1,myosot.bsky.social
did:plc:3qxev3s7ufxk75rwwfkovtha,1,convenor.bsky.social
did:plc:3rb44yntledhshcarv57giww,1,markthemark.bsky.social
did:plc:3rci5yy54zvc23fow2sr3mfy,1,miraschino.bsky.social
did:plc:3rcuvjohvciqbo7qaucr2aan,1,miraschino.bsky.social
did:plc:3rekbblj5rufiyzetbm3puk6,1,ceona.bsky.social
did:plc:3rp55axwt3oigwhhlgmswc5w,1,cvenash-vishneri.bsky.social
did:plc:3rth4wxen2dmu3fjsaw7itwz,1,ceona.bsky.social
did:plc:3s2chfwpiqw4yehshol4oy43,1,convenor.bsky.social
did:plc:3s57krp5ghuj3ba3wmrk5k7m,1,cvenash-vishneri.bsky.social
did:plc:3s65wsjt5xetsbv7abadfshl,1,cvenash-vishneri.bsky.social
did:plc:3s7t2dgxe65rywopffct47vd,1,myosot.bsky.social
did:plc:3scl4fhcaedvakdkrvzuo7fe,1,cvenash-vishneri.bsky.social
did:plc:3szguslgssqxfywgfehnkhtj,1,chrisbee.bsky.social
did:plc:3t5csvmydpx546kpvhb6x2fy,1,cnr-isp.bsky.social
did:plc:3t67stsdzuekumuatqfm4ike,1,miraschino.bsky.social
did:plc:3t6p72tfzqoatz3kzu6qf242,1,chrisbee.bsky.social
did:plc:3tkzluoac2gl7jmdktnmz4z2,1,cvenash-vishneri.bsky.social
did:plc:3tmtbhttwq4d3li7m4pc22aw,1,cnr-isp.bsky.social
did:plc:3to2i6ksvd4h43snom5n3nsy,1,markthemark.bsky.social
did:plc:3tr253zg2rx2m6j4nfk5w7zp,1,miraschino.bsky.social
did:plc:3tt2d7i3f3rptna5e3aziuet,1,cnr-isp.bsky.social
did:plc:3u3y73qfg4od5wqsmqdor5av,1,joat3.bsky.social
did:plc:3u6jglswknzfhqsre5zzs5vl,1,markthemark.bsky.social
did:plc:3ugqbcpgjfhcgxcw2lz6rqc5,1,chrisbee.bsky.social
did:plc:3uh7r6kkfktmsppehznkobzu,1,ceona.bsky.social
did:plc:3uokuhs4aljdx5rka5dhojcx,1,convenor.bsky.social
did:plc:3urcr5ngpknr53mpbq7zqxyu,1,puppymelia.bsky.social
did:plc:3uzpimurt7gd64zlonvdjbmw,1,cnr-isp.bsky.social
did:plc:3vdfdiffajpthui5xjpy24wd,1,markthemark.bsky.social
did:plc:3vjhdokv3ti3atfhnc4ipdcb,1,chrisbee.bsky.social
did:plc:3wdfoo2ul6ptndaw4gvtogry,1,chrisbee.bsky.social
did:plc:3whayc6ik5unbsaek2drttjc,1,miraschino.bsky.social
did:plc:3wngrliuslvlynn44fotz5g5,1,joat3.bsky.social
did:plc:3wujo4cxqufiza4vud6qcm34,1,chrisbee.bsky.social
did:plc:3wuydmiizgqfxvywy3jzp23b,1,cnr-isp.bsky.social
did:plc:3x3lhfbj2p6bk544jnpspnvh,1,convenor.bsky.social
did:plc:3x5tvn7ly52oiionow2uy4jl,1,miraschino.bsky.social
did:plc:3xalu4a5isi25da6pfwalzvj,1,miraschino.bsky.social
did:plc:3xf5g2f5pvfjkv6xy3nijpef,1,convenor.bsky.social
did:plc:3xlzyltvrca3fmm4jccwlebo,1,ceona.bsky.social
did:plc:3xmn5zn6gmnzbu3evby3j3ff,1,chrisbee.bsky.social
did:plc:3xnmucmo6wa6vn7rsr5hi6tn,1,markthemark.bsky.social
did:plc:3xomcphegzclnbkat3ylyrrn,1,markthemark.bsky.social
did:plc:3xupp54emlpuhjwucgnma6wg,1,myosot.bsky.social
did:plc:3yg3xncri4eu6sx3cuniedrw,1,convenor.bsky.social
did:plc:3yme237iuyspbspyg54nn3c4,1,cvenash-vishneri.bsky.social
did:plc:3yrxff33jl2w62blr4vxmybr,1,puppymelia.bsky.social
did:plc:3yygfbb2xmerfmxl3pdfe3su,1,myosot.bsky.social
did:plc:3z2dj5cqgwlcnkzwje7663n6,1,markthemark.bsky.social
did:plc:3z2uwxakeb5tdgxulxzskjxd,1,markthemark.bsky.social
did:plc:3z7fz2uzhy5vt627pasakzxh,1,cvenash-vishneri.bsky.social
did:plc:3z7n6gbeu4hrsjsge7taerr5,1,ceona.bsky.social
did:plc:3zasjiae4xk64hyek5u6jtcx,1,chrisbee.bsky.social
did:plc:3zeuedxj4h4wbhexp5kl3nsb,1,convenor.bsky.social
did:plc:3zfgmxygfydiv63e3uzlhjde,1,cnr-isp.bsky.social
did:plc:3zhknomt2guxmbbxhklqfcnv,1,puppymelia.bsky.social
did:plc:3zvsh6cuqwv3vdjetcfthnpg,1,ceona.bsky.social
did:plc:42bh3n2l5xn7q2enfj5xc2uo,1,cvenash-vishneri.bsky.social
did:plc:42c5cz622v6pt43jbekhwp7r,1,cnr-isp.bsky.social
did:plc:42hra5aefoooifqcbcszdfy5,1,puppymelia.bsky.social
did:plc:42i4ialq5j63sp3ijjdhhicv,1,convenor.bsky.social
did:plc:42pjcqaxfd7o4m2ddczx5dpf,1,puppymelia.bsky.social
did:plc:42q3tjcrpb5h5xxmwq2rfb3g,1,convenor.bsky.social
did:plc:42qm4nzol5bkpulya64jnskm,1,puppymelia.bsky.social
did:plc:42vmgmr5uok5vz56stduwfmb,1,cvenash-vishneri.bsky.social
did:plc:42zzyrjlr72od4eexnc4znzx,1,miraschino.bsky.social
did:plc:433xhf6yclhlda5hecb5mgw7,1,markthemark.bsky.social
did:plc:43ck35s3crmdzqkghid2zsgv,1,cvenash-vishneri.bsky.social
did:plc:43dbzythqgrwvpxb6wtasdsa,1,joat3.bsky.social
did:plc:43javugnk5esev5etb7ulual,1,chrisbee.bsky.social
did:plc:43ma7sov4xtonvjuuyzmj66l,1,joat3.bsky.social
did:plc:43qdetnstpy6tfgjfbr44lby,1,convenor.bsky.social
did:plc:43udcd6xbnkbqgiwhmbkk35n,1,cnr-isp.bsky.social
did:plc:43ufak3ri6rqyns4y2icrzod,1,cnr-isp.bsky.social
did:plc:444u3bebrvvf6blip35ezn77,1,joat3.bsky.social
did:plc:44cyc6lwbl42wp6dnga4whgd,1,cvenash-vishneri.bsky.social
did:plc:44i7rstzpwmrze66oh2nsjdf,1,convenor.bsky.social
did:plc:44pblkmcfbnnmzfipkxeonc2,1,chrisbee.bsky.social
did:plc:44ssa2j5f7tqwhqkatr2nfml,1,cnr-isp.bsky.social
did:plc:44ybard66vv44zksje25o7dz,1,puppymelia.bsky.social
did:plc:452zqcn2vdixzzyi64lzjuyr,1,miraschino.bsky.social
did:plc:455kciclvans25kiczqaeayl,1,cvenash-vishneri.bsky.social
did:plc:45byt36fgdg4ocu3usqo7hv3,1,convenor.bsky.social
did:plc:45i47jbhntlzoeszcnd7kpim,1,markthemark.bsky.social
did:plc:45krx6i4edsgxnutiopipjxm,1,puppymelia.bsky.social
did:plc:45n6x6no6hhzv4o3low6c645,1,cnr-isp.bsky.social
did:plc:4662exvu6onpjoq2lzyot74w,1,chrisbee.bsky.social
did:plc:4662irlra6xkye2yojj2kxo4,1,joat3.bsky.social
did:plc:46no7pq74qloji7gmemrc4q4,1,puppymelia.bsky.social
did:plc:46o2lbomxz6im7g2ijw554cy,1,chrisbee.bsky.social
did:plc:46s4wbzhuxeptdkw2p32o6zr,1,markthemark.bsky.social
did:plc:46v56274sngq2aehbieh72zp,1,cvenash-vishneri.bsky.social
did:plc:47bp2hypsckq2hyksuwgc7uv,1,cnr-isp.bsky.social
did:plc:47fbupzhmhxsntcu6uwvguil,1,markthemark.bsky.social
did:plc:47gq6cqmlajvve5tgcp7ym3i,1,markthemark.bsky.social
did:plc:47qwnppyteoyl5vtcgmz5xbb,1,cvenash-vishneri.bsky.social
did:plc:47sk2aeknh5gbhl2onf6sveb,1,cvenash-vishneri.bsky.social
did:plc:47tsm76222d7kslyv7xfjfsi,1,myosot.bsky.social
did:plc:47uwwvovm77bcph74nvbbc64,1,chrisbee.bsky.social
did:plc:4a3twmd22ztialeuwxqkvfqz,1,miraschino.bsky.social
did:plc:4a7lpzungyvefovtsumwfvca,1,puppymelia.bsky.social
did:plc:4adm2vx4drjic52kmetghsdk,1,convenor.bsky.social
did:plc:4agxnn445lluhclqoqjcojb7,1,puppymelia.bsky.social
did:plc:4akjs3taifxdlfwunh6gapt2,1,convenor.bsky.social
did:plc:4ar552vunkcetbllbbaltj7j,1,miraschino.bsky.social
did:plc:4as576ot6tsyh7dsqb7m2net,1,myosot.bsky.social
did:plc:4b6omu3pphf2ikerlfslhuif,1,ceona.bsky.social
did:plc:4baazyztv35wisiud7d5trzx,1,joat3.bsky.social
did:plc:4bhbjdt2wlv3pd5d3hete76q,1,cnr-isp.bsky.social
did:plc:4cjan7cik2rcvnqvnxlcnmlk,1,miraschino.bsky.social
did:plc:4crytqwvj4ehonipglqe5ctf,1,cnr-isp.bsky.social
did:plc:4csn3jjwncgk3hzvc2ysl753,1,cvenash-vishneri.bsky.social
did:plc:4cz5weomlvu4rlvrhk72ueqe,1,chrisbee.bsky.social
did:plc:4d2snfeymcblmvoaxvgfs7i6,1,myosot.bsky.social
did:plc:4de4u5rms6xnv7e355fzsov5,1,joat3.bsky.social
did:plc:4dgekwtibqbcr6dxbxws2dno,1,myosot.bsky.social
did:plc:4dmkjivb4ru3djlw36t24msf,1,chrisbee.bsky.social
did:plc:4dw4sbpkpjghyt357lbyp67e,1,ceona.bsky.social
did:plc:4e3pymuwv3j5ni7oryqk2t2k,1,puppymelia.bsky.social
did:plc:4eedw4y6ei2dqjgspjeskzlk,1,markthemark.bsky.social
did:plc:4eg2mtpv6jgs2ya47sb7dn76,1,myosot.bsky.social
did:plc:4eker3mel5hgskphbw6kohw7,1,myosot.bsky.social
did:plc:4eqoarccdjy76fzvrhv5xsfe,1,cnr-isp.bsky.social
did:plc:4eurvbo5polhmcecr3yioguu,1,cvenash-vishneri.bsky.social
did:plc:4euxv2bathdwwvhzqyp4w5od,1,puppymelia.bsky.social
did:plc:4ewnpnebeh7zuk5pbardaxqz,1,puppymelia.bsky.social
did:plc:4ezxslz4gvxzifmt5gzdcf2w,1,convenor.bsky.social
did:plc:4fa57rl4nqyzmcynx3u4affz,1,ceona.bsky.social
did:plc:4fjdt7mwwkyws4fzpqfnehvu,1,joat3.bsky.social
did:plc:4fmdgjxp73ntzbytiptkjjif,1,cnr-isp.bsky.social
did:plc:4fmlunkcelwmgmfyx5ikbqkg,1,markthemark.bsky.social
did:plc:4fp5fizfdu52oenl7dh6hafy,1,ceona.bsky.social
did:plc:4fqu4nrbakwteqlsqktedctj,1,puppymelia.bsky.social
did:plc:4fyy5kwq3krqhaph7qvfvzw6,1,cvenash-vishneri.bsky.social
did:plc:4g76yvvttm2jkl7skv4ii5mf,1,ceona.bsky.social
did:plc:4g7sl7kmjlkquyi2hgnfgcsl,1,puppymelia.bsky.social
did:plc:4gautbszbx26pwrpqz7coifm,1,myosot.bsky.social
did:plc:4gky4qtrh5hjidewa3idoah4,1,markthemark.bsky.social
did:plc:4gnoyhykq5jcwclp43ndroap,1,convenor.bsky.social
did:plc:4gsjfzfvgsh4r5weq3gdlx6t,1,puppymelia.bsky.social
did:plc:4gski3ilehz7xigj67fowdgp,1,markthemark.bsky.social
did:plc:4gwyyd4vuufrjz7xl4xwiguz,1,markthemark.bsky.social
did:plc:4h3uhd5nvr634n2xtoaak6gy,1,chrisbee.bsky.social
did:plc:4hf432cgxlm3ramvfc2zmui6,1,joat3.bsky.social
did:plc:4hl5zluwomgg4zeyp6shij7z,1,miraschino.bsky.social
did:plc:4hq47bydg7i6qidosgiavhmd,1,ceona.bsky.social
did:plc:4i3wti7f2qjh752ywkvdn4jg,1,miraschino.bsky.social
did:plc:4icquso2hcnswufkgggnwij4,1,cvenash-vishneri.bsky.social
did:plc:4ijxcjo4npyqvkoy7semhzjl,1,ceona.bsky.social
did:plc:4ikcwqo43p74hywvbqcixp6l,1,myosot.bsky.social
did:plc:4iohgbfmc5hj76kbeov6r23r,1,cnr-isp.bsky.social
did:plc:4iro7t7z2p5wlfhzuefttxww,1,convenor.bsky.social
did:plc:4is6fywrtangep2cbzk3rmat,1,puppymelia.bsky.social
did:plc:4ixffmjcotz7va2sr62ldsnt,1,convenor.bsky.social
did:plc:4j3gj3eavu4mudmwwtnkvg7c,1,chrisbee.bsky.social
did:plc:4j6o7oze5z56p5ot6zrjeuis,1,puppymelia.bsky.social
did:plc:4j6x6kjhfvstgzjrjfhdzopp,1,cnr-isp.bsky.social
did:plc:4jajixlbh346ugyindwqppwc,1,chrisbee.bsky.social
did:plc:4jb7glmfbp2vwcm2emr2anmt,1,cnr-isp.bsky.social
did:plc:4jd7nkm5luyor42na7maxthu,1,ceona.bsky.social
did:plc:4jl2ilkahsqtyywlk3vdpxuc,1,convenor.bsky.social
did:plc:4jmtnq3gy5g23vtcn3vf7qfn,1,cnr-isp.bsky.social
did:plc:4jphg72g3zncjlbpvvagqvbs,1,convenor.bsky.social
did:plc:4jrld6fwpnwqehtce56qshzv,1,ceona.bsky.social
did:plc:4jtxreeqtjxdorgduybe4nkj,1,joat3.bsky.social
did:plc:4ka75p3wbxikuielhsiw4n7t,1,miraschino.bsky.social
did:plc:4kbrh3ztov34fodmzwzkzcdb,1,miraschino.bsky.social
did:plc:4kdvzvhkqwjdk2woiq3yoaub,1,puppymelia.bsky.social
did:plc:4kscc7ylktw55gxj2ym2pyu7,1,ceona.bsky.social
did:plc:4kshoaytrzhgsziro6ywozul,1,cvenash-vishneri.bsky.social
did:plc:4lespf7sc7cmr4mmp5gmmfrg,1,myosot.bsky.social
did:plc:4lklwjykfayop26r2fl2y22k,1,joat3.bsky.social
did:plc:4ln25nsz5s6ikatc5uycm2qx,1,myosot.bsky.social
did:plc:4lnuz3lmh4zz77dniinlnayl,1,myosot.bsky.social
did:plc:4lqvqlr5nrgnh4atafkrgges,1,joat3.bsky.social
did:plc:4lrhjsksrwb5ikgpu3lj7qwp,1,ceona.bsky.social
did:plc:4lxxt4jw7n46xrv2ehe3kaal,1,miraschino.bsky.social
did:plc:4lzfmpenjh4r2h36eydu2y72,1,ceona.bsky.social
did:plc:4m6iimah72fntysw2ixcjuym,1,puppymelia.bsky.social
did:plc:4m7fwwuweenu5wbtzes5vw3j,1,ceona.bsky.social
did:plc:4mc3rvkwmczyanegma263maa,1,markthemark.bsky.social
did:plc:4mewgfw3xt47jqvzrsydfyot,1,markthemark.bsky.social
did:plc:4mjxkd5csgfmwxrubusrlxjn,1,myosot.bsky.social
did:plc:4mpwlv4fshukxz72tsdgrmhb,1,cnr-isp.bsky.social
did:plc:4mqidrnh7lztbo4rrcuu2obx,1,chrisbee.bsky.social
did:plc:4msmym6vd4ryus2vrvhwgmb5,1,convenor.bsky.social
did:plc:4mtlhkncx6rmelammjqjn7xg,1,markthemark.bsky.social
did:plc:4mtzhk4cjtphg2g32u7v3m3k,1,convenor.bsky.social
did:plc:4mvgaioehg44jt5zxyyaanm5,1,ceona.bsky.social
did:plc:4mxdrqmnq23gjrgcnutf266x,1,joat3.bsky.social
did:plc:4n2tor5xwulhrucio76et5fv,1,cvenash-vishneri.bsky.social
did:plc:4n7j3vcf6wansd3n2vp4vh2b,1,cnr-isp.bsky.social
did:plc:4nbuhzp3bdpk5ldke34syspg,1,miraschino.bsky.social
did:plc:4nelsqkx4u7iearghrjcqbrz,1,cvenash-vishneri.bsky.social
did:plc:4nhyhq73crtx5q6csmey3kvg,1,chrisbee.bsky.social
did:plc:4nj2ca4d3z3iurq4642g6sot,1,chrisbee.bsky.social
did:plc:4nl3pydvmt7vtbogvvwiytzr,1,cvenash-vishneri.bsky.social
did:plc:4ntt6znhlntixjsvbq3tcezd,1,miraschino.bsky.social
did:plc:4nywndn6uoz2oqc3sf2e5can,1,chrisbee.bsky.social
did:plc:4nz6qz23iedgu33x27qjzwpq,1,convenor.bsky.social
did:plc:4o3ca437loz7cv4niclvianp,1,markthemark.bsky.social
did:plc:4o3sfl36gcvd5xaruh4wnatl,1,cnr-isp.bsky.social
did:plc:4o5tjpwdjp6rye7tpmw7nyqw,1,cvenash-vishneri.bsky.social
did:plc:4o6snnzosvur2a4qrjwhadsv,1,cvenash-vishneri.bsky.social
did:plc:4oeau3yam32ilkbe7gekurqz,1,miraschino.bsky.social
did:plc:4ofi6asvhc4ykqejayaoi3zq,1,markthemark.bsky.social
did:plc:4ooas7yfsdjtydczhlrtcwr5,1,chrisbee.bsky.social
did:plc:4otgq4n6g5bos5rxgqa5flez,1,puppymelia.bsky.social
did:plc:4oubcwt3qfcxujbrkxdszplz,1,cnr-isp.bsky.social
did:plc:4ov3vll2fg5rhczbiehvsidv,1,puppymelia.bsky.social
did:plc:4ovofnwjifkpx73k62ka27ye,1,cvenash-vishneri.bsky.social
did:plc:4oyi3nniynnqgdiodohicikc,1,cvenash-vishneri.bsky.social
did:plc:4p7w3oct57ii3n6llfv3zzpo,1,miraschino.bsky.social
did:plc:4pcuqla3rzjq2mbmsvz2mhtu,1,miraschino.bsky.social
did:plc:4pd5dxnhp7tf7tjtvlqlwn5x,1,chrisbee.bsky.social
did:plc:4phi5x7sxf7ycriium7jutac,1,myosot.bsky.social
did:plc:4pryqodcnblhbchq5mzvl2py,1,myosot.bsky.social
did:plc:4pxxjie2356nqxd3cwf6hbpk,1,miraschino.bsky.social
did:plc:4qafzorspyjuul7qe372efld,1,miraschino.bsky.social
did:plc:4qkmzanc5zeivnwpu3f4xmyd,1,cvenash-vishneri.bsky.social
did:plc:4qkswjilm3huhzbmzpoua277,1,joat3.bsky.social
did:plc:4qmldhjmsvozldytrmot62gt,1,markthemark.bsky.social
did:plc:4qrkehoz7gantnm6kf4fqurx,1,joat3.bsky.social
did:plc:4qrq2iglr73kq3ya7nl6pphm,1,cnr-isp.bsky.social
did:plc:4r6ezpji23dsicgeeu4n6cws,1,markthemark.bsky.social
did:plc:4rgthwliye77efwcqtjwv52h,1,chrisbee.bsky.social
did:plc:4rnxpo7eczoyk6m7ua4a7wxr,1,miraschino.bsky.social
did:plc:4rrmnsydsmoxm76rudq22pzi,1,myosot.bsky.social
did:plc:4s3xyoumjievcfg7p2msgmgr,1,puppymelia.bsky.social
did:plc:4s4ttef7s5htomk4nh5266zh,1,cnr-isp.bsky.social
did:plc:4s66qgxpp4lfvbo44wbiv6lv,1,ceona.bsky.social
did:plc:4shpbb7kfwmc4amar7zdd4ph,1,chrisbee.bsky.social
did:plc:4sqrrumnmksuqvkcejaivzjm,1,myosot.bsky.social
did:plc:4t2zw32ruzdhhgtkltofiqea,1,myosot.bsky.social
did:plc:4t3ndovp2y64bsnw6panimb4,1,cvenash-vishneri.bsky.social
did:plc:4te6iqtziif4echxxfbzij3m,1,chrisbee.bsky.social
did:plc:4tgbz7mpldi2xno2ytj4s7qi,1,myosot.bsky.social
did:plc:4thbpk6ep75pecgqpkvjjzvw,1,chrisbee.bsky.social
did:plc:4u3dvqvnwmihw56tiufz3knt,1,myosot.bsky.social
did:plc:4ucd72agwuypyuzhxwh3qq3l,1,markthemark.bsky.social
did:plc:4ueitqarm32pz3ap6ckphdzu,1,ceona.bsky.social
did:plc:4uiyxtkeaymuizrckzqdawks,1,miraschino.bsky.social
did:plc:4uj45xam3nbjkighr4sw3v4n,1,myosot.bsky.social
did:plc:4umzfjjvtn3sfo4g4avdvfo7,1,miraschino.bsky.social
did:plc:4usmserhjqkvhldgedfjb3jw,1,markthemark.bsky.social
did:plc:4uto42h2nmumdmljbdvte6rq,1,chrisbee.bsky.social
did:plc:4uwpkuhgwckw5cjjfuxjyavk,1,puppymelia.bsky.social
did:plc:4vkwol5raj4hnslvsqvmpiqw,1,joat3.bsky.social
did:plc:4vlkqo2z7edwazpnaabgou2i,1,cvenash-vishneri.bsky.social
did:plc:4vsaijvscgtj3lrial3a2ezi,1,cvenash-vishneri.bsky.social
did:plc:4vvadv5wy2s5bpxpg5uvn6h7,1,miraschino.bsky.social
did:plc:4vxumfmfd674slai54aj5kly,1,puppymelia.bsky.social
did:plc:4vzt24tgrw6i752sy5a4nmxo,1,cvenash-vishneri.bsky.social
did:plc:4wbsqleoq6uhlo4vlynq6lwj,1,cvenash-vishneri.bsky.social
did:plc:4whgx6vty7g3k3czz4kdxvam,1,puppymelia.bsky.social
did:plc:4wj5phvkfm5xrdu4yxodv26u,1,chrisbee.bsky.social
did:plc:4xhp2xrkvizakmwc6h2t7xhu,1,cnr-isp.bsky.social
did:plc:4xiwccssl7mogw2dis4r75ba,1,chrisbee.bsky.social
did:plc:4xl4yfwwfwqlgm3hp6kv756j,1,cnr-isp.bsky.social
did:plc:4xo2nkdkuwtqcm2c6tblq54y,1,myosot.bsky.social
did:plc:4xqt7t2zph634drigtdxdmro,1,markthemark.bsky.social
did:plc:4yahgeigrakzwlwbggu6cypu,1,joat3.bsky.social
did:plc:4yhlfwwbkfnq6fy4g7xwvvg7,1,ceona.bsky.social
did:plc:4ylwxilygqegfgs4bjdrs5yh,1,chrisbee.bsky.social
did:plc:4ypydtsxlmkfyoyoxb26o4wd,1,miraschino.bsky.social
did:plc:4yvwfwxfz5sney4twepuzdu7,1,ceona.bsky.social
did:plc:4yylr557uperi5ea33ju346q,1,cnr-isp.bsky.social
did:plc:4z32swxiqofarjjtavwo5b4g,1,cnr-isp.bsky.social
did:plc:4zalu7er74m37h7wfwsdiwho,1,miraschino.bsky.social
did:plc:4zkcd2d4oajpikwrbkumgugw,1,myosot.bsky.social
did:plc:4zljlmjcehj2mew5g3xdryow,1,chrisbee.bsky.social
did:plc:4znmgq3db2asz3dqnfslhz4t,1,convenor.bsky.social
did:plc:4ztg3hos3mfpnvoowrymgjou,1,cvenash-vishneri.bsky.social
did:plc:4zx2t2g2gnl3sxhuu3w4ved2,1,puppymelia.bsky.social
did:plc:4zzuyhlxnjbyjd4vchfxt5io,1,joat3.bsky.social
did:plc:527lee5uerchldch6wjvyohk,1,myosot.bsky.social
did:plc:52eftagrytzdoofw6eqbruy4,1,puppymelia.bsky.social
did:plc:52fdlejypfmywd3xqhv5l77p,1,miraschino.bsky.social
did:plc:52mr45ctyvlplacw3ouylnig,1,joat3.bsky.social
did:plc:53higg53akmm4upbpr6tajum,1,cvenash-vishneri.bsky.social
did:plc:53n54gjixfukqx56qyjnxmkn,1,joat3.bsky.social
did:plc:53pk3d6igqoxggtiaeu3aleq,1,ceona.bsky.social
did:plc:53v4zel2qpu6bmyma3vasq2l,1,joat3.bsky.social
did:plc:53ykobfiwdm2ihatqmwdz24l,1,chrisbee.bsky.social
did:plc:54462oaxq2ofxkco3wao36n5,1,chrisbee.bsky.social
did:plc:545l34r5tjvimauj4qzs7yma,1,myosot.bsky.social
did:plc:546o5kzrvqtafrxjv6j5plyc,1,joat3.bsky.social
did:plc:546serh7dk3etl6gle7skkkg,1,puppymelia.bsky.social
did:plc:547zvljdngzo73dyqckqtw43,1,convenor.bsky.social
did:plc:54e365sx35dr7kde2pyzy3mo,1,convenor.bsky.social
did:plc:54gz42no6k3vh6ju4z4wquza,1,markthemark.bsky.social
did:plc:54h2bzeryohyebzibw57tx6z,1,ceona.bsky.social
did:plc:54qbpe4tbdo77fbcvikvw4fz,1,convenor.bsky.social
did:plc:54qpdbqnhocq7yjb4ewu5io2,1,ceona.bsky.social
did:plc:54swq7wrbszgpj33phqwpzzc,1,cvenash-vishneri.bsky.social
did:plc:54usmxz2565akc7adhufsptc,1,convenor.bsky.social
did:plc:54vdi5eoabhod2vumsbcpi7g,1,convenor.bsky.social
did:plc:554zgjahdelvrbspjpeofd2o,1,miraschino.bsky.social
did:plc:555c53zqgqs55yh6gvttf5uv,1,ceona.bsky.social
did:plc:557tzhnn6cwqa4gaw27xjuo4,1,miraschino.bsky.social
did:plc:55kipq4gjuv6myozuab46qru,1,cnr-isp.bsky.social
did:plc:55qsqhzpucxfy4azjjwmuoro,1,chrisbee.bsky.social
did:plc:55ti7j2iuf3tht42pgotlph6,1,cnr-isp.bsky.social
did:plc:562dru4hm4ygzfh4odum25r7,1,puppymelia.bsky.social
did:plc:564wpoo4b6567xmyxldfyz6r,1,markthemark.bsky.social
did:plc:56dptc44htwcz27smvd67dcu,1,cvenash-vishneri.bsky.social
did:plc:56g2xmm4lqxztygzrvelvfnz,1,puppymelia.bsky.social
did:plc:56k6rzfsi3a4reiug6gnbt6s,1,miraschino.bsky.social
did:plc:56lqr2bduglc3c63wak66b5a,1,miraschino.bsky.social
did:plc:56mtlhmxauqqqak6qg7ssuj6,1,markthemark.bsky.social
did:plc:56oe4lt3sbgdhpbbf6bntsxa,1,cvenash-vishneri.bsky.social
did:plc:56ojnkucm6ylfmz3h3otztfh,1,puppymelia.bsky.social
did:plc:56srx2izri3py7n2qkxtojem,1,chrisbee.bsky.social
did:plc:56tgs3u2uvu3kdqsah47xfwa,1,markthemark.bsky.social
did:plc:56thdt53nabadiogmqoz7a7o,1,convenor.bsky.social
did:plc:56v6wuenflmvpum3plmss6rq,1,cvenash-vishneri.bsky.social
did:plc:56va72hl4ov574hi4syvslqx,1,miraschino.bsky.social
did:plc:56vfe7nsrixcl7ghtixxvalc,1,joat3.bsky.social
did:plc:56yymeubg3r4lxnf7lidri5a,1,joat3.bsky.social
did:plc:573i3ivyl5rgovfgmeltgayx,1,miraschino.bsky.social
did:plc:573r65skujfxzkwnrjire4a4,1,markthemark.bsky.social
did:plc:57ptth5sqzr5ig2qzm7zdfnv,1,chrisbee.bsky.social
did:plc:57t4l236tfo3kj7uznoc7m7f,1,cvenash-vishneri.bsky.social
did:plc:57vlzz2egy6eqr4nksacmbht,1,convenor.bsky.social
did:plc:5aan52k7sulqdry2msheu2xn,1,chrisbee.bsky.social
did:plc:5ag2cxekrolbhqymcyd4jxhk,1,ceona.bsky.social
did:plc:5agxx4rjk7abwun77jqo3fh3,1,ceona.bsky.social
did:plc:5ahjriolwd2jflkun6tvvvb4,1,markthemark.bsky.social
did:plc:5aj2ybi4uztzda6klamphay2,1,joat3.bsky.social
did:plc:5at32zlvvdk5vg2dmyy7aqoc,1,ceona.bsky.social
did:plc:5axvpgxm6xuln7rbs4a3zpqc,1,ceona.bsky.social
did:plc:5bawstthvszakozb3q4n2ata,1,puppymelia.bsky.social
did:plc:5bd6tdisq3mot3maz2ztt23a,1,miraschino.bsky.social
did:plc:5bhhb5lbjd35xnwa6666jswe,1,markthemark.bsky.social
did:plc:5bicfnyqteaumsfc7virow56,1,miraschino.bsky.social
did:plc:5bvf6odmcqp4ljmaprxilidu,1,cvenash-vishneri.bsky.social
did:plc:5bvlreuyymd7itwoucylq63e,1,ceona.bsky.social
did:plc:5c4vaqh25jml4knlibebfhzw,1,cnr-isp.bsky.social
did:plc:5crwi4cylobqjypa3ljgrxer,1,cnr-isp.bsky.social
did:plc:5ctwansbwzamzvwz2hru3gl4,1,miraschino.bsky.social
did:plc:5d55egnaih75r6n4imtznagi,1,puppymelia.bsky.social
did:plc:5d6wpsoyhgtr6csxly2t5doe,1,ceona.bsky.social
did:plc:5d7d2yte3yfpk7ufxn3yoyis,1,convenor.bsky.social
did:plc:5dczh4vohluroumrn7qxjfjd,1,myosot.bsky.social
did:plc:5dg2etz6kqei2stoa2k5yzib,1,joat3.bsky.social
did:plc:5dgg7qv3cxldpjg3bsdpdia3,1,convenor.bsky.social
did:plc:5dnclvk6g5ie2mumuriwlkci,1,markthemark.bsky.social
did:plc:5dsq6bfih65x3w6lglqq5npt,1,miraschino.bsky.social
did:plc:5dvrxqiemzflrjju7lal334t,1,ceona.bsky.social
did:plc:5e6pqsjpetkzel3elk7snxnd,1,convenor.bsky.social
did:plc:5e7tvau6gipk43vjktzgrv5v,1,ceona.bsky.social
did:plc:5ea6mwiru6wfle4qzsj5r7td,1,cnr-isp.bsky.social
did:plc:5eg7ma6s3vxeof57fntsnzfd,1,markthemark.bsky.social
did:plc:5ehmuev2jrxezyfpp4j7wlhs,1,cnr-isp.bsky.social
did:plc:5ep4lc6bj4zutvz3xr6qscdo,1,joat3.bsky.social
did:plc:5ev26dei4isd2rrvqvrhrrmb,1,cnr-isp.bsky.social
did:plc:5ev3lvcrak33hccfeysk7jc4,1,joat3.bsky.social
did:plc:5f2wv3fi36cbca2ku6e64ozs,1,puppymelia.bsky.social
did:plc:5f6hi3vn6rpuiy7pswt55ju4,1,puppymelia.bsky.social
did:plc:5f7q3li5qm3ysjixijmuwjxo,1,convenor.bsky.social
did:plc:5fdh2nhc3vzwqeuoy5mrbzpp,1,puppymelia.bsky.social
did:plc:5febctzr7aym72gl7xjayah4,1,joat3.bsky.social
did:plc:5feqrt44taw6wa2dxqfq6m5m,1,puppymelia.bsky.social
did:plc:5fiblhkguo6dy2lfju47d7kh,1,chrisbee.bsky.social
did:plc:5fkbokazbydvvnsz56uff6ed,1,cvenash-vishneri.bsky.social
did:plc:5fl7y6exgdmb3prsmkia3ovq,1,convenor.bsky.social
did:plc:5fm2erad2zphyzbwemac35hj,1,cnr-isp.bsky.social
did:plc:5fqk3jrvatcb743n5cad5mgr,1,joat3.bsky.social
did:plc:5ft3le4m5yqdzxmrf7zdjrsf,1,convenor.bsky.social
did:plc:5fx5x7d7yl6webbpwyrme2zg,1,cnr-isp.bsky.social
did:plc:5fywqcwmvz6cnaynddfqqs73,1,cnr-isp.bsky.social
did:plc:5gawcaageslwssk6l6r35lu3,1,puppymelia.bsky.social
did:plc:5gdejlhcswjbzraadoltdpps,1,puppymelia.bsky.social
did:plc:5gmzykf7s7dg3nalywbu5xxl,1,markthemark.bsky.social
did:plc:5go64qeuw6wr4attcayu7d4d,1,miraschino.bsky.social
did:plc:5gs7lfgsytxcfce2wzokw5pu,1,ceona.bsky.social
did:plc:5gvsa3vqe453baqalwolpzsu,1,cvenash-vishneri.bsky.social
did:plc:5gw2hq336tahxq4676chwt26,1,markthemark.bsky.social
did:plc:5gy3v7opwo3bfoa7dojkfhvp,1,cnr-isp.bsky.social
did:plc:5h5jfgi7vuqp4bkfogcntzep,1,myosot.bsky.social
did:plc:5het5qbkqh4xbhdbuayqw2gi,1,convenor.bsky.social
did:plc:5hib27ud62elvyuwo225ca5s,1,chrisbee.bsky.social
did:plc:5hlyfnxkf42eskjrrf5dta26,1,joat3.bsky.social
did:plc:5hriwcreflyohjebitcf2tjk,1,cnr-isp.bsky.social
did:plc:5hrsz3uqc4b4g365koefngs3,1,joat3.bsky.social
did:plc:5htyhkjz3zjw6xbj4b27gcjx,1,chrisbee.bsky.social
did:plc:5hzie73rkvdcxauqpghrt65w,1,convenor.bsky.social
did:plc:5i57jes3dfmgcs773mdly7tr,1,convenor.bsky.social
did:plc:5ifz3soyxgoapvdef74tulbx,1,markthemark.bsky.social
did:plc:5imnhqqwb5gdmivjrx57qrhd,1,puppymelia.bsky.social
did:plc:5ioltkpfo757npalbye36q2i,1,cnr-isp.bsky.social
did:plc:5iyzftvhupayv3ytraj5xvqi,1,joat3.bsky.social
did:plc:5j63kt2gb6ugdz3aipyfyuxe,1,markthemark.bsky.social
did:plc:5jb2734ccyccx6a3hjjuzhrr,1,puppymelia.bsky.social
did:plc:5jd2p6z6heqvh47r5fppkdg6,1,markthemark.bsky.social
did:plc:5jma64ascyeuam4oll2gk6ea,1,markthemark.bsky.social
did:plc:5jmoylrtp2n7uhvhmmlqppsk,1,myosot.bsky.social
did:plc:5jnfkdgdmppankiupswbiryb,1,puppymelia.bsky.social
did:plc:5jrcahx4sydvjroi2wguvln3,1,convenor.bsky.social
did:plc:5jrsihylz5hgqrcwypvybulb,1,convenor.bsky.social
did:plc:5jtmplpmu67ruv6nxoqgcael,1,chrisbee.bsky.social
did:plc:5kcrckbxy3zrbl3braxxgcsv,1,ceona.bsky.social
did:plc:5kekdb2olx2n6y3m463ngjda,1,cnr-isp.bsky.social
did:plc:5khebv5a7kczwrtnpiq2ms46,1,cnr-isp.bsky.social
did:plc:5klb3ssuxgjnhbwy6b3mztmo,1,myosot.bsky.social
did:plc:5kvvvejwxugmjniajhjfkbni,1,joat3.bsky.social
did:plc:5lj4pyczlpha5wd55dpwkfel,1,ceona.bsky.social
did:plc:5mbed4jchmim6tv4q7atgvrk,1,miraschino.bsky.social
did:plc:5mbnor2vbk4mzrs3nilrvnfv,1,convenor.bsky.social
did:plc:5mkz4ouya2ywvor6hl2udqn5,1,markthemark.bsky.social
did:plc:5mli6qekanzupg55qsfzv436,1,cnr-isp.bsky.social
did:plc:5mnbcnme2dkn6wut5bhwvky2,1,puppymelia.bsky.social
did:plc:5mnkeohuyfztdoykurqs2x3j,1,chrisbee.bsky.social
did:plc:5mnod4y4b7ndydmcmuzrlfp6,1,ceona.bsky.social
did:plc:5mrvwpwtpd5h7wvozn5hl56w,1,cvenash-vishneri.bsky.social
did:plc:5mypawzxushv474ydwexfswy,1,cnr-isp.bsky.social
did:plc:5n7jq32lowhmcjvftrljijvm,1,myosot.bsky.social
did:plc:5nib7f5firhbpuciyif6tdpr,1,convenor.bsky.social
did:plc:5o4wcsxfxyj4gr6ijvfvaogo,1,cvenash-vishneri.bsky.social
did:plc:5oaiszdyt2gezmklohmrhrjk,1,cnr-isp.bsky.social
did:plc:5obqyxl2zxtmbijvu7kut7bo,1,puppymelia.bsky.social
did:plc:5ogeh7an2baq572dfo5mil4k,1,joat3.bsky.social
did:plc:5okdv2jqejvnzrc7r5jjxxys,1,chrisbee.bsky.social
did:plc:5onh7ko2ux7bjjesmbeayjel,1,joat3.bsky.social
did:plc:5oo6qsvxfq6cya6wzceqy3wu,1,myosot.bsky.social
did:plc:5owgrqv72xhqdetesqpdobrp,1,markthemark.bsky.social
did:plc:5p43a4zva7c3ezdwnmrsul5u,1,convenor.bsky.social
did:plc:5p7aamcprms536tnihds7ilc,1,miraschino.bsky.social
did:plc:5pbqv7y2zudcptq246lvo3xq,1,chrisbee.bsky.social
did:plc:5pbqvt57hirgciajg5ak3ifx,1,joat3.bsky.social
did:plc:5pchb5ixxz7u3knva5d3dmva,1,convenor.bsky.social
did:plc:5pgp3ouwpeulykvyaudlgh6s,1,myosot.bsky.social
did:plc:5pgx6uh62yydc7ycoeb2o34t,1,myosot.bsky.social
did:plc:5phullj36i2fgrmmg7y4kj7h,1,convenor.bsky.social
did:plc:5pmtmdmodwfs6j4bedawdhgm,1,puppymelia.bsky.social
did:plc:5pqrwhqejugbqvgf7qb5pbsz,1,miraschino.bsky.social
did:plc:5pzedglbfrpk26ml2cq3fcai,1,myosot.bsky.social
did:plc:5qgndeyhvcxdlmj2o3g2zdlo,1,miraschino.bsky.social
did:plc:5qj257poc5usnqh7cpsyzro7,1,cnr-isp.bsky.social
did:plc:5qjwcazsqklkdzbebj35msq4,1,convenor.bsky.social
did:plc:5qk2kn7qldmdvvpnceu4kvdo,1,cnr-isp.bsky.social
did:plc:5qnbcwqb7qqsgt2ck7i36qef,1,myosot.bsky.social
did:plc:5qsao4cbvlkba47jykitmuo3,1,puppymelia.bsky.social
did:plc:5qtvpyksh2fj6cvwacyfphvq,1,myosot.bsky.social
did:plc:5qwwganvs25qewz3efms76t4,1,joat3.bsky.social
did:plc:5qxlmgjtrahhezps4pzztbtg,1,convenor.bsky.social
did:plc:5r4qxfajvubbkekayoxetr2z,1,cnr-isp.bsky.social
did:plc:5r5jvsr5godo7w7she6ela6s,1,markthemark.bsky.social
did:plc:5riq23wymzp354kvm7jpzvp6,1,cvenash-vishneri.bsky.social
did:plc:5rms2ebhdngu24hgsu3s2hqd,1,puppymelia.bsky.social
did:plc:5rqbdpalysixadoy7zpfegpd,1,cvenash-vishneri.bsky.social
did:plc:5rudcosdgwxv6x2pldlvhfo7,1,miraschino.bsky.social
did:plc:5rzjhzdc5zzk43vhyl2yaltk,1,cvenash-vishneri.bsky.social
did:plc:5rzvh65xouatetiy4uf4lu36,1,miraschino.bsky.social
did:plc:5s3piftip7texxpbdpibipw3,1,puppymelia.bsky.social
did:plc:5si76scwe4b3u2trvr55lank,1,cnr-isp.bsky.social
did:plc:5smiakmbrx67gxvqrl7bdeqz,1,convenor.bsky.social
did:plc:5sq2hnlasek7plaulvyhwbew,1,myosot.bsky.social
did:plc:5sqb2ylefpvbd34zcblqphhh,1,chrisbee.bsky.social
did:plc:5sw527zknr7kfciouoixxtab,1,myosot.bsky.social
did:plc:5tjwaxruprekrnjoakobeq5y,1,cnr-isp.bsky.social
did:plc:5ts2vcoi63ykely3tiiycvwy,1,markthemark.bsky.social
did:plc:5tzsbloixazx2rjajjl4aep6,1,joat3.bsky.social
did:plc:5uahexd6wlinp35ly2m4zgnn,1,chrisbee.bsky.social
did:plc:5uh7sohpgujgipximrnsfumg,1,ceona.bsky.social
did:plc:5uixhnvxawj62hrv7ylcsmic,1,convenor.bsky.social
did:plc:5ujbt3d5ykn73eizbh3abvpp,1,markthemark.bsky.social
did:plc:5unbrgwojwvswwx46g4bovse,1,ceona.bsky.social
did:plc:5uv2fzg5bj2wmfqqrc34opyf,1,cnr-isp.bsky.social
did:plc:5v2epxvfrmmqh4njgpj535hn,1,miraschino.bsky.social
did:plc:5v3smohclw7kj667vi5qopnp,1,miraschino.bsky.social
did:plc:5ve2aequo4qascdtp7dff45w,1,markthemark.bsky.social
did:plc:5vgxnoiqyqt2p4m2jlvyblrt,1,joat3.bsky.social
did:plc:5vjewbcdynmgatxxw4shes47,1,joat3.bsky.social
did:plc:5vn7pgu6gxm4q3o7pqnqahzo,1,joat3.bsky.social
did:plc:5vno7mrirde6mu4maw7kqib6,1,myosot.bsky.social
did:plc:5vnog7epbsajffxrqx7a4hk7,1,markthemark.bsky.social
did:plc:5vth344tbibgvde4w32hto2t,1,ceona.bsky.social
did:plc:5w4sd6gheafiekpfg7cn5co7,1,ceona.bsky.social
did:plc:5w5sprducdoqiwileetdfgei,1,myosot.bsky.social
did:plc:5w64i6tqjv7buyjot2xvac2a,1,markthemark.bsky.social
did:plc:5wi4guyk2menzbxt66y6soen,1,miraschino.bsky.social
did:plc:5wih5tcy3awu6xj6dctatzw7,1,puppymelia.bsky.social
did:plc:5wrzaxlthdosxp5nukquc7ri,1,joat3.bsky.social
did:plc:5x2btyvic7jiqts6s5uk2oop,1,cnr-isp.bsky.social
did:plc:5x3jhqs7ckbb7vlffiiyh6by,1,convenor.bsky.social
did:plc:5x65fftirgidgmsq5ub56ehs,1,convenor.bsky.social
did:plc:5x7onm5hyy3443jhu7qcr6aq,1,markthemark.bsky.social
did:plc:5xlt3zscbshwmpyrcv4hnq62,1,miraschino.bsky.social
did:plc:5xm2rtmemizwnqjs5qfjbsgw,1,cvenash-vishneri.bsky.social
did:plc:5xpa74q7sm6ajcvoc5lxltez,1,joat3.bsky.social
did:plc:5y2kb6342fkkcxjlefecr2ju,1,convenor.bsky.social
did:plc:5y6bidosax6bo2zz2ek72jeo,1,joat3.bsky.social
did:plc:5yaysrnawbvvj23zmoal5jwl,1,chrisbee.bsky.social
did:plc:5ygoi5ana4ekdhjpvtdd3bde,1,cnr-isp.bsky.social
did:plc:5z7etzvqc23qmsekblllhzc4,1,convenor.bsky.social
did:plc:5ziqayfm5anc4qghnq3ulmkm,1,puppymelia.bsky.social
did:plc:5zkychys4lzschpyz7piffbq,1,chrisbee.bsky.social
did:plc:5zl3ia7elsiqnolbzmzuzabp,1,cnr-isp.bsky.social
did:plc:5zpfbv6bahpac6xgbp3uj657,1,puppymelia.bsky.social
did:plc:5zrpqzil5v5enaygcngnkrqk,1,joat3.bsky.social
did:plc:5zve4rwvuetioknjvufspj2h,1,ceona.bsky.social
did:plc:5zvgrh5or373zolbqggklaqa,1,ceona.bsky.social
did:plc:623qh7hy26alquf3a2a6wtvq,1,ceona.bsky.social
did:plc:627r27mbqfcr3ajzctpfs4gw,1,joat3.bsky.social
did:plc:62a4o3znsee5y5q7kq7bqghs,1,convenor.bsky.social
did:plc:62ghsu75kycoydp2x6wk34sa,1,joat3.bsky.social
did:plc:62h5pp3haq2zltn3trfxloup,1,cnr-isp.bsky.social
did:plc:62h6olxax3we4ejh2p6qwwwt,1,miraschino.bsky.social
did:plc:62uy2aqwwhcenq6jgruvs7wz,1,myosot.bsky.social
did:plc:62zin2lvnlyvs4nabxwux2z4,1,myosot.bsky.social
did:plc:633b4ltunhleg6fiosowunna,1,markthemark.bsky.social
did:plc:633lyfdqzd7dya5ap6tc3232,1,ceona.bsky.social
did:plc:635s4auodmo2utgvf6kbni7x,1,miraschino.bsky.social
did:plc:637stqu2o2vnsqth2glmnx7m,1,convenor.bsky.social
did:plc:63cik7dv6je225dsbmni7k7v,1,markthemark.bsky.social
did:plc:63hqu27mz67o3sftjtla4tcz,1,joat3.bsky.social
did:plc:63lmkzoo7g5ae6b377af3nu4,1,markthemark.bsky.social
did:plc:63yy7oaa2cjnznbvwgkr6yu4,1,cvenash-vishneri.bsky.social
did:plc:6456dwtmhwvuwasshqko2uhs,1,miraschino.bsky.social
did:plc:64c2erjwtw7t5zookk5q745a,1,joat3.bsky.social
did:plc:64cdy5xn7qtgd2prtqcavb2t,1,cnr-isp.bsky.social
did:plc:64dcw64wc52gdf424ljvi5ne,1,cvenash-vishneri.bsky.social
did:plc:64hmhmahzyfm7vjjzwbvyw7r,1,joat3.bsky.social
did:plc:64mdicpo7sq4k5bx2z3m2jo6,1,myosot.bsky.social
did:plc:64pawhx2brsecdfosk2bpb5b,1,markthemark.bsky.social
did:plc:64wqxwi66lsrjsy32ri77z7h,1,miraschino.bsky.social
did:plc:64wxnnwnq7mdo6jhitt7x2vd,1,miraschino.bsky.social
did:plc:653gjkpehdswpjkc4id4pbcn,1,myosot.bsky.social
did:plc:654smpd3bmnpvg3l7fgvbvok,1,myosot.bsky.social
did:plc:656clh677lnfd3aigsaiooqk,1,chrisbee.bsky.social
did:plc:65akt7cpte3w53rawcjkzrwm,1,convenor.bsky.social
did:plc:65bjhrqemfyzhuwk4fbxmcc5,1,convenor.bsky.social
did:plc:65csgucbfvwuyjvlvy7ikn4w,1,cvenash-vishneri.bsky.social
did:plc:65effxgjled53njgxpuytvl2,1,markthemark.bsky.social
did:plc:65ils5fuhglnvzs53pmgfdrt,1,miraschino.bsky.social
did:plc:65lz6mjc6v46n6g2pxufxs5p,1,puppymelia.bsky.social
did:plc:65mhcfkur3b7jpo4i36ky5yd,1,cnr-isp.bsky.social
did:plc:65x5gnw435ldhpe4u3pjpcv2,1,cnr-isp.bsky.social
did:plc:66ectx3gi4ffi3gtbnxrxvlh,1,cnr-isp.bsky.social
did:plc:66kc6wfaabkachktuxirbmh7,1,myosot.bsky.social
did:plc:66m3l64cwtn7pm5zoo7w3bye,1,miraschino.bsky.social
did:plc:66ny6q63ahb2b2rxgavtdpm2,1,ceona.bsky.social
did:plc:66q5mtkgjnsaz26jil7j3k4q,1,cvenash-vishneri.bsky.social
did:plc:66qckp4ns5ad2juucv7pxfl2,1,markthemark.bsky.social
did:plc:66rhuczzutym4t2jhpzqsv4l,1,myosot.bsky.social
did:plc:672dbym5t2u4skt3nr4px53v,1,ceona.bsky.social
did:plc:67fmhjqlgmo2j2765ll2gt6c,1,cnr-isp.bsky.social
did:plc:67tqtugtccspuyh7n4ytjrqr,1,chrisbee.bsky.social
did:plc:67uhc763xyxflgojnq4ggcok,1,cnr-isp.bsky.social
did:plc:67zyfnjk5qrbe7sr7ovmgh3r,1,myosot.bsky.social
did:plc:6a7yxehur7eohyxp2wv7efru,1,myosot.bsky.social
did:plc:6aabwrdikjug7bblthifx7vm,1,myosot.bsky.social
did:plc:6ag63bkrqorpmmwsgn5fsfal,1,cvenash-vishneri.bsky.social
did:plc:6ajkbzt3bv4xvcipcipwqh7f,1,myosot.bsky.social
did:plc:6anaxnkrxl7qltjonctnkq4t,1,joat3.bsky.social
did:plc:6arl3hcg77mo7z6q6vxxu7m7,1,convenor.bsky.social
did:plc:6avlvmnlfcsdaiivb2nak366,1,ceona.bsky.social
did:plc:6ayjo4nbozye42qihhvizdhi,1,myosot.bsky.social
did:plc:6b6e6kj66kzfeam6oqz5y5ve,1,miraschino.bsky.social
did:plc:6b7iuxzgnfzj2cw4jmf7g6qb,1,miraschino.bsky.social
did:plc:6ba2bc2br5gjcipmkol5toun,1,miraschino.bsky.social
did:plc:6bqaqdqgi6betdg54dxzm7ic,1,miraschino.bsky.social
did:plc:6brmb7llgtvwq6p3nk7tlmap,1,cvenash-vishneri.bsky.social
did:plc:6btvykpmwcjjp5ziufbm5ewo,1,myosot.bsky.social
did:plc:6c5gvsay7s4rhrlghdrdjqcg,1,cnr-isp.bsky.social
did:plc:6c6gmx4cofp6riaohndzqf7x,1,chrisbee.bsky.social
did:plc:6c6jempjp2eu4zyuhf76ihbi,1,ceona.bsky.social
did:plc:6c72uwthrw5h5xxiwcve37ss,1,myosot.bsky.social
did:plc:6c7oghqzwqsomegwzehm2d5f,1,miraschino.bsky.social
did:plc:6cf4jj62ofgoswlxcqdvtcg5,1,markthemark.bsky.social
did:plc:6cmhsudhfdknx7qgyjzhcz3c,1,cnr-isp.bsky.social
did:plc:6cmlk5wdqxd5glhoebowhv2y,1,cvenash-vishneri.bsky.social
did:plc:6crix7u2vtpkrg72ctvxykpp,1,convenor.bsky.social
did:plc:6d4brir6mlguabf3ry5yyafc,1,myosot.bsky.social
did:plc:6d4hqsjwilglxgud5ef3xfn2,1,myosot.bsky.social
did:plc:6da46v7qasijhf2baetbstrn,1,convenor.bsky.social
did:plc:6dddg3ir67b5lpy5y224rvxf,1,cnr-isp.bsky.social
did:plc:6dmhyv4q5eyjo6a5zv2rdwrz,1,miraschino.bsky.social
did:plc:6druhi7f7xq6ggam4hrcsmyx,1,convenor.bsky.social
did:plc:6dz3ci2p6ojv633run467izc,1,cvenash-vishneri.bsky.social
did:plc:6dzlym323kgt62kmm36gdvuz,1,ceona.bsky.social
did:plc:6efnizcwsbqb4t4qsxpg4ic3,1,myosot.bsky.social
did:plc:6emsaxhev75u2rbnljhbfmfb,1,chrisbee.bsky.social
did:plc:6epxmvp73xhmnq2ocl4v5m35,1,ceona.bsky.social
did:plc:6eqwxylg4vudatfsdxrar7tf,1,cvenash-vishneri.bsky.social
did:plc:6et2ypruv5v3ma22vmdfktgx,1,chrisbee.bsky.social
did:plc:6f5dzadxl7kvq7uk33ow6nf5,1,markthemark.bsky.social
did:plc:6f7d3tiv3uocksonutavx6ah,1,cvenash-vishneri.bsky.social
did:plc:6fcidzdkq25l6z5yi2fcjt7d,1,ceona.bsky.social
did:plc:6fcydajefsudixssaijulxsc,1,miraschino.bsky.social
did:plc:6fdfjk5sz4kaodd5n4opqb4w,1,cvenash-vishneri.bsky.social
did:plc:6fh4l3kwip24ti6jlex6pblz,1,myosot.bsky.social
did:plc:6fkum3vf42tlbtueeafob3rw,1,chrisbee.bsky.social
did:plc:6fnzney5yhgjcbw664awibcm,1,miraschino.bsky.social
did:plc:6fr6ntvgj744s5n2a3etv4yo,1,cnr-isp.bsky.social
did:plc:6frka6zp5ug2wgb5sub4hp2s,1,puppymelia.bsky.social
did:plc:6gfqdzykecqytqid5agjgzsj,1,miraschino.bsky.social
did:plc:6gkxhwu745wsod3ypflxcphr,1,convenor.bsky.social
did:plc:6go5dqmznxpnerftghkkbjff,1,cvenash-vishneri.bsky.social
did:plc:6gps5kxyx5margr5v3ejqm26,1,puppymelia.bsky.social
did:plc:6grnmeu6vmx4ibdrvz5ne7tv,1,miraschino.bsky.social
did:plc:6gtfxaje6bfovp6febq2qpwk,1,chrisbee.bsky.social
did:plc:6gtlbtzf6v5rmyctumh3m3hq,1,cvenash-vishneri.bsky.social
did:plc:6h4yyetwtlai7c6acaucnrcf,1,convenor.bsky.social
did:plc:6hdo2lnjmp4x5mntsswrzo7l,1,chrisbee.bsky.social
did:plc:6hg5p346ooee3apfyog4olx3,1,convenor.bsky.social
did:plc:6hgz6x23pj4wqei352bpfv6u,1,cnr-isp.bsky.social
did:plc:6hi3trpmsb62hh7yragceea2,1,ceona.bsky.social
did:plc:6hmhg6uef3i6gisfwtxq3zcj,1,cnr-isp.bsky.social
did:plc:6hviojbneikzb57k7grp4nod,1,cvenash-vishneri.bsky.social
did:plc:6hxww7c2grsos6koggccq5yq,1,cvenash-vishneri.bsky.social
did:plc:6hxy65aocdap6m7ephj2x4xv,1,ceona.bsky.social
did:plc:6i2csfb6ss2ixztqwug6n4av,1,chrisbee.bsky.social
did:plc:6i2yf6wvv5vunf42vqe6d4it,1,puppymelia.bsky.social
did:plc:6i3nda4dgz5tzg67ixjh3ss2,1,miraschino.bsky.social
did:plc:6igfmwa722phwwych6lzzysi,1,chrisbee.bsky.social
did:plc:6igyllqug5tvklzsh4mookla,1,puppymelia.bsky.social
did:plc:6iiq3n3ezmythlrh3muzck4n,1,ceona.bsky.social
did:plc:6ip4fx4vkfq5xhfxhczqhokb,1,myosot.bsky.social
did:plc:6ivfs3o5uoj7iak75v3jrxxs,1,cnr-isp.bsky.social
did:plc:6ivl2s6hvuoituw5k4gmlvvo,1,cvenash-vishneri.bsky.social
did:plc:6j654bfrsgzqxto4x74c466d,1,joat3.bsky.social
did:plc:6jdkgoacwz24jjmq72tc2rgc,1,puppymelia.bsky.social
did:plc:6jivfqx4v7zep7uuhjxl6not,1,joat3.bsky.social
did:plc:6jkqzsdlbungg5s7zh6q5na4,1,markthemark.bsky.social
did:plc:6jnvo6swuljqdi6zu2jwygmf,1,cnr-isp.bsky.social
did:plc:6jpqgc6d4tplxcioxuh7khmr,1,markthemark.bsky.social
did:plc:6js2wkpi7qaa6f6shm24xezd,1,puppymelia.bsky.social
did:plc:6jv7bys47g55ez4dpywbifdk,1,cvenash-vishneri.bsky.social
did:plc:6jz7aniyrqjdpopmvh5ecofc,1,convenor.bsky.social
did:plc:6ka33jxc6lm6u2y2u4xrrzuo,1,cvenash-vishneri.bsky.social
did:plc:6kfv4l2wkabpwgw3v6k2vwx2,1,cvenash-vishneri.bsky.social
did:plc:6khpbdohhrji2ulnmye5l2de,1,miraschino.bsky.social
did:plc:6kjtkhcbd7rrnpzzqbnarolc,1,convenor.bsky.social
did:plc:6klfenwl7jmppvdae7u2quj4,1,ceona.bsky.social
did:plc:6kqpljoz4r7ttyhofw6sg2km,1,chrisbee.bsky.social
did:plc:6kyfxisu7icskz2c72szh4we,1,chrisbee.bsky.social
did:plc:6lfwii757atmbqc65iphii7k,1,cnr-isp.bsky.social
did:plc:6ljb5gi2g77f4may46o3cp6w,1,cnr-isp.bsky.social
did:plc:6lml2b73fazegcwy6gbxeyuc,1,convenor.bsky.social
did:plc:6lpjitiyqjofkcixsfwtrpam,1,convenor.bsky.social
did:plc:6lpk72rqnczhh3f2ykm2nytl,1,markthemark.bsky.social
did:plc:6lush74klvd4wx6izqsfvcpw,1,chrisbee.bsky.social
did:plc:6lw4xio6vvajpb3wxzujjzba,1,convenor.bsky.social
did:plc:6lxjcwwi36xzrjvcbmowm7tv,1,joat3.bsky.social
did:plc:6msn24c6e2rit7q3do445udt,1,chrisbee.bsky.social
did:plc:6mxlovsdobqqe4h6pfvk7a5k,1,miraschino.bsky.social
did:plc:6n57mqi2frdsdozo7co6wiqv,1,convenor.bsky.social
did:plc:6n5uasvj43ivtc2unyoyabjn,1,ceona.bsky.social
did:plc:6nbjhthaab3hie5bpxt3x7uz,1,puppymelia.bsky.social
did:plc:6ncbzlnfmtd63jr4u7go4hnz,1,markthemark.bsky.social
did:plc:6nge2vtvkuqu47f7niuqph3m,1,cnr-isp.bsky.social
did:plc:6nhrn6x27fj4h6uv4cjl7e6z,1,chrisbee.bsky.social
did:plc:6nmtssn7y4qkekucanhsy76v,1,miraschino.bsky.social
did:plc:6nujn2fsmvu2qkdm5vvkptrx,1,cnr-isp.bsky.social
did:plc:6o2j2nedc3fzxct2hvbkdlft,1,convenor.bsky.social
did:plc:6o6qcepktto7neoz4hyzeguz,1,markthemark.bsky.social
did:plc:6o6u2qkva5so4b53uwl3bush,1,convenor.bsky.social
did:plc:6ond5sxlegjxpe3ismrczk3r,1,myosot.bsky.social
did:plc:6oon4k7cijeehvjyf4ycyg45,1,joat3.bsky.social
did:plc:6oqvimuoswoiea3xiwtl46g3,1,miraschino.bsky.social
did:plc:6ormzxhxfqwklajocwhc5run,1,joat3.bsky.social
did:plc:6orrijlm26ssnwvfwsvmydsl,1,puppymelia.bsky.social
did:plc:6p2lyczwwvxmqaiwofl7hiep,1,cnr-isp.bsky.social
did:plc:6pbxx42oa5incamohqmvkffi,1,joat3.bsky.social
did:plc:6pejtjzs6d4ehygrhtd2lt5k,1,cnr-isp.bsky.social
did:plc:6pfknmiimgsnuvl5nd5rzpsn,1,joat3.bsky.social
did:plc:6pg7x4yquahpfhih3yhkqwwx,1,cnr-isp.bsky.social
did:plc:6pqbvcojurzrkujba6azgokz,1,convenor.bsky.social
did:plc:6q2thhy2ohzog26mmqm4pffk,1,chrisbee.bsky.social
did:plc:6q4ejkm5yoqucqfo65iqmerg,1,myosot.bsky.social
did:plc:6q7gnrlkgbzfubvwbcampsv5,1,chrisbee.bsky.social
did:plc:6qbnrw55ep7gbr6tjkr4zfba,1,cnr-isp.bsky.social
did:plc:6qe2a4cy4q3h7umjn6g2f6s7,1,miraschino.bsky.social
did:plc:6qg5d7knjlfkqru5x5rms6im,1,cvenash-vishneri.bsky.social
did:plc:6qh7olzkddl5m4mfhrnqz34v,1,chrisbee.bsky.social
did:plc:6qppa44hr2vb72kf5qpsivyu,1,ceona.bsky.social
did:plc:6qzvx36sqncolrglhfdj6cfn,1,ceona.bsky.social
did:plc:6r5g26eilnavm6c2d2codsh7,1,cnr-isp.bsky.social
did:plc:6r6xdmtqfl7svhzgnf7b4cz4,1,cvenash-vishneri.bsky.social
did:plc:6rc4urkb6xo2loctrtt2grh2,1,joat3.bsky.social
did:plc:6rc6647diatmeoj4eo7ygdr3,1,joat3.bsky.social
did:plc:6rh5joym2yhuju7txyt4x3q3,1,cnr-isp.bsky.social
did:plc:6rm7oojuvhyhrs5hce7iwcwp,1,ceona.bsky.social
did:plc:6roin47wkcm6vklygde5b26g,1,miraschino.bsky.social
did:plc:6rqarn6pz6fibj7rxk63wmov,1,cnr-isp.bsky.social
did:plc:6rsdbsvsnvsjkmsbahmntdfl,1,ceona.bsky.social
did:plc:6rvakcmyjpwxxdkzfxyllbfb,1,myosot.bsky.social
did:plc:6ryuamgezlgxfjbv4odkugaz,1,myosot.bsky.social
did:plc:6s4cjkgzqeb62jyu4kycsilc,1,convenor.bsky.social
did:plc:6s56sbeyuoove4g5bhjkxs4y,1,convenor.bsky.social
did:plc:6s6jmt5hcp6hhrcv2ipqkwir,1,markthemark.bsky.social
did:plc:6scx6oaqwnrujixapevlcmp4,1,miraschino.bsky.social
did:plc:6sdarr65tr3x52tnoqhmbfaw,1,convenor.bsky.social
did:plc:6sfm63p34dx4x7spt4fiohvj,1,puppymelia.bsky.social
did:plc:6sn5pncj3ldtnhij5ahxhcxs,1,myosot.bsky.social
did:plc:6sowtv7knw7xz53yshplj2s3,1,puppymelia.bsky.social
did:plc:6spqwj4dyks64eaz3zo3jds4,1,markthemark.bsky.social
did:plc:6suknjbbbgyfswveziao5szd,1,chrisbee.bsky.social
did:plc:6sx6l7pe3rm67pyftycyzmud,1,joat3.bsky.social
did:plc:6sz7ucm2gtwpuszym5a5entu,1,convenor.bsky.social
did:plc:6t7bb7ehyc52tqmettw4fdfo,1,myosot.bsky.social
did:plc:6tr6tuzlx2db3rduzr2d6r24,1,markthemark.bsky.social
did:plc:6ttlbb5fexsio4pi2sjbtdqd,1,joat3.bsky.social
did:plc:6ttph2o3zdli5b36spl5xmzr,1,ceona.bsky.social
did:plc:6tupwvluov4sfyhv6v3tilg4,1,markthemark.bsky.social
did:plc:6twulch55g32uzggwgwwyvfz,1,markthemark.bsky.social
did:plc:6udgxv2qb7huanku26zll4fv,1,cvenash-vishneri.bsky.social
did:plc:6udifmlavek6virzocys63od,1,cnr-isp.bsky.social
did:plc:6udxlo4rmwxb3uork766o6wk,1,myosot.bsky.social
did:plc:6ui77txzzc5prhvlfcvrzqqb,1,markthemark.bsky.social
did:plc:6umfc535gvccnvd7tiqe3uxd,1,puppymelia.bsky.social
did:plc:6uqqv7asv2xsxwn224tyexng,1,cnr-isp.bsky.social
did:plc:6uuv4roqe2rczxgzg73ga772,1,cnr-isp.bsky.social
did:plc:6v3v7ciapbnmavxwmcovusxz,1,markthemark.bsky.social
did:plc:6v6x56n5dmd5wvw2abp4rfwg,1,miraschino.bsky.social
did:plc:6vaygshthvwirk4w44xfvnfd,1,myosot.bsky.social
did:plc:6vdgoinf4xl7teq4quvhtf5y,1,chrisbee.bsky.social
did:plc:6vef6bqmqjgvlh4jlmw3m3q5,1,ceona.bsky.social
did:plc:6vk3ge42odhqzfd7zrqcrql2,1,chrisbee.bsky.social
did:plc:6vkojfq35m5bsfvcw5rhwqnq,1,cvenash-vishneri.bsky.social
did:plc:6vkvg25jjyo7q7etet4ovywc,1,cvenash-vishneri.bsky.social
did:plc:6vmdokqghozvjnhf4vgbq75x,1,markthemark.bsky.social
did:plc:6vnk2v45vdpzzxz7ruiec3qa,1,joat3.bsky.social
did:plc:6vwezbhj7wwowu4sbur5npjk,1,chrisbee.bsky.social
did:plc:6w3nswayo6lk3hujtg5y6h4g,1,ceona.bsky.social
did:plc:6wb6fwqnssysmgnny4o4hymi,1,cvenash-vishneri.bsky.social
did:plc:6wcfe53gvzkg347vb3na6u6m,1,chrisbee.bsky.social
did:plc:6wkmlbv4opeuwppxi73ozhna,1,ceona.bsky.social
did:plc:6wqt35xaokbjq3sdqjfuktq7,1,joat3.bsky.social
did:plc:6wxna6goafq2yp33wg36oaq3,1,cnr-isp.bsky.social
did:plc:6x7x64ly3wuxqt55bszckpdw,1,cvenash-vishneri.bsky.social
did:plc:6xebigi3jwxbr3znkpe6l5jd,1,ceona.bsky.social
did:plc:6xi5nlyygkaunwjrymasixhr,1,ceona.bsky.social
did:plc:6xkhaxnzvzrjmsjxih75t6i4,1,miraschino.bsky.social
did:plc:6xlrignu6rx4c3xslnkmhrci,1,miraschino.bsky.social
did:plc:6xt7j6q2g4oedf5b6fdpx7dd,1,cvenash-vishneri.bsky.social
did:plc:6xtmmd6or4e7kojabmmevg74,1,cnr-isp.bsky.social
did:plc:6xvytetheau7pkhaqi6dhxqy,1,chrisbee.bsky.social
did:plc:6y3honhec2jch2ryrbuyx5a5,1,miraschino.bsky.social
did:plc:6y52tbkuxboohdolvucr3pq2,1,ceona.bsky.social
did:plc:6y7hlm43uj7xwywrvm3ikdpx,1,myosot.bsky.social
did:plc:6yedvymehprtsaiuinqclvvu,1,myosot.bsky.social
did:plc:6ym4e7qn3fvv5zizqk7vqy6n,1,chrisbee.bsky.social
did:plc:6ywhdb7ps722zikdgshuyuso,1,markthemark.bsky.social
did:plc:6ywximgvrfgussh6ezutbtms,1,ceona.bsky.social
did:plc:6yxfgdigb2jad5nmrkzhko3s,1,markthemark.bsky.social
did:plc:6yywg7vsyb75nfs64je3mciq,1,joat3.bsky.social
did:plc:6zbv7mepbzpz6pmqqu7wnl6y,1,markthemark.bsky.social
did:plc:6ziys442okddxmjlbuiqkmcl,1,joat3.bsky.social
did:plc:6zk277jekbdaxhuz7y6gjkbc,1,cnr-isp.bsky.social
did:plc:6zp4cfbvk6cqi7vf6gzb7ayy,1,joat3.bsky.social
did:plc:6zqecb5gxtc43ccgpcx4fmam,1,cnr-isp.bsky.social
did:plc:725ag4mnmf7mgctp325fzfnq,1,miraschino.bsky.social
did:plc:72643wfewxogd46yyxxuqius,1,miraschino.bsky.social
did:plc:72jtkahl26zsrpniphizhq3c,1,myosot.bsky.social
did:plc:733cfdsr7m5ztsdrza5a5yze,1,puppymelia.bsky.social
did:plc:737vkpayb7uxlx4fjphrfcgr,1,puppymelia.bsky.social
did:plc:73aicoale2mqwrap63rdzwep,1,convenor.bsky.social
did:plc:73kz3fhlqkqnt5xbkjadjzs6,1,puppymelia.bsky.social
did:plc:73mwpus3bnaomgpfvu5ovdbm,1,puppymelia.bsky.social
did:plc:73p4leycmcbvh7im2cc7mtga,1,cnr-isp.bsky.social
did:plc:73t3muu2pudsajp7a2fj3aly,1,markthemark.bsky.social
did:plc:746ahetzfpnhrnaugux2qsre,1,miraschino.bsky.social
did:plc:747l5tsgl3vf4e4labrmi2cr,1,myosot.bsky.social
did:plc:74ax2kgpnq3hy44yz5hm6rya,1,myosot.bsky.social
did:plc:74rt5km54rbcsc6pgfqvsees,1,joat3.bsky.social
did:plc:74suz6aj755uwqic6lp5tsjd,1,puppymelia.bsky.social
did:plc:74szfqqnebq2kgdzgi5hwuq4,1,miraschino.bsky.social
did:plc:74tmnxmyu22uk3nt637kujnq,1,convenor.bsky.social
did:plc:74yepiw5kas7nxrpukv4yl2k,1,markthemark.bsky.social
did:plc:75bf4yxcz3dcdqxelgtwow4s,1,joat3.bsky.social
did:plc:75epdxwgxjndsicqx524oukn,1,puppymelia.bsky.social
did:plc:75pstmifdlk6gahfey4vekxg,1,cnr-isp.bsky.social
did:plc:75u3hocqdqkodzcgnhoaoxig,1,puppymelia.bsky.social
did:plc:75xixksosn6lgcw32cquushe,1,markthemark.bsky.social
did:plc:762i7o372eenzijefnkjg4ic,1,markthemark.bsky.social
did:plc:767ycrlfjmddxgnxsylkfbrd,1,cvenash-vishneri.bsky.social
did:plc:76cgfebufmdw4vbkt7jtfcyf,1,puppymelia.bsky.social
did:plc:76nse4zci4vx2kr4dg2eftis,1,miraschino.bsky.social
did:plc:76rv44ztv47b3ejtfb4atp5l,1,ceona.bsky.social
did:plc:76wtcaj3bk2c6tz7fkqt7gc6,1,convenor.bsky.social
did:plc:76zbdemk23b6pqmbn7aslash,1,joat3.bsky.social
did:plc:76zitf7qmtele7zhidkib3s6,1,cnr-isp.bsky.social
did:plc:776e3yywblndrfvzt4tgbdkm,1,chrisbee.bsky.social
did:plc:77co7bymmabei5pjaj725dqw,1,chrisbee.bsky.social
did:plc:77f4vm7p27kek7wo47hambb5,1,cnr-isp.bsky.social
did:plc:77gzt2ke3yp5zouubcoixsnr,1,puppymelia.bsky.social
did:plc:77mboyaqliok4fi6sl6g3ppl,1,myosot.bsky.social
did:plc:77pd2eopfgd3mvzodms6ruum,1,joat3.bsky.social
did:plc:77qpuvblfw6mwtf2svg2sknl,1,convenor.bsky.social
did:plc:7acycwx7fdzmg6aezrpqis7b,1,cvenash-vishneri.bsky.social
did:plc:7adphvbrctsq5xigbjyz4yqw,1,puppymelia.bsky.social
did:plc:7agdw4omt6gdtmyzq625uxip,1,cvenash-vishneri.bsky.social
did:plc:7akuxirbw6xbcaudq3jnlnxk,1,markthemark.bsky.social
did:plc:7awd7zf56kmm6apkp7obooxg,1,chrisbee.bsky.social
did:plc:7ayzrn4r2k7a34bser4vklcd,1,myosot.bsky.social
did:plc:7b4ba4ialztxqftfvmmqv4il,1,miraschino.bsky.social
did:plc:7b5ffheuztsnusuo6cqyrj2t,1,myosot.bsky.social
did:plc:7b6w3jiniohefipvykxnw2gx,1,ceona.bsky.social
did:plc:7belxgc2g2spveges3znqdax,1,chrisbee.bsky.social
did:plc:7betu7f3mccevftbogt2fmpo,1,convenor.bsky.social
did:plc:7bgjy6xslj2wx5y2hgg2p74a,1,cnr-isp.bsky.social
did:plc:7bhmruw6ypmgui2ts7cvbchx,1,markthemark.bsky.social
did:plc:7bmggebsktcp5vcrlwnq5nzm,1,ceona.bsky.social
did:plc:7bmzif5bxhm3s7lctk6f37mr,1,miraschino.bsky.social
did:plc:7c22m4boee4eo2ylssc4ixtc,1,cnr-isp.bsky.social
did:plc:7c36cnjznnif2qyfvmrm6z4x,1,myosot.bsky.social
did:plc:7c6pppfliu7v6lakxovnpgwd,1,ceona.bsky.social
did:plc:7ccibg4jsqdvdx6dkli6opxi,1,ceona.bsky.social
did:plc:7cgn3czdxcpsas5a6kp5bt2x,1,myosot.bsky.social
did:plc:7cgnz3lwxhwnw4j7toggsgam,1,cnr-isp.bsky.social
did:plc:7crc3usnn574itdyd5va3jbq,1,miraschino.bsky.social
did:plc:7ct72ovr52lelpmbrah4d42t,1,ceona.bsky.social
did:plc:7czk4lmulurbye7xyfk54auj,1,cnr-isp.bsky.social
did:plc:7d33vjrei7fz3tlxbrgdnt37,1,markthemark.bsky.social
did:plc:7daynx3iknjnt4hiwmiofibm,1,chrisbee.bsky.social
did:plc:7dc2ec7iadso4vahsndlpofu,1,cvenash-vishneri.bsky.social
did:plc:7dcukwsnpfpn5bwby2ixkuiw,1,puppymelia.bsky.social
did:plc:7ddftkomtzz7a3jqlrxwmtbj,1,markthemark.bsky.social
did:plc:7desuhavanpjams3e7ttjjhl,1,ceona.bsky.social
did:plc:7df5c5sdsmbxspqvhwda4rh7,1,miraschino.bsky.social
did:plc:7dgkvcadifglq2iixkxdy24k,1,miraschino.bsky.social
did:plc:7driofq26xcwslbciudugixt,1,ceona.bsky.social
did:plc:7dudzekxzjntopzy22tf7xtn,1,ceona.bsky.social
did:plc:7dxte4hs6vqcabfg6birjsbp,1,cnr-isp.bsky.social
did:plc:7e6atx5cxcfh5wetey4phyk6,1,cvenash-vishneri.bsky.social
did:plc:7edrklnt3jsdsznexps75itg,1,chrisbee.bsky.social
did:plc:7eso2gr2pochgragfjbcpydn,1,puppymelia.bsky.social
did:plc:7eufcjfodlkhcszdvbzx4xyj,1,miraschino.bsky.social
did:plc:7euyhmbjwcjixojzshfr6hqc,1,cvenash-vishneri.bsky.social
did:plc:7ffxo5r4hh6wxsascfjtcu74,1,cnr-isp.bsky.social
did:plc:7fh65gpwlxlanjpjr2w5eap3,1,convenor.bsky.social
did:plc:7flrn42r4cjdkrt6tt6po7i5,1,ceona.bsky.social
did:plc:7fohz6zschmorjbt4n6vlyag,1,convenor.bsky.social
did:plc:7g6egal4g5xxyndeeltr5oss,1,ceona.bsky.social
did:plc:7g7crwnjqqzlagahry66il3g,1,joat3.bsky.social
did:plc:7gfdylyjlkyk54clsyedgtej,1,convenor.bsky.social
did:plc:7goam3zj6y3inzv3nu7brmlh,1,chrisbee.bsky.social
did:plc:7h27fsjxi3jhuonvmxusbdyn,1,cnr-isp.bsky.social
did:plc:7h2bypp6ri7ia4rkryuotjty,1,convenor.bsky.social
did:plc:7hcuyrhbfbjwqeycykf6se6c,1,myosot.bsky.social
did:plc:7hd7nyndhkfoyrftxw2mfvvc,1,convenor.bsky.social
did:plc:7hplopwczzikz3twsfzjynvd,1,cvenash-vishneri.bsky.social
did:plc:7hr2jl452anzvxfdtvwitucd,1,joat3.bsky.social
did:plc:7hum6q3jhgojyri4ldgs6fny,1,cnr-isp.bsky.social
did:plc:7hv6uebrjhxn2blwrg56lvfo,1,miraschino.bsky.social
did:plc:7hygc7jytj5skvqxr25ceguw,1,cvenash-vishneri.bsky.social
did:plc:7i2fomexyarexyvecwsfbrix,1,puppymelia.bsky.social
did:plc:7i2grzu3lvuott3xqpl2vv3h,1,cnr-isp.bsky.social
did:plc:7i33rgbdbaf45tmzujxhafmx,1,cnr-isp.bsky.social
did:plc:7i34hokapv5orjhsa2cyfw4f,1,cvenash-vishneri.bsky.social
did:plc:7i5vzd2m5yuk52wcdslghysh,1,myosot.bsky.social
did:plc:7i6krmrt4o7guo5kyt73s2e4,1,myosot.bsky.social
did:plc:7i7k6f6hdyg6gp5bzt7ut3ix,1,chrisbee.bsky.social
did:plc:7iacutsol3o2l4mo4d2odyzm,1,cnr-isp.bsky.social
did:plc:7ieslzsosfxql4yvo7ykvvqx,1,puppymelia.bsky.social
did:plc:7ij7fjapvgunpuw56ok5576a,1,puppymelia.bsky.social
did:plc:7ikl5b575otp6uxqsddmvuzh,1,miraschino.bsky.social
did:plc:7ikzy6u5vmnihkwqsrwnkkfi,1,chrisbee.bsky.social
did:plc:7im5lhrrhsu4aa7hteubi5s5,1,joat3.bsky.social
did:plc:7innyoyk32mqx2q4gtt3i3jd,1,markthemark.bsky.social
did:plc:7iqfp6xerkvnsui2v2xeh2lq,1,ceona.bsky.social
did:plc:7ix7jizjbu3crs64kptldvmp,1,cvenash-vishneri.bsky.social
did:plc:7jevemrmuoyd2los44duvug5,1,cvenash-vishneri.bsky.social
did:plc:7jinhm2kdk2cn2ef5zhjaonb,1,cvenash-vishneri.bsky.social
did:plc:7jjnglkghjz3xpjedbqc6nvb,1,chrisbee.bsky.social
did:plc:7jmdpojywevzrypujue67mmi,1,chrisbee.bsky.social
did:plc:7jpj3qbalanjlkna2m7lp7yk,1,cvenash-vishneri.bsky.social
did:plc:7jt2v5pp4pxa2kjby2vmnzeu,1,myosot.bsky.social
did:plc:7jxpnoyh4hyrl7qt7zshoj3u,1,convenor.bsky.social
did:plc:7jxr36kjb45mdwlkomtjiaia,1,markthemark.bsky.social
did:plc:7k44fu2nksnrnplnvmi3u7nm,1,cnr-isp.bsky.social
did:plc:7kblsthfxoyrtxtx3gajmbz6,1,ceona.bsky.social
did:plc:7kbrpoxrxa6cgegxrhdgihhp,1,joat3.bsky.social
did:plc:7kd4hkjxyklogv2wu6cqimu3,1,cvenash-vishneri.bsky.social
did:plc:7kx6u6qsixz4szsu466uhk7k,1,cvenash-vishneri.bsky.social
did:plc:7kyhya3an23zgntzvxofmwwq,1,myosot.bsky.social
did:plc:7l7dl4ar6ebr4sfhx2mygycf,1,ceona.bsky.social
did:plc:7ltygigaq73clipjyowsemti,1,convenor.bsky.social
did:plc:7lxqfgowc4gntw5vvb4xpvhd,1,convenor.bsky.social
did:plc:7mgvixhyzj2vmwyxu6eqel7u,1,chrisbee.bsky.social
did:plc:7mjckaqfwkhctl4xyobokup4,1,myosot.bsky.social
did:plc:7ml24lk3yxcdcfoeidf56ucb,1,cvenash-vishneri.bsky.social
did:plc:7mmoyt3qnqm5257ggojnxic4,1,ceona.bsky.social
did:plc:7mne2fj6vuqwjgguzxtrrvjn,1,cnr-isp.bsky.social
did:plc:7mz3udah2m4but3cwwujt422,1,markthemark.bsky.social
did:plc:7nmnou7umkr46rp7u2hbd3nb,1,joat3.bsky.social
did:plc:7nq57xyonruljcztdmztildg,1,chrisbee.bsky.social
did:plc:7nwxvbpggqhjnaqqhhfypvsd,1,myosot.bsky.social
did:plc:7ocg7zv6tz5v55otpwksjytm,1,myosot.bsky.social
did:plc:7oslqf554gyvd5523tkdzy3c,1,cvenash-vishneri.bsky.social
did:plc:7p3lqxrd4u4txrzh6icg3t6a,1,myosot.bsky.social
did:plc:7pgbissj3jaodgxqizaajpe4,1,cvenash-vishneri.bsky.social
did:plc:7pk5ufsbzfnxuyvuono2c25i,1,cnr-isp.bsky.social
did:plc:7pneu4er4i6cilvij3mxaioj,1,cvenash-vishneri.bsky.social
did:plc:7ppejypg2fjsmwv3n3apdfkl,1,cnr-isp.bsky.social
did:plc:7pqjtsaxjjxq7h2dlvnj4623,1,miraschino.bsky.social
did:plc:7pslm5fysk55jkwoulw5octt,1,chrisbee.bsky.social
did:plc:7pti5fmcxmzofa2vfr7baslp,1,puppymelia.bsky.social
did:plc:7ptszz2hvwcfeiqpu7txl5l7,1,convenor.bsky.social
did:plc:7pwalto3fnpetzbtfbybarue,1,convenor.bsky.social
did:plc:7pwxoclrsyye4hgjrvs6hgll,1,myosot.bsky.social
did:plc:7px7ribxpqztld2qlkvkledo,1,puppymelia.bsky.social
did:plc:7q3w4zshnfsnqqn55znzyl2r,1,puppymelia.bsky.social
did:plc:7q4kgsd6zxvysmt4fubggsmv,1,puppymelia.bsky.social
did:plc:7q5jh3mrw2noabgsaq45cknj,1,myosot.bsky.social
did:plc:7qbt6aumytijff2zqnlhan3j,1,joat3.bsky.social
did:plc:7qkvtcfbhr3yhkds6s6t5d2h,1,joat3.bsky.social
did:plc:7rmejk2hlkw2sfowiatzoo6b,1,chrisbee.bsky.social
did:plc:7rmke2xc7k6rzaxovickqwia,1,convenor.bsky.social
did:plc:7rvpkbpz7v7ncoqpljuo3jil,1,joat3.bsky.social
did:plc:7rx6iwss5i6fn44mpwgpyctb,1,myosot.bsky.social
did:plc:7sfqvvcpwyzjrai4xuz5xj7h,1,myosot.bsky.social
did:plc:7sjfkwetnvj5vjsoyadevk2z,1,puppymelia.bsky.social
did:plc:7sse3pwo45do6h3we2eue4mn,1,puppymelia.bsky.social
did:plc:7svmwh5hydp2wkpu22bh5t7p,1,ceona.bsky.social
did:plc:7t2urmt3i33jl6tjgiolio6g,1,convenor.bsky.social
did:plc:7thghp7uuk4xa6nctttmty35,1,markthemark.bsky.social
did:plc:7tohx5b2cwgddnawmvghryf5,1,miraschino.bsky.social
did:plc:7tycv5si6lwomorm6kc3slpb,1,markthemark.bsky.social
did:plc:7tyvtyhaabrpvro5t5mut77t,1,cnr-isp.bsky.social
did:plc:7tzgrvodrvsz5ektdet5c6dk,1,puppymelia.bsky.social
did:plc:7ug4vzs33vpdlwgiwk436sig,1,chrisbee.bsky.social
did:plc:7umo3cbjz7fhcost4yqj6jbo,1,myosot.bsky.social
did:plc:7umvpuxe2vbrc3zrzuquzniu,1,miraschino.bsky.social
did:plc:7urvh5mesjq3ywdfr2ebcmbo,1,ceona.bsky.social
did:plc:7usmasbq5js7i7ovvl3ce4at,1,convenor.bsky.social
did:plc:7utqq3ysuygkpefjcd5vbons,1,chrisbee.bsky.social
did:plc:7v33jhm3jle5ssn2u3ax2sxg,1,ceona.bsky.social
did:plc:7v73ysfxxzdml4r2ochpvelj,1,cvenash-vishneri.bsky.social
did:plc:7vagxrj6ra6fikqrpm6a45v2,1,ceona.bsky.social
did:plc:7vbxlxxflpvx34qnyr62e2oh,1,cvenash-vishneri.bsky.social
did:plc:7vcekydvtyiixhdrl64uks5v,1,markthemark.bsky.social
did:plc:7vcoux57434n326xtlykw2kv,1,chrisbee.bsky.social
did:plc:7vhpupik7k53ic2lagyfvwj5,1,markthemark.bsky.social
did:plc:7vpaxjt2f5e3czletcbc6wib,1,puppymelia.bsky.social
did:plc:7vtpkgfylj73j2acpehnyv63,1,miraschino.bsky.social
did:plc:7vxlchlhixyxktrpxegr7lzf,1,cvenash-vishneri.bsky.social
did:plc:7vxsz754yu2apdejyh5dzjdz,1,cnr-isp.bsky.social
did:plc:7vyyy23h3scgc3vrtzm5kbrx,1,chrisbee.bsky.social
did:plc:7w2gmgm2xipi4q5fai33zxgj,1,convenor.bsky.social
did:plc:7w7gic5shjj3z2uiwphn6xwc,1,cnr-isp.bsky.social
did:plc:7wgm4xrj6izakjseb2e2j5u7,1,markthemark.bsky.social
did:plc:7wn7mzpmhgyrvfof4kgcgeoy,1,miraschino.bsky.social
did:plc:7wshjrw62qim2d7vexrzfyjj,1,joat3.bsky.social
did:plc:7wzqlehwcsr6dgyjhtvgiowb,1,puppymelia.bsky.social
did:plc:7x2cg3jjcjthvz4pegnb6lj5,1,cnr-isp.bsky.social
did:plc:7x2i2b6o6ppegh5rj2ivmnj4,1,myosot.bsky.social
did:plc:7xkc5gsqnj33qs3fsa2mewzj,1,miraschino.bsky.social
did:plc:7xvpldwtth6qymtoyxich2t6,1,ceona.bsky.social
did:plc:7y76lpy7735s46nkrirpkb33,1,cnr-isp.bsky.social
did:plc:7y7w3emvvirrixpyt5sjysd4,1,cnr-isp.bsky.social
did:plc:7yae6zexwxrphkd3bdsycmud,1,cvenash-vishneri.bsky.social
did:plc:7yfc7qnzxci6tmp35n26r3k5,1,puppymelia.bsky.social
did:plc:7yndltjxula6kgl342766r7y,1,markthemark.bsky.social
did:plc:7yqyy4ljuhvmzihgdu4rmpqs,1,cnr-isp.bsky.social
did:plc:7ysegjfdsfr644oswtchg6xt,1,puppymelia.bsky.social
did:plc:7yvyjiecwpg4nscrjnpeohxc,1,joat3.bsky.social
did:plc:7z4ol3e6zdvmppyklmdsdfze,1,markthemark.bsky.social
did:plc:7z6k72czjbseydr5qw2r6dfw,1,puppymelia.bsky.social
did:plc:7zd4tfxowkzaamhcktokoymk,1,convenor.bsky.social
did:plc:7zdirdg6xfmaq23h43vgtehh,1,cnr-isp.bsky.social
did:plc:7zdv3qphe6j7cv6fbsqg6toc,1,cnr-isp.bsky.social
did:plc:7zeg4f4535mfe3vx3vfykwt5,1,chrisbee.bsky.social
did:plc:7zfv4jbsxzsw3ag6bekg7s5g,1,miraschino.bsky.social
did:plc:7zjlvbzvywglrtywajfpgrlg,1,ceona.bsky.social
did:plc:7zkpxfi3zpdfvtqz2rfs6gak,1,chrisbee.bsky.social
did:plc:7zldgmqddefk3p3akzyeoxfi,1,joat3.bsky.social
did:plc:7zlqb4hxaju5lsm6ynyrp6yv,1,cvenash-vishneri.bsky.social
did:plc:7zme6uhuddumxmin6m575tkb,1,markthemark.bsky.social
did:plc:7zo2m47clvry3lbqozpbhtfx,1,myosot.bsky.social
did:plc:7zqvvd3s6lwhbogi3uz6bweu,1,convenor.bsky.social
did:plc:7zsuh3wjivfe34jdhiitubki,1,miraschino.bsky.social
did:plc:7zttdi43mjoxyi2nmkw2waak,1,myosot.bsky.social
did:plc:7zwztfs4yywggefayx7oid35,1,convenor.bsky.social
did:plc:7zx5amooszkv4bxzobjnqmpc,1,cnr-isp.bsky.social
did:plc:7zyyiwk7eenfup2tavdlazda,1,markthemark.bsky.social
did:plc:7zzwzoh6wixcvgjcvwxeydzw,1,markthemark.bsky.social
did:plc:a24kotzhlnb4fvt7odiqlbd6,1,convenor.bsky.social
did:plc:a24py6iskw4pqw3ucczznzcb,1,markthemark.bsky.social
did:plc:a2dgvgbavp5hjngmvakb7lo6,1,cnr-isp.bsky.social
did:plc:a2mt7y22bna23xwj6rzq6dcl,1,markthemark.bsky.social
did:plc:a2uyghwrdhofsrt7626vxtrq,1,joat3.bsky.social
did:plc:a34up3sbewa5lj2cqpm4wltx,1,joat3.bsky.social
did:plc:a3axz372uf4q2tqsg5zbside,1,joat3.bsky.social
did:plc:a3b7azcjwacwvj7yt2arfoj2,1,puppymelia.bsky.social
did:plc:a3cfvwdbeunn52me6ff4pgik,1,puppymelia.bsky.social
did:plc:a3ck56zrcpoajvsmmed25sns,1,cvenash-vishneri.bsky.social
did:plc:a3giicxraxasi6wccevd7cbl,1,miraschino.bsky.social
did:plc:a3ldebxtzswj2gdoukwm54zf,1,myosot.bsky.social
did:plc:a3ls5giu467zlydjiewkdew4,1,ceona.bsky.social
did:plc:a3m54c4suf2odoycgsx4fv6v,1,cnr-isp.bsky.social
did:plc:a3wkbuifygr7vop6p7pbblq6,1,puppymelia.bsky.social
did:plc:a445sa7lwrevrsen6bc3lq4b,1,ceona.bsky.social
did:plc:a4ezo4b5wi6lxidsqgtaeglq,1,miraschino.bsky.social
did:plc:a4fhsjehjjdv4th3dj4nt7r5,1,cvenash-vishneri.bsky.social
did:plc:a4kbwmiycjuhysnieidalxwa,1,convenor.bsky.social
did:plc:a4pxxlbb7vg2herqg732jkyg,1,miraschino.bsky.social
did:plc:a4sqzrxib5oqnw2tku3p6gsh,1,markthemark.bsky.social
did:plc:a4vpvpi5xwalzjlw72f44afo,1,chrisbee.bsky.social
did:plc:a4wzpl7hpxvvntj6hatvuhlw,1,ceona.bsky.social
did:plc:a57z54vbficoyp3eogubdn4z,1,cnr-isp.bsky.social
did:plc:a5b3tgurfksch5xhmdnhw7fq,1,myosot.bsky.social
did:plc:a5ccvsrrh4x3ozftvuxw4axj,1,joat3.bsky.social
did:plc:a5km2gnoyoeks76r54r2lrtc,1,chrisbee.bsky.social
did:plc:a5obm6qimk32twcouoaczycs,1,joat3.bsky.social
did:plc:a5ozswx76rhvyvnke6wjojax,1,ceona.bsky.social
did:plc:a5rps7fwisory7dq3icwcrvz,1,myosot.bsky.social
did:plc:a5wi6prlawo2jjvlyuwc64bd,1,cvenash-vishneri.bsky.social
did:plc:a65n3gf676txzoj4ctrzuvsm,1,cvenash-vishneri.bsky.social
did:plc:a65ow7c4ib3gnboo4bcto5ms,1,miraschino.bsky.social
did:plc:a6cpwkh7y5pdvb6h5etbttwl,1,convenor.bsky.social
did:plc:a6m5puxjmwuwxhuviabkhg67,1,puppymelia.bsky.social
did:plc:a6tehgn5a7piq7fipxo7qedj,1,cnr-isp.bsky.social
did:plc:a73ijdcriruy7r32qgohk3on,1,chrisbee.bsky.social
did:plc:a75d3b6ozyveb6id4v4qvujt,1,miraschino.bsky.social
did:plc:a7hgoh5jrds76waped3kbmx7,1,chrisbee.bsky.social
did:plc:a7hmykvazu5zy4ettbhjwlhu,1,cvenash-vishneri.bsky.social
did:plc:a7jc4mxl7ueqt42buklaezkh,1,convenor.bsky.social
did:plc:a7jdtlereucj6tjk2esk34wo,1,miraschino.bsky.social
did:plc:a7ptx6mdzapyioouz6uqgmgr,1,joat3.bsky.social
did:plc:aa23o5w4w2afknay44oqxqz6,1,chrisbee.bsky.social
did:plc:aawrl2p2w7zujzjsavpnhion,1,markthemark.bsky.social
did:plc:aazphvpy46j6rthmk427fwhb,1,myosot.bsky.social
did:plc:abfowuxwzdx4qxhexpuousnz,1,ceona.bsky.social
did:plc:abtmtetnv4wpot3vtid5vqnx,1,joat3.bsky.social
did:plc:ac2kmpveixxnm4cp4janyafx,1,markthemark.bsky.social
did:plc:achtta7zs3y3j5ge2u4wd6y2,1,miraschino.bsky.social
did:plc:acjklalnpptxamznuwaneqgk,1,chrisbee.bsky.social
did:plc:acjotrpmhu6a3d3kn5n7ww6u,1,myosot.bsky.social
did:plc:acqaigjttpgxwt7dv426t5d2,1,miraschino.bsky.social
did:plc:acvvobco77w45gf5v2w7kzmc,1,joat3.bsky.social
did:plc:acyqnbciik64lfpxx7yabuxd,1,joat3.bsky.social
did:plc:acywotrnpo5frkbqnyzm2yea,1,markthemark.bsky.social
did:plc:ad74lrrf6bjqjvjdujn36iqz,1,chrisbee.bsky.social
did:plc:adazzqqkymqkt53sows4rttw,1,markthemark.bsky.social
did:plc:adgveezd3pf3eukvruep2tjg,1,markthemark.bsky.social
did:plc:adqzwm63tt5siuui4umrppz6,1,cvenash-vishneri.bsky.social
did:plc:adsolpzloo4al652uerjczgx,1,myosot.bsky.social
did:plc:adssefzxai6sdhpsvnwuoplp,1,markthemark.bsky.social
did:plc:ae5aa4e3qmqvpzbfb6k4obq4,1,chrisbee.bsky.social
did:plc:ae5ixxvdzgv7buf5k76jbg2b,1,ceona.bsky.social
did:plc:aea7lleaocdv66gcrtlkakoe,1,cvenash-vishneri.bsky.social
did:plc:aef4ameim6piia4jb4cnf6ce,1,joat3.bsky.social
did:plc:aehv6uscyl3jg2euk2dayb4y,1,ceona.bsky.social
did:plc:aekvez52owv5evyh5gdmpevl,1,cnr-isp.bsky.social
did:plc:aepovylau5hk6yoksgtvdhdk,1,cnr-isp.bsky.social
did:plc:af4q64ykokylngcgu4u6wijr,1,chrisbee.bsky.social
did:plc:af5jh23amdk4vqjaey5scb5r,1,convenor.bsky.social
did:plc:af6rxgif7wfm6yy7orm3vwfq,1,miraschino.bsky.social
did:plc:afhoskcxn3d572iditrk5uad,1,joat3.bsky.social
did:plc:afksjhzogyqb6hd375kajf6p,1,myosot.bsky.social
did:plc:ag5bbsbkfw4yl3wyrqgfh3zv,1,markthemark.bsky.social
did:plc:agbkbyot7ogo6lex6poapzea,1,ceona.bsky.social
did:plc:age5xvis2s2vy5qiz2tjxoc6,1,joat3.bsky.social
did:plc:agn2weycf6ucq6pglubhcfif,1,chrisbee.bsky.social
did:plc:agqtdetizae6gie3vqplqnuh,1,joat3.bsky.social
did:plc:ah4qj3a2sqcgpjpz3lmadsb2,1,cvenash-vishneri.bsky.social
did:plc:ah6o2bb5vf4voda5bwjbpsuu,1,puppymelia.bsky.social
did:plc:ahda76rzgnry52cssscfduq7,1,cvenash-vishneri.bsky.social
did:plc:ahdbu5lxtaivwaxfpqnszbfc,1,myosot.bsky.social
did:plc:ahfg7fmzbac42tzlwr5r5j3o,1,markthemark.bsky.social
did:plc:ahkyjobb2q5bdn5rgchqg4bg,1,ceona.bsky.social
did:plc:ahmj6kvp25x62viskpvzwrhr,1,ceona.bsky.social
did:plc:ahpnlyaupoidmwd6zqa2cfzh,1,markthemark.bsky.social
did:plc:ahtnsb4va7iv75iq4nl2pt3y,1,markthemark.bsky.social
did:plc:ahuciujqunmmvnyedkswcrzx,1,cnr-isp.bsky.social
did:plc:ahzuot3wuxc6b4zdiudhx5os,1,convenor.bsky.social
did:plc:ai445ry6dbui22gbltk43en2,1,myosot.bsky.social
did:plc:ai5s7zsohtvwsmhfo6ssf76y,1,ceona.bsky.social
did:plc:aidplotprtsoza66fxlnds5u,1,markthemark.bsky.social
did:plc:aigds6qowqu5g7w6x45u3lrk,1,miraschino.bsky.social
did:plc:ailaysfpsgjpt2meqemj4ccb,1,ceona.bsky.social
did:plc:aitjagvvysgeznsmqozqteoq,1,miraschino.bsky.social
did:plc:aixugf3ocl2gw4ep4bdwt53n,1,chrisbee.bsky.social
did:plc:aj4ev7oau3s326ojziyg4rvl,1,ceona.bsky.social
did:plc:aj6p4e3ulcpkzcnwsacgcvsy,1,markthemark.bsky.social
did:plc:aj7zl2gwzmtsfzyozfmufkb4,1,chrisbee.bsky.social
did:plc:ajinl6rnzhr3o7ywcb5qsw6l,1,convenor.bsky.social
did:plc:ajkji7xlplztffj6nwgvpkpv,1,miraschino.bsky.social
did:plc:ajlenvlom5rxha6buei2vy4c,1,cnr-isp.bsky.social
did:plc:ajoeqfwtpqzinqc4c2czgh3a,1,joat3.bsky.social
did:plc:ajs3wlxc7gaucdrobhjhgmbe,1,markthemark.bsky.social
did:plc:ajv2fhlo4jsc5tkzhbexilzb,1,joat3.bsky.social
did:plc:ajxnr7epsysy5ssi6n4gvlj2,1,cnr-isp.bsky.social
did:plc:ak3x7skixkqcrkcjvtqzifti,1,cvenash-vishneri.bsky.social
did:plc:ak552cxesldxglcnb6sfefvj,1,joat3.bsky.social
did:plc:akczweldzez7vdiwcqjkrs5b,1,myosot.bsky.social
did:plc:akglfrmnposyufgofvbuqgta,1,cnr-isp.bsky.social
did:plc:akolzrrbpckmku5eodsdqvdn,1,convenor.bsky.social
did:plc:akoycjpgopvebmkqaelylmnz,1,ceona.bsky.social
did:plc:akuzymwjcpjfmcs5hrulia34,1,markthemark.bsky.social
did:plc:alac3gjss6ckiv7h5oo2x32h,1,miraschino.bsky.social
did:plc:aldtv4b7i5fshsdrf4c7kohi,1,joat3.bsky.social
did:plc:alfwnb4vncidfwinbt2t57bh,1,markthemark.bsky.social
did:plc:alhjglr6ex7yj5fy4evrgzbx,1,chrisbee.bsky.social
did:plc:alhv6cq23lxwyoa3nmtl4vky,1,miraschino.bsky.social
did:plc:allteiiudj4cmuqfqdp7rmhr,1,miraschino.bsky.social
did:plc:alqdxbp33ceoyly2o46nvcrc,1,myosot.bsky.social
did:plc:alrebap3mdvzhavx5udtcprn,1,ceona.bsky.social
did:plc:alsdumpntt3cl6oczyjq35nc,1,cvenash-vishneri.bsky.social
did:plc:alslfpxrwkcgiulvuwsvp6ve,1,ceona.bsky.social
did:plc:alx75w2av4mu6y2yh7ubakch,1,cnr-isp.bsky.social
did:plc:am6hwcld7yy4myxfvlilzhcf,1,cnr-isp.bsky.social
did:plc:amlhk5hi7xfjavbsdjt3bcno,1,joat3.bsky.social
did:plc:ammxfex4rk2cenhjeki6ybna,1,convenor.bsky.social
did:plc:amqdl2pyoopyvoykm5dne6np,1,cnr-isp.bsky.social
did:plc:an2q3lwbp3d4dm4qupvualwx,1,cvenash-vishneri.bsky.social
did:plc:ango7ssv2die5usplxnzna42,1,puppymelia.bsky.social
did:plc:ankivwxrae2t43utuaaz56yg,1,chrisbee.bsky.social
did:plc:anp4b5s3k7xkpeszssarahu2,1,convenor.bsky.social
did:plc:anr6bx6zwvb2efu7bflupkgl,1,miraschino.bsky.social
did:plc:anroyd7esliosytpdjxdkrfp,1,ceona.bsky.social
did:plc:antatfx5vpqulayk735powuu,1,puppymelia.bsky.social
did:plc:anu4oduv7y4ammwvyvnkmmx2,1,cnr-isp.bsky.social
did:plc:anxti3fo2e5srishuff3exkc,1,cvenash-vishneri.bsky.social
did:plc:anyesr57bwobytddoohv6ehe,1,myosot.bsky.social
did:plc:anza3g3iqkevzb34xo6ew6j2,1,cnr-isp.bsky.social
did:plc:ao3yrhaw3sydfbmzyeug6tyt,1,ceona.bsky.social
did:plc:aocys3wrwzpox76xoy6bkpcu,1,cvenash-vishneri.bsky.social
did:plc:aopcadtr3q3vg3hnrjc52lei,1,convenor.bsky.social
did:plc:aosops7qz5ecsx6o5yl2kdsy,1,chrisbee.bsky.social
did:plc:aotmfzifiug4q6jqbc6jjiys,1,ceona.bsky.social
did:plc:ap36ygf643k3ecy7dbl5izu2,1,cvenash-vishneri.bsky.social
did:plc:apef27d46mv6i752n4lrlqaf,1,puppymelia.bsky.social
did:plc:api65snfhjbe6ahqotphquck,1,puppymelia.bsky.social
did:plc:apqsihnkrlwuucqpsafyw7vd,1,miraschino.bsky.social
did:plc:apssfu5zqqdhdxsutocuwgd4,1,cnr-isp.bsky.social
did:plc:aq4yeuviaqbeq5r3by5v6r5l,1,ceona.bsky.social
did:plc:aqjjtplvmh5sn53ce5gcjlyo,1,chrisbee.bsky.social
did:plc:aqor3inkvazmcvon3dilxu46,1,ceona.bsky.social
did:plc:aqqtgek6tar7u5gu7rdmoe4j,1,ceona.bsky.social
did:plc:aqxshzquhiso43pbfu2lu5k7,1,convenor.bsky.social
did:plc:ar2duka5tot62fnhvllyjesh,1,puppymelia.bsky.social
did:plc:araf45xy3az77zwlwv7upadc,1,joat3.bsky.social
did:plc:arafm74ft3zdygyhtatq5j7k,1,chrisbee.bsky.social
did:plc:armlxmcieuszmzxjn66fpapi,1,ceona.bsky.social
did:plc:arqclf7twlyiqq3xcgkbdw4q,1,convenor.bsky.social
did:plc:ars53b6zz226zz53b2rhsgg2,1,convenor.bsky.social
did:plc:arv2tozn3hxjbaqrlkrcglt6,1,cvenash-vishneri.bsky.social
did:plc:arwzejsk5vyqrixkyrn4cusw,1,miraschino.bsky.social
did:plc:as33o6yahh4nb53jldsltrws,1,puppymelia.bsky.social
did:plc:asen5jbvakk5llvcgcn27h6r,1,markthemark.bsky.social
did:plc:asgm53vuby4fkfz3akyig3u2,1,miraschino.bsky.social
did:plc:asn4gclmz7scaxp5bgb7lvva,1,ceona.bsky.social
did:plc:asqi7kufk2n2lx7rfcci5nvi,1,miraschino.bsky.social
did:plc:asuqnl7ho4cjet7u2cfh2qfi,1,markthemark.bsky.social
did:plc:at5yrnkw47uhcuzc76of3bko,1,chrisbee.bsky.social
did:plc:atav34j36nxphcq5mic52cf3,1,markthemark.bsky.social
did:plc:atbm5fgwfv7knegcprlrkgl6,1,ceona.bsky.social
did:plc:atfb6n576jpwvruofcpcqd45,1,joat3.bsky.social
did:plc:atgji34mbfn4yifmy2lnp43e,1,ceona.bsky.social
did:plc:athozkmjt2lpo3gfkwvz3kze,1,convenor.bsky.social
did:plc:atjwmmuvn627cy7htkvvicrd,1,puppymelia.bsky.social
did:plc:atmet24nevghbdx7c5kni4kj,1,miraschino.bsky.social
did:plc:atqqivun72szi5eylf425vmp,1,cnr-isp.bsky.social
did:plc:atrjdkxi6jszicxydnr22ppc,1,chrisbee.bsky.social
did:plc:atxygszifhmd6eajgqrvksuf,1,markthemark.bsky.social
did:plc:au3cc2gtmt2an6rz73gc2xtk,1,ceona.bsky.social
did:plc:au53gk265ykqxctmavcoljrn,1,myosot.bsky.social
did:plc:auh3ve7j62detqkqcsdynokb,1,joat3.bsky.social
did:plc:auidnewfepu2q2ey5e2hdhjg,1,miraschino.bsky.social
did:plc:auj53ejgzfrog7opwlahfnfc,1,convenor.bsky.social
did:plc:aur5zcess5ifa3z4xdjtomwn,1,miraschino.bsky.social
did:plc:ausr4n3rnofakyeysksra2kh,1,cnr-isp.bsky.social
did:plc:auy2qp35r5bkipvygsyynxca,1,markthemark.bsky.social
did:plc:av53z3tav4kumnptg5a4xlbc,1,chrisbee.bsky.social
did:plc:av732jxmkp2mfsvrrnfjefkv,1,chrisbee.bsky.social
did:plc:avaeokviokfmypf3gbr4l2n3,1,joat3.bsky.social
did:plc:avcnahaosrc2ewl2ydk2jvoq,1,chrisbee.bsky.social
did:plc:avlsnhrxzvbi5i6bbls5d2zf,1,cvenash-vishneri.bsky.social
did:plc:avmqmgc2gaa4xft6vqjnrxi3,1,markthemark.bsky.social
did:plc:avo6ozp6dzn4yba5tfwjdsgp,1,puppymelia.bsky.social
did:plc:avsi2clvmfvoa3jelfbsoy5l,1,myosot.bsky.social
did:plc:avzeflxda3tqdcuxurt5z7jo,1,cvenash-vishneri.bsky.social
did:plc:aw2s6zh2ourdvnzv7aeyotn6,1,chrisbee.bsky.social
did:plc:aw5m5n4fdsgfldtaibyvgrp2,1,ceona.bsky.social
did:plc:awdnnqmugnpxgcxxthgil4nn,1,chrisbee.bsky.social
did:plc:awjttox4e3qtfr42ebrmupt4,1,puppymelia.bsky.social
did:plc:awlwdta3chzphvikbsbsjdpo,1,miraschino.bsky.social
did:plc:awujjxsyyc6fenjqgxqr5lm6,1,markthemark.bsky.social
did:plc:awvemj2zrynrnpwv4c66kpme,1,joat3.bsky.social
did:plc:awzzrtrcrvpnxi3ph2sbhxwv,1,chrisbee.bsky.social
did:plc:ax5sgvdlxdlanyyqhgxkq5wq,1,miraschino.bsky.social
did:plc:axji25xjcnfqagxtf2rixi2d,1,cvenash-vishneri.bsky.social
did:plc:axkisjxzxbmg554exjpjn55v,1,convenor.bsky.social
did:plc:axmz47l6nws7qcohmqwhyxce,1,markthemark.bsky.social
did:plc:axn7gm2kvm6gmtkmxn3kptcb,1,markthemark.bsky.social
did:plc:axpzyhl2p5zy5nmb2vppqvmd,1,puppymelia.bsky.social
did:plc:axqarynozq3gtzrbni7mufd4,1,myosot.bsky.social
did:plc:axtpa4p4ndjnceu6refgs32n,1,cvenash-vishneri.bsky.social
did:plc:axv4zrjzb4ruhzgznj35xpnl,1,miraschino.bsky.social
did:plc:axwuj35ilysyxy4tenhkvmnr,1,ceona.bsky.social
did:plc:axxjtihfwyqt3ntntyo76k23,1,miraschino.bsky.social
did:plc:ay2xqm5wjs33lazgocny43hy,1,joat3.bsky.social
did:plc:ay3gdegmmjaeqjxp3wl5q4gk,1,myosot.bsky.social
did:plc:aykduobmktr55wdfxqfspht6,1,cvenash-vishneri.bsky.social
did:plc:ayzqp3abh3d737rt6kgnhwrl,1,cnr-isp.bsky.social
did:plc:az4exf6by2b2p56nqnlbyvje,1,ceona.bsky.social
did:plc:az5gyck5odqrwqounrfd6eob,1,myosot.bsky.social
did:plc:az7sq2bmvhodewi7y6wslf2w,1,joat3.bsky.social
did:plc:azcsqptwxzb7ji5k5vwpeqyj,1,myosot.bsky.social
did:plc:azomokdgigqe4tbtarzc2edi,1,joat3.bsky.social
did:plc:azpq3hfq3llpowyqpjkqwgxs,1,joat3.bsky.social
did:plc:azsdinpvuehhhzcc2tlsohnp,1,chrisbee.bsky.social
did:plc:azuiccahbbqxkoqekpfda4bf,1,convenor.bsky.social
did:plc:b24ltt5ox6jbnb5bopjhitxa,1,joat3.bsky.social
did:plc:b2axkxmj4j6mw4wmcvoqwzk4,1,ceona.bsky.social
did:plc:b2cz64rm2uafgufl25nbcnvs,1,puppymelia.bsky.social
did:plc:b2hyz7hdcoiglhniwkwykt3f,1,convenor.bsky.social
did:plc:b2hzlrr24wjxpuph6ewi3kq2,1,convenor.bsky.social
did:plc:b2m5ljy65v5s5l2u3ltmpbfl,1,puppymelia.bsky.social
did:plc:b2qrk4wn4ldn7c3hvjoqasad,1,ceona.bsky.social
did:plc:b2rbc6muvyd6qcsad4tcrkx5,1,chrisbee.bsky.social
did:plc:b2rgk4bvju36ff5gmlie7hnd,1,cnr-isp.bsky.social
did:plc:b36k6axdrzsaxlc4v5ahjgu2,1,chrisbee.bsky.social
did:plc:b36qefcws4jbramn7zvrhbjg,1,puppymelia.bsky.social
did:plc:b3b6authsusuk2bupsjdbjs2,1,markthemark.bsky.social
did:plc:b3bfkdg6g3gu3vhrvk2zjdr7,1,convenor.bsky.social
did:plc:b3dvititldv2hxulrpbp4h3l,1,ceona.bsky.social
did:plc:b3jqi7jme2lx5uiwl76ht6ky,1,cnr-isp.bsky.social
did:plc:b3nrqlsypf6ucyxy3zkis3up,1,convenor.bsky.social
did:plc:b3psimnw5xxta2n4h5qzxu55,1,myosot.bsky.social
did:plc:b3q5smclcigfcascz5p3ycxb,1,markthemark.bsky.social
did:plc:b3sww2lvoprgdz56qtd4nbdz,1,joat3.bsky.social
did:plc:b46c6moklvxs3eczfatvkdd7,1,convenor.bsky.social
did:plc:b4infxjnjn4ejwc7djqo4rmg,1,markthemark.bsky.social
did:plc:b4juaw7brawpedsx5jvsytnl,1,convenor.bsky.social
did:plc:b4rznyfwb4l4nxkzpjpaxlfa,1,miraschino.bsky.social
did:plc:b4wd2ybd6yvt5e3cxzzyq3wl,1,ceona.bsky.social
did:plc:b4yar2fkwocukjmwmmuhkg7z,1,cnr-isp.bsky.social
did:plc:b57jquidbyoqlhlkidjktulx,1,ceona.bsky.social
did:plc:b5gusl5qm3rk5ghzue2lagey,1,puppymelia.bsky.social
did:plc:b5lexrgtsgavk3cxb3pecytt,1,puppymelia.bsky.social
did:plc:b5ly66nko7iijwy2lktt3ctq,1,convenor.bsky.social
did:plc:b6242ykw6c2nlw67iahhtks4,1,convenor.bsky.social
did:plc:b67xoldwknwuvxgu7doi5uiq,1,puppymelia.bsky.social
did:plc:b6alfhfy3zn2uzy5tcz4zomi,1,joat3.bsky.social
did:plc:b6ebmeszfxccd7fpndyyk4gy,1,cvenash-vishneri.bsky.social
did:plc:b6flfn75qcevgmfopdxqyk4s,1,miraschino.bsky.social
did:plc:b6g45thfcrtecalx2ipen6up,1,puppymelia.bsky.social
did:plc:b6lgifxm7b4rew7aitlqm3of,1,markthemark.bsky.social
did:plc:b6ni7l6xxkb7qztqyko6dsqu,1,markthemark.bsky.social
did:plc:b6qswbecfxctq532l2ucocyx,1,markthemark.bsky.social
did:plc:b72qfihw437velyxy5mz7g3w,1,cvenash-vishneri.bsky.social
did:plc:b7ctt2tns2qzeqplrdxue7me,1,joat3.bsky.social
did:plc:b7i26cylyzqnqtstgevcxvwc,1,cnr-isp.bsky.social
did:plc:b7kamuwqipovlbz2l5vhe2tb,1,miraschino.bsky.social
did:plc:b7lg67srskyws63423pbq2c3,1,ceona.bsky.social
did:plc:b7wkadbsgj4hdtar4w2m4pxe,1,joat3.bsky.social
did:plc:b7z3tzxny676azveoiqws46k,1,puppymelia.bsky.social
did:plc:ba3edt2xaqyyoxuq53og4sia,1,puppymelia.bsky.social
did:plc:ba3jge3vy4xplvmdhzar75kd,1,myosot.bsky.social
did:plc:baeaokyr5vxp52hpbdza4c7l,1,myosot.bsky.social
did:plc:baie5qa6cwhoxfvjjtvvliiz,1,cvenash-vishneri.bsky.social
did:plc:balfjtdjb5eac5qrqfh3lejf,1,ceona.bsky.social
did:plc:ban3rryosmca2iujiopohda4,1,convenor.bsky.social
did:plc:barornhqv25e5v4hfhux54io,1,myosot.bsky.social
did:plc:bb34qfh2ko4jckogwo4nfung,1,puppymelia.bsky.social
did:plc:bb6rtgaqt6fci62cfegiwrnl,1,joat3.bsky.social
did:plc:bbp2b224lro3bfnzcqwwnkfo,1,chrisbee.bsky.social
did:plc:bbv6wrqd3mjgeb5gh2agj3s2,1,myosot.bsky.social
did:plc:bbvwih4x3leppgzbwclat57t,1,markthemark.bsky.social
did:plc:bbwxhbffxaorx7jz3s6ycacf,1,chrisbee.bsky.social
did:plc:bbx46ckhmwuomrlf27nqvd6r,1,cnr-isp.bsky.social
did:plc:bbxntrfju4yd3ou6cd53zfjm,1,cvenash-vishneri.bsky.social
did:plc:bc64cbc2dhndx3rcvezvnyde,1,markthemark.bsky.social
did:plc:bcav62nz6ytxpvdfemelxreu,1,cvenash-vishneri.bsky.social
did:plc:bcen47iol6hccqoufvtk7wt6,1,cvenash-vishneri.bsky.social
did:plc:bcgltzqazw5tb6k2g3ttenbj,1,cnr-isp.bsky.social
did:plc:bck7uabvjt4xu5uzn3exzhqj,1,cvenash-vishneri.bsky.social
did:plc:bcned5q5pagcnifujwvcvxoz,1,chrisbee.bsky.social
did:plc:bcogedlnsuzll7r72rrnhgmh,1,ceona.bsky.social
did:plc:bctvwgizn5cjuuav5abwnqlx,1,chrisbee.bsky.social
did:plc:bcu2ezoixmznuniumsj3jswx,1,convenor.bsky.social
did:plc:bcuz32ichfex6m3lebo2uq2z,1,joat3.bsky.social
did:plc:bcyvlllk4gltm433vdymp25k,1,puppymelia.bsky.social
did:plc:bczvqayck6ikev2afes433r6,1,markthemark.bsky.social
did:plc:bdaqtml2gn4hf7fgwivti6ls,1,markthemark.bsky.social
did:plc:bdb6mpkg3hpmaye3mtp4w56m,1,joat3.bsky.social
did:plc:bdedyoefdrczpepygm4elwlc,1,joat3.bsky.social
did:plc:bdn6qa7q5js6ct2qvbljxbte,1,convenor.bsky.social
did:plc:bdrdp6kxckdpt5i2wifw2arf,1,myosot.bsky.social
did:plc:bdwl3qewl7qim375mxvd5edg,1,chrisbee.bsky.social
did:plc:bdzmwdnzswc47tlexiykpybi,1,puppymelia.bsky.social
did:plc:bdzngjuf6yedtcdte7tzfzj6,1,myosot.bsky.social
did:plc:be23zs3cbsnc7jinazwsibkl,1,chrisbee.bsky.social
did:plc:be2vlk7q7fvasvqmvb6o34rp,1,convenor.bsky.social
did:plc:be7dyc2gdl345nm5mu4ppwut,1,joat3.bsky.social
did:plc:belb7bbdegmehf5kbzo6rgv7,1,miraschino.bsky.social
did:plc:below3adbmdd3q2rdj6jtofi,1,markthemark.bsky.social
did:plc:bemuqswzftdeiz6kdwmyaddl,1,myosot.bsky.social
did:plc:bepb7x2ahrtlqlarrjsanhoa,1,convenor.bsky.social
did:plc:bezqug75yaflp3vfn2nauksj,1,myosot.bsky.social
did:plc:bfcpzcdnsmq2rhh5jkjmlz4u,1,miraschino.bsky.social
did:plc:bffceou3jb3ojnj2zf73hw54,1,joat3.bsky.social
did:plc:bfhqkxkar6f4chsdcig2b342,1,myosot.bsky.social
did:plc:bfiewdcm26qhrtdvymrdcriz,1,myosot.bsky.social
did:plc:bfkarwmcs7jhlib2avfuntnr,1,myosot.bsky.social
did:plc:bfpmfv5ydp5zzeoe2ys6q7p6,1,markthemark.bsky.social
did:plc:bfscpk7o6c2oaemomrzzbu7u,1,markthemark.bsky.social
did:plc:bfycwfc67yymcziefghn4lhj,1,myosot.bsky.social
did:plc:bg6jm6febtd2qborc6irokot,1,joat3.bsky.social
did:plc:bgdq5f65djok5tnfc6tikptz,1,markthemark.bsky.social
did:plc:bgxdcf3fmuf2dverulq6fxxg,1,ceona.bsky.social
did:plc:bgxow3v3izvcbrdxt53tfhsj,1,convenor.bsky.social
did:plc:bhfuaumw2aieozvb2qw5rw6x,1,cvenash-vishneri.bsky.social
did:plc:bhixrsrvpfbyqafnlhxao342,1,cnr-isp.bsky.social
did:plc:bhlmierdicdgtib3qiffh3sq,1,joat3.bsky.social
did:plc:bi5bs35k36e55ssfuswtoyv2,1,joat3.bsky.social
did:plc:bi6fsoptxx5nqz7kakidfcju,1,ceona.bsky.social
did:plc:bii2o576sszvunaymlwnjfmu,1,markthemark.bsky.social
did:plc:binaplhdofs4yi67m66xyqns,1,markthemark.bsky.social
did:plc:bio2iqdk65lqtyvastpxssqc,1,markthemark.bsky.social
did:plc:biu4c3mipgpyyc72r7ydrsgw,1,chrisbee.bsky.social
did:plc:bivz54sw3evzs6zjmrmp62rv,1,joat3.bsky.social
did:plc:biw3j74pflubl7snv4xpjszn,1,cnr-isp.bsky.social
did:plc:bje7phrg5i7gihmr3i5i7rh2,1,cnr-isp.bsky.social
did:plc:bjgxpvem73pilvfs56ewvxbu,1,markthemark.bsky.social
did:plc:bjmggr7up7wjxkdkfv5rkz2o,1,cvenash-vishneri.bsky.social
did:plc:bjsuetgljztw6uyialzmsun2,1,ceona.bsky.social
did:plc:bjza6b3idewblmhhmffnayqo,1,convenor.bsky.social
did:plc:bk26jsjpo775qfvpzujjutao,1,cnr-isp.bsky.social
did:plc:bk4hxxxdskegzo3hzjkb23hh,1,cvenash-vishneri.bsky.social
did:plc:bk4zmmssdohudmp3ae3mnvkn,1,miraschino.bsky.social
did:plc:bkkknmvlkbb4fljdjmslzd2n,1,cnr-isp.bsky.social
did:plc:bkmfse64kqf3yjoqdcs65qto,1,convenor.bsky.social
did:plc:bkrjebcakbpf4jwwzyi7hucg,1,joat3.bsky.social
did:plc:bkvrl3irin5bvyvbidw56sta,1,cvenash-vishneri.bsky.social
did:plc:bkxbpo2f5nedvvi2efte52pr,1,chrisbee.bsky.social
did:plc:bky3v6ulj7kiomn4jyjyte6p,1,cvenash-vishneri.bsky.social
did:plc:bli3fwdyytrmejda5qpawt3b,1,cvenash-vishneri.bsky.social
did:plc:blodggqfeercpc7imo66cpxb,1,markthemark.bsky.social
did:plc:blxilps4iwbxicionf2rztej,1,convenor.bsky.social
did:plc:bm4q2lqgpjgailrfkb2xvgpr,1,miraschino.bsky.social
did:plc:bm6alt3pzlqm2ckwqo2wdlge,1,chrisbee.bsky.social
did:plc:bmceo5dmpgal2eym6yul2gf6,1,myosot.bsky.social
did:plc:bmimkbr3tiadqvjoqpb32fc3,1,myosot.bsky.social
did:plc:bmjhyqmxpzlmgz6l2le4zuoo,1,joat3.bsky.social
did:plc:bml5hshg5h32vbfxn3nuicjx,1,miraschino.bsky.social
did:plc:bmlvrzpaoy6dsuigkzk22jxg,1,chrisbee.bsky.social
did:plc:bmm7oaefpmumgf2jbyrya4pf,1,myosot.bsky.social
did:plc:bmmnyqfq2mlazwtfquxk6ww2,1,myosot.bsky.social
did:plc:bmsmxx3373pd3d5duyosmb26,1,miraschino.bsky.social
did:plc:bmwxb6r2p5lb277ljvxi6nno,1,markthemark.bsky.social
did:plc:bn4kbq727brfyzauxa6j3l75,1,chrisbee.bsky.social
did:plc:bn4r3eaqedxc6dte26bovhzr,1,convenor.bsky.social
did:plc:bndbduymakvlxeiv64wclqzc,1,cvenash-vishneri.bsky.social
did:plc:bngoza5v24rzcozk4h6f6uii,1,cnr-isp.bsky.social
did:plc:bngxguc5chw2m7a2hnou3qzk,1,joat3.bsky.social
did:plc:bnm65hodnthwiwmmrp7l2xcd,1,cnr-isp.bsky.social
did:plc:bnnlhgn2ee5akmzkkuoedr5k,1,convenor.bsky.social
did:plc:bnsau6bfhlnx47ba6md7y4qa,1,ceona.bsky.social
did:plc:bnuo3cx4mrw2lzysqysrnjn3,1,cvenash-vishneri.bsky.social
did:plc:bnwgpceahml6a7nemat4ouac,1,cnr-isp.bsky.social
did:plc:bnxq7erlfozprjrtcuwvjakd,1,chrisbee.bsky.social
did:plc:bny6fteliipedoettdlyccfn,1,myosot.bsky.social
did:plc:bo5pedrtjsmts7uwaxvjzd7z,1,chrisbee.bsky.social
did:plc:bo6675fefcp3uxuyg3ksbxyf,1,ceona.bsky.social
did:plc:boecxoqgsexpxeg6dwdcrgi4,1,convenor.bsky.social
did:plc:bolhxmszdfgrdltschtaml6o,1,miraschino.bsky.social
did:plc:bonnfg2yismrl2n6fhrkckff,1,convenor.bsky.social
did:plc:bootcggvpd7gfnhacmqh4qah,1,joat3.bsky.social
did:plc:bov6hsr7z3p6wz6y76fojiox,1,myosot.bsky.social
did:plc:bovjhj6pjpy2yy643ukkziyo,1,joat3.bsky.social
did:plc:bp674j4wmx3tlkmbjjjlwu5p,1,miraschino.bsky.social
did:plc:bp6lvppkcvapidqmr2zazxwf,1,markthemark.bsky.social
did:plc:bp7gpg52wwxhhgrwoqcni3l5,1,miraschino.bsky.social
did:plc:bpbsj7npsunteidfzbb5mqhj,1,cnr-isp.bsky.social
did:plc:bpdnn7v43r7j57nroqav6h4r,1,convenor.bsky.social
did:plc:bpnhvzjqqmcztnfglbmxqysl,1,markthemark.bsky.social
did:plc:bpshghayppyz35pnzdc3y57a,1,ceona.bsky.social
did:plc:bpwyn45gwicsidsdsymrbhnp,1,markthemark.bsky.social
did:plc:bpxy3afnlgwv6hj5xnndtudo,1,convenor.bsky.social
did:plc:bpy2fmzjbjt3zooniqt4tqml,1,puppymelia.bsky.social
did:plc:bpzewdfx77nsqhud7glowmxs,1,cvenash-vishneri.bsky.social
did:plc:bqdigh7djfzem7pva5qdxlux,1,convenor.bsky.social
did:plc:bqiqs73ded42srjdrvn32bf4,1,myosot.bsky.social
did:plc:bqlbgwrshaxvlksgrzgs5cvz,1,puppymelia.bsky.social
did:plc:bqnwy3yjtwey5fulkfgm2xg3,1,ceona.bsky.social
did:plc:bqo2yzs3vzvinvwofsowzhrd,1,ceona.bsky.social
did:plc:bqtp5k6yfgv7og5smsowhvez,1,chrisbee.bsky.social
did:plc:bqvluxnv7fvovpvv4iu4is5x,1,convenor.bsky.social
did:plc:bqyksrbynomvbgsjsd6nuzto,1,cnr-isp.bsky.social
did:plc:br3kmdgzf5pnbfdnd57jfo6g,1,joat3.bsky.social
did:plc:br3xfixls5cxd5z4arm3tzlv,1,cnr-isp.bsky.social
did:plc:brac46gimaqshjybdydejj4y,1,miraschino.bsky.social
did:plc:brheikrlq6eg5efjnvz7avxd,1,joat3.bsky.social
did:plc:brmz7ngsoun3xokils2z5v6i,1,joat3.bsky.social
did:plc:brqifdxbr6zgdb6b22fngoie,1,myosot.bsky.social
did:plc:brtkwi2kicxql63qsuwjjfwt,1,joat3.bsky.social
did:plc:bry2zhgvsjsbor5xsfvngz4e,1,puppymelia.bsky.social
did:plc:bsax2z6bbugsvljtmzwq4vrv,1,chrisbee.bsky.social
did:plc:bsbonwpcsgktcleygrbueovo,1,cvenash-vishneri.bsky.social
did:plc:bsc5a3s6uq6gtz2opa7hh5un,1,puppymelia.bsky.social
did:plc:bseii4xsmvkyqlwcpxhltjlt,1,ceona.bsky.social
did:plc:bsfmkr2inw54htbd2yq4qp2x,1,ceona.bsky.social
did:plc:bsmmy6zr2ayk6lhs4gqmtntv,1,ceona.bsky.social
did:plc:bt3bvt7slfum5gqepvvcdpwg,1,cnr-isp.bsky.social
did:plc:bt5nitzd5lhhgnyyz2yd74j6,1,myosot.bsky.social
did:plc:btaogwcibzzehwor5qpc4k36,1,chrisbee.bsky.social
did:plc:btc3rrfafbv4xqsv3v3533p6,1,miraschino.bsky.social
did:plc:bteo5fw7egewx6ehqg3a6y37,1,miraschino.bsky.social
did:plc:btl3klhgmy577p5qj7nfbfli,1,puppymelia.bsky.social
did:plc:btnubatj345mpzzltye2bewx,1,cnr-isp.bsky.social
did:plc:btx2xmymee5rtz7ssgyajhbs,1,joat3.bsky.social
did:plc:buf5cnta7tixncyeuy4azrpd,1,chrisbee.bsky.social
did:plc:buixdyu6id73glkhjl3ew6fs,1,myosot.bsky.social
did:plc:bunwniu7nq7peq4dyypnv4te,1,puppymelia.bsky.social
did:plc:bur3yqsa44u4oroy3ohwjbol,1,chrisbee.bsky.social
did:plc:burfwutziwakfxegl4ljbhsp,1,convenor.bsky.social
did:plc:bv3kaufiuip7g2abewurduwp,1,cnr-isp.bsky.social
did:plc:bv6535gob3empmbsmgp4ncyt,1,markthemark.bsky.social
did:plc:bvgwob3d7c2pfpfuab7us44q,1,myosot.bsky.social
did:plc:bvln5ajveyy4aa72hnd2eo7c,1,convenor.bsky.social
did:plc:bvn5oncrh2mie4nxuzbiqjmi,1,ceona.bsky.social
did:plc:bvrbhukpkx4hmh2lfcaj3563,1,miraschino.bsky.social
did:plc:bvxlatkw4wkprzydcpkgb44o,1,cnr-isp.bsky.social
did:plc:bw46alohgu2ha6kx5eyshekl,1,puppymelia.bsky.social
did:plc:bwce76j7a64ojdsjznqzplbn,1,markthemark.bsky.social
did:plc:bwqa2oix2mpkhogasingmzpr,1,ceona.bsky.social
did:plc:bwxisduu55tth3lcbsmjgbjp,1,cvenash-vishneri.bsky.social
did:plc:bx3tjguoy3kypfzhetnjnxdw,1,joat3.bsky.social
did:plc:bx62qdva7swtet66b7h3z26o,1,markthemark.bsky.social
did:plc:bxclkytlfmcdmbdt2jqyuoky,1,myosot.bsky.social
did:plc:bxenelivxgex2mpafrxo4uh7,1,joat3.bsky.social
did:plc:bxkwlv6fpmejvuxikfik5rsf,1,puppymelia.bsky.social
did:plc:bxp4z7rjknlg5dv6fw5ayg2z,1,cnr-isp.bsky.social
did:plc:bxyrbnofam6x7vvqw4623sek,1,joat3.bsky.social
did:plc:by4wm766jxhp4i35zvaoeg5s,1,puppymelia.bsky.social
did:plc:by7cn2cnhxsfpw2exwizkcrn,1,puppymelia.bsky.social
did:plc:byacilamyix3chubbjsw4mba,1,ceona.bsky.social
did:plc:bycz23dx4nmsqx3jnoesadzi,1,miraschino.bsky.social
did:plc:byopfal2ksqetg2lbjj2wxek,1,myosot.bsky.social
did:plc:bywuqy6eq4td3z5aoi6cumsg,1,cnr-isp.bsky.social
did:plc:bzfowyfnuuis4bpasecs6wkp,1,puppymelia.bsky.social
did:plc:bzgtfbjhuzw3s3lyrbctc4uq,1,cnr-isp.bsky.social
did:plc:bzrxuchgd5karmdoatuod4vr,1,chrisbee.bsky.social
did:plc:c2grykqhxwgtvputc2oym4sk,1,joat3.bsky.social
did:plc:c2htihz5kf3wh5qdzdo3maws,1,myosot.bsky.social
did:plc:c2lnlgt7bhtxechenwsdxe6i,1,markthemark.bsky.social
did:plc:c2ymbrygu4pa4prwzv3632xz,1,markthemark.bsky.social
did:plc:c2yx3cgnahx4bm3dkxqj5kkz,1,chrisbee.bsky.social
did:plc:c2z3gpp2xvmchhbp6ykchbxi,1,chrisbee.bsky.social
did:plc:c3e4if6ha2bpjilc7bw7zzae,1,ceona.bsky.social
did:plc:c3godto4eotqptwcxhrzdvfn,1,markthemark.bsky.social
did:plc:c3hsgalrlmdaya7kgteri4jx,1,convenor.bsky.social
did:plc:c3ibknfophbvxxtnowumkikq,1,chrisbee.bsky.social
did:plc:c3j6fxoiumdf34yghccqmtnu,1,cnr-isp.bsky.social
did:plc:c3roikkeki4hxu2gz7r5pljd,1,puppymelia.bsky.social
did:plc:c46r5poiuensgutcv5ql75ws,1,myosot.bsky.social
did:plc:c4a2dtkurrjf4fzfnenvgia7,1,chrisbee.bsky.social
did:plc:c4d4im7o3uvxltnoo7dybn5i,1,markthemark.bsky.social
did:plc:c4eghvijyzxoaydz65i6oxne,1,puppymelia.bsky.social
did:plc:c4frsijvxhudbs5rcxbgrlr7,1,markthemark.bsky.social
did:plc:c4vlfet337ke7ng3y77xzphk,1,ceona.bsky.social
did:plc:c4xtyto7nrklhfkroyrsce2w,1,convenor.bsky.social
did:plc:c55cyzinkykz4mj7q4hgdcrv,1,myosot.bsky.social
did:plc:c5bcueguhozsbcqcg64byled,1,markthemark.bsky.social
did:plc:c5ck7qmjd4yogj74wynxtnuh,1,myosot.bsky.social
did:plc:c5iz3dgfswhyugzie2wtpcbh,1,miraschino.bsky.social
did:plc:c5z3eyo3vbk3kpumf7xwtr4i,1,puppymelia.bsky.social
did:plc:c62t2nhhhvvooxpjt7vt4iz3,1,myosot.bsky.social
did:plc:c6gkq4cwjb4cof4ptnssnpnp,1,chrisbee.bsky.social
did:plc:c6hl6i6ygcfxzc2fpxqskbua,1,cnr-isp.bsky.social
did:plc:c6l2lo6jyllp2ohxtq267xon,1,convenor.bsky.social
did:plc:c6plqzfk75a4eolgmrod7kcp,1,cvenash-vishneri.bsky.social
did:plc:c6s5qwqcv7mu552fx3a2upqd,1,joat3.bsky.social
did:plc:c6slw2cl47s7cp2mwl5i4q6h,1,puppymelia.bsky.social
did:plc:c6vz2f5es26n67f3ymjmsnv7,1,miraschino.bsky.social
did:plc:c72u3hfrpn6atunghj6syia3,1,miraschino.bsky.social
did:plc:c73tcyhtyi36aazwxa442kwh,1,cvenash-vishneri.bsky.social
did:plc:c76tqhwuanv4ls3hq2vonydn,1,myosot.bsky.social
did:plc:c77h7jvm5ngowap7c4makoqf,1,puppymelia.bsky.social
did:plc:c7rqhy7n6ergcyhvyyrzjgru,1,myosot.bsky.social
did:plc:c7rudv5ax4tnpdnuq7orh6cv,1,puppymelia.bsky.social
did:plc:ca5og5dzdlmoedpdbpbtkkeo,1,chrisbee.bsky.social
did:plc:ca6vseavbhlgsadmwvki2j6a,1,joat3.bsky.social
did:plc:cah6r3tbswy7hvvlb67aknqo,1,convenor.bsky.social
did:plc:cak4klqoj3bqgk5rj6b4f5do,1,myosot.bsky.social
did:plc:cakjm3ccffr3swripctk3xip,1,ceona.bsky.social
did:plc:cavdap6zkmvt2o2v4zwr7m43,1,miraschino.bsky.social
did:plc:cayox3jvr62kuyxh3fi3bzdt,1,myosot.bsky.social
did:plc:cayr3rg377qvqnq6d36mwwoo,1,cnr-isp.bsky.social
did:plc:cb5eh6tjytz5zcgnl4sxwnq4,1,cnr-isp.bsky.social
did:plc:cbcenc7lgcclpr7dqmsvmrce,1,miraschino.bsky.social
did:plc:cbewphca6mfytml5ictx5oli,1,puppymelia.bsky.social
did:plc:cbf7roft3hegcjg4lwsoc3s2,1,joat3.bsky.social
did:plc:cbieiaev2n4lhtblscgsw4en,1,cvenash-vishneri.bsky.social
did:plc:cbmyi3xugx3svdakafkbihr2,1,miraschino.bsky.social
did:plc:cbo2swy7ms7cnxdwavxtylmd,1,chrisbee.bsky.social
did:plc:cbpnccgokwurnlfdfbjbaslz,1,convenor.bsky.social
did:plc:ccanlo2rmmmww6yv5hqmxbze,1,convenor.bsky.social
did:plc:ccbydfg23ws3dzmwaqkfhgvv,1,cnr-isp.bsky.social
did:plc:ccdhxm67qvpezwqt32kvrwwl,1,myosot.bsky.social
did:plc:ccgqmrdhjqhs4eizs2x3om64,1,cnr-isp.bsky.social
did:plc:ccke3n72jm7kbwmle5e75ngt,1,chrisbee.bsky.social
did:plc:cckovyez64fbayhqr4fh624s,1,ceona.bsky.social
did:plc:ccupijoynlhh55ffmwt54zj7,1,convenor.bsky.social
did:plc:ccyviv6zxqyroas7vc37e5ck,1,myosot.bsky.social
did:plc:cdarb5w6fk5a44ydh6kiswze,1,convenor.bsky.social
did:plc:cde6mpfngdb4kylusjbxm5ir,1,chrisbee.bsky.social
did:plc:cdeaqag2zjwghnmk2bio7mu5,1,puppymelia.bsky.social
did:plc:cdebst7hm3tki5622oshc5up,1,myosot.bsky.social
did:plc:cdg47n2foqongcurhtkwd5vp,1,miraschino.bsky.social
did:plc:cdklqekun5o7gvz4sbujp3b3,1,puppymelia.bsky.social
did:plc:cdnckdncxcmkji33gpjwobpn,1,cnr-isp.bsky.social
did:plc:ce3gt7iapbnbjdcpoqbz6roh,1,convenor.bsky.social
did:plc:cee2v5t25hvtcjrikkcs2fc7,1,joat3.bsky.social
did:plc:ceje6ppv3esl2mmlqxhcdpl5,1,convenor.bsky.social
did:plc:celm2dd6n3zsnifsnujbucbj,1,cvenash-vishneri.bsky.social
did:plc:ceocosbej3i2eleuasplajhc,1,miraschino.bsky.social
did:plc:ceotl7p3qymk5fl5sxcuw5wt,1,cvenash-vishneri.bsky.social
did:plc:cexv466mp2fhpjqqyh6cxxmi,1,ceona.bsky.social
did:plc:cexwquofnmerxsx2tfuxfgtb,1,myosot.bsky.social
did:plc:cezbpwyz6bsrpuq4p5snpi7z,1,miraschino.bsky.social
did:plc:cf56yliikirsgp4fajnx6kfc,1,convenor.bsky.social
did:plc:cf7f6n5ypoqzsxofbti645r6,1,cvenash-vishneri.bsky.social
did:plc:cfaiekjoeqw3fsic4wa76yxc,1,miraschino.bsky.social
did:plc:cfaqiryvp2b55j5pwpny7cmn,1,chrisbee.bsky.social
did:plc:cfc36vwk6huu4wwukczxkwsw,1,convenor.bsky.social
did:plc:cfnqg4gh5y4fvo7hixcruzy3,1,markthemark.bsky.social
did:plc:cfpay6yqcmxlvjjmc3n7tn4a,1,chrisbee.bsky.social
did:plc:cfqnjbji34fbq466wywqqlbr,1,myosot.bsky.social
did:plc:cfxiln34qtv6av7vg6ku5cck,1,puppymelia.bsky.social
did:plc:cfzbwufjuxhaaicdiokevr5c,1,myosot.bsky.social
did:plc:cg4g4dw67onhaniyam7znucg,1,chrisbee.bsky.social
did:plc:cgaz6fp4clfpiz5lhv5jg3m4,1,cvenash-vishneri.bsky.social
did:plc:cgazwvrleox56imz53fjzaou,1,ceona.bsky.social
did:plc:cgcbyzyaje4pr4xtabtvpz75,1,ceona.bsky.social
did:plc:cgcxxz22yli64po7x3wjntaq,1,cnr-isp.bsky.social
did:plc:cgt7y53iumh5lxu4u6fxihuj,1,markthemark.bsky.social
did:plc:ch2qefa4rwddhaagk7sdhbch,1,puppymelia.bsky.social
did:plc:ch6btqzt2m6j5ago2qewaaa5,1,miraschino.bsky.social
did:plc:chkp23rk2l33mnpxahdm25aa,1,chrisbee.bsky.social
did:plc:chnfawig5kkpqnawqb3cyfeb,1,myosot.bsky.social
did:plc:chu3kero4oczrrcopdtu7vuh,1,joat3.bsky.social
did:plc:ci3kby2gcxnvkzoph7zhvo3p,1,convenor.bsky.social
did:plc:ciaz273l2wtmwoloa5mqo3g4,1,puppymelia.bsky.social
did:plc:ciczkjj6zodjr7x6zugk7lcz,1,cnr-isp.bsky.social
did:plc:cied4cflq7jbbkxv4z4teb4f,1,markthemark.bsky.social
did:plc:civhaswq5ylb4s3czsd66ip2,1,convenor.bsky.social
did:plc:cj3wptm7v3u426i247dw3rgh,1,convenor.bsky.social
did:plc:cjd252psn7c2awl2dg3ckefg,1,joat3.bsky.social
did:plc:cjmurxqiex66qhwc3apicxu2,1,markthemark.bsky.social
did:plc:cjnjq37lyom26rltsxqerkqn,1,ceona.bsky.social
did:plc:cjppvare2h26s2dzqxr6ohrw,1,markthemark.bsky.social
did:plc:cjrhstf74k25ei3tycy2vzhm,1,cnr-isp.bsky.social
did:plc:cjyftdnafna3hdkx47ijv7un,1,convenor.bsky.social
did:plc:ck5yetnlohykek66ucf7wsmj,1,ceona.bsky.social
did:plc:ck6qwcrigsefgeabhhmmemr6,1,cnr-isp.bsky.social
did:plc:cka7jfu5zofr36y243oqv7r5,1,puppymelia.bsky.social
did:plc:ckk5taks5tf7gl5y375vo7xh,1,puppymelia.bsky.social
did:plc:ckkrct4x4laxn44ppcjbxzhj,1,joat3.bsky.social
did:plc:ckmvkcfnx62keu647wyfhtxs,1,miraschino.bsky.social
did:plc:cknbxvkznyvahkidf4lapy77,1,myosot.bsky.social
did:plc:ckrrdhtzt2dh3bfpaazbrgkw,1,chrisbee.bsky.social
did:plc:ckthdkd5xfn5bw6idoms3m4m,1,myosot.bsky.social
did:plc:ckwenkmrwxmur7qwjitsdnju,1,puppymelia.bsky.social
did:plc:ckzlsxrbuigs7mfe3u3yj4y5,1,markthemark.bsky.social
did:plc:ckzsugl6w7zydjaxtwbdxaxn,1,convenor.bsky.social
did:plc:cl6ruj43jd3uhvvyuxhowhwj,1,convenor.bsky.social
did:plc:cljezts5kmeyzi7j6ohsdqtq,1,cvenash-vishneri.bsky.social
did:plc:clne4og363pzqnhidaxpve77,1,cvenash-vishneri.bsky.social
did:plc:clqlaqorljc3purwg3jb7gpg,1,chrisbee.bsky.social
did:plc:clx7e5izcg6dvlgpjkz6rz6v,1,chrisbee.bsky.social
did:plc:cm3zcmauitbu4uxkkbl7zjpk,1,myosot.bsky.social
did:plc:cm52ayv2dh2ttdu2xbqkhx75,1,myosot.bsky.social
did:plc:cmacxpca25oydplg75lj66vg,1,convenor.bsky.social
did:plc:cmdtvqjwywkqcqymy7awwgik,1,puppymelia.bsky.social
did:plc:cmg4nrddvaevd22aba2zpigy,1,convenor.bsky.social
did:plc:cmwvqgsao5nx6q72f2qa4m5s,1,miraschino.bsky.social
did:plc:cn6pb5ywkbtqicg4drteegjr,1,chrisbee.bsky.social
did:plc:cnqgxglfqgxhljjcngmv7nes,1,miraschino.bsky.social
did:plc:cnrxb5kx5pboit5wp2d5e4v2,1,markthemark.bsky.social
did:plc:cnujroalnuchtfjozznzxfm3,1,joat3.bsky.social
did:plc:cnxxoonalcq5fq34vh4btguv,1,ceona.bsky.social
did:plc:co3fbgcs2nwkp63uapnjpadw,1,puppymelia.bsky.social
did:plc:coaw7cxrmcq6blwdbam7oxbb,1,cvenash-vishneri.bsky.social
did:plc:cocbo3nqf6dl2c34tuc35kcc,1,joat3.bsky.social
did:plc:coktulbakcsegz5624td73gd,1,chrisbee.bsky.social
did:plc:colksqonjv535bng3a3sgxhh,1,joat3.bsky.social
did:plc:con7y25vt6bnogzlqo6bd7q7,1,chrisbee.bsky.social
did:plc:cpchtzbkj2yljgkbhohov6si,1,markthemark.bsky.social
did:plc:cpcusidvxdnonnthw4cpqqxx,1,markthemark.bsky.social
did:plc:cpogxgxnmob5jfz5eveuj4ry,1,joat3.bsky.social
did:plc:cpw4rm3t7oh6gnayhkhq7p5x,1,ceona.bsky.social
did:plc:cpyxdmhg7ac5m754hof5gi4w,1,cvenash-vishneri.bsky.social
did:plc:cq7nsvnr32ywojun5kh7ofhn,1,convenor.bsky.social
did:plc:cqw7c4braa7wbscykpho4kwf,1,cnr-isp.bsky.social
did:plc:cqxnzrim6dtxf3xgrsom4fhf,1,myosot.bsky.social
did:plc:cr43jd5l44wdsfoykxm3rjfw,1,cnr-isp.bsky.social
did:plc:cr5zcymdwn4ygdm7qk7jactt,1,convenor.bsky.social
did:plc:crcetsm2zlxmiupmc44h3do7,1,miraschino.bsky.social
did:plc:crcm2re5zreggyyhcp2cbjnd,1,chrisbee.bsky.social
did:plc:criy3gxeqn4izphym2smnuvn,1,cnr-isp.bsky.social
did:plc:crpntvrr4xsuvzt2uzz2hxyh,1,ceona.bsky.social
did:plc:crrpjepnv362xrzexgxylcbb,1,markthemark.bsky.social
did:plc:cs3tjc6nbqp5qywwvj66g4zm,1,ceona.bsky.social
did:plc:cs444bydobnijs2uf26pl2ia,1,chrisbee.bsky.social
did:plc:csfw5x36tfr6coa3f4egxchp,1,miraschino.bsky.social
did:plc:csht3xy4if24irhyqrwygxrb,1,joat3.bsky.social
did:plc:cspgiqxuyzwtxaj73pegfn2w,1,myosot.bsky.social
did:plc:cssbac6ycxi5zc7e2e26hbm7,1,convenor.bsky.social
did:plc:csyylcs2bsbrvyeohzyja37p,1,miraschino.bsky.social
did:plc:ctc227d74zmizcknmlwekc6p,1,joat3.bsky.social
did:plc:ctdpwy7kymjsc36meingfihh,1,myosot.bsky.social
did:plc:ctf5rcmhkcqldl3pvtsw46ts,1,chrisbee.bsky.social
did:plc:cthehp53anqdrkl2vqmi4bpi,1,cnr-isp.bsky.social
did:plc:ctrmbenrsqovblkjqyimd4qm,1,cnr-isp.bsky.social
did:plc:ctsjcklnwfezfvge7kb4vtsx,1,convenor.bsky.social
did:plc:ctu66rmvuscy3iayx2fb54ou,1,chrisbee.bsky.social
did:plc:ctxnn5vd4patwy4tlk3byp6e,1,puppymelia.bsky.social
did:plc:cu3c33txvavssextkkdgef2d,1,chrisbee.bsky.social
did:plc:cu42qz4a6zcsnkufbsolollx,1,markthemark.bsky.social
did:plc:cuq5orz2unssdrc2nenbmlyq,1,chrisbee.bsky.social
did:plc:cuxfcn45zykgmmwlagtwvbkm,1,myosot.bsky.social
did:plc:cuykt3i6n4ql4xh6nldhh6jd,1,markthemark.bsky.social
did:plc:cvfgjkqgnqnu766j3a4pijy2,1,ceona.bsky.social
did:plc:cvg4ti2voyifkehhp6xkd5xc,1,cnr-isp.bsky.social
did:plc:cvhu7p2bziajywpce7yrlevy,1,puppymelia.bsky.social
did:plc:cvmmvawq5z2qxfhtu3umrx3f,1,myosot.bsky.social
did:plc:cvpsewyhvebwafifqi5awu25,1,markthemark.bsky.social
did:plc:cvv26rkedsephlhphf7e6vhe,1,cvenash-vishneri.bsky.social
did:plc:cvwh3azegmscu6vgbjnpshsl,1,joat3.bsky.social
did:plc:cw5fkkbke2iyhknhpwraraar,1,markthemark.bsky.social
did:plc:cw5lbnhcdpnuneslnsxbqxif,1,cvenash-vishneri.bsky.social
did:plc:cw6bfeapp3k6q4cbbbi3th7z,1,myosot.bsky.social
did:plc:cw7flsgiqkbyeibcqzoes4tr,1,puppymelia.bsky.social
did:plc:cweyt4fgsv7fwi4engwnymjb,1,cvenash-vishneri.bsky.social
did:plc:cwlf5iszleotdjnh5evhnggv,1,convenor.bsky.social
did:plc:cwqpcjknj2fabs6lsha56jlz,1,convenor.bsky.social
did:plc:cwubi5bzl5l7aipwkhiehozj,1,ceona.bsky.social
did:plc:cx542tv6wzw7ct5k3ppdwrhk,1,chrisbee.bsky.social
did:plc:cxcdtl47gbr3r55bj7pv36o3,1,cnr-isp.bsky.social
did:plc:cxd6kng7cdjk7haacsiaynfy,1,convenor.bsky.social
did:plc:cy6qwhuegarwmgp5ege5ca5s,1,markthemark.bsky.social
did:plc:cyasiono4qmtacwn3rzi2xaq,1,cnr-isp.bsky.social
did:plc:cybwepzejr4idmukdkfe574b,1,myosot.bsky.social
did:plc:cyefpiziml7b24sxpd74axq7,1,cnr-isp.bsky.social
did:plc:cyfsrxy4pu2hfeguluvqqadq,1,puppymelia.bsky.social
did:plc:cymmplpcdepl2rnrjs5oimu5,1,myosot.bsky.social
did:plc:cywnz6mlg3p47bmul73etrgn,1,cvenash-vishneri.bsky.social
did:plc:cyz7r3l3uoxjfthvfj4xyasg,1,ceona.bsky.social
did:plc:cz2kqdg6gks3tx4h4lnyvllv,1,cnr-isp.bsky.social
did:plc:czao3odgksl7qynrcfgs2s32,1,joat3.bsky.social
did:plc:czoj6vjgywupdhn6kt5dcon7,1,ceona.bsky.social
did:plc:czsnscwfhvrqb35j2oct4nfm,1,puppymelia.bsky.social
did:plc:czweibfrlv7iej7r7gmlinax,1,cvenash-vishneri.bsky.social
did:plc:czwhmvlvqf2m445rcrx4vffd,1,joat3.bsky.social
did:plc:czxwarma2acplijga6yubauz,1,ceona.bsky.social
did:plc:d2bnklhmnsrcqrqobku6bqri,1,ceona.bsky.social
did:plc:d2brdj5pkcluapsf7rum4c2k,1,chrisbee.bsky.social
did:plc:d2hirmilhg3jwatp2qvtligc,1,markthemark.bsky.social
did:plc:d2m4bbcse3bocddazm4wpead,1,convenor.bsky.social
did:plc:d2vg3ev62rmv4zrivswlpeim,1,miraschino.bsky.social
did:plc:d2yt3e2y52dkxorcpclb5c52,1,markthemark.bsky.social
did:plc:d322aduzupebvmyhzemopby6,1,miraschino.bsky.social
did:plc:d3hpltud2g2yh2chf3f6c2dx,1,puppymelia.bsky.social
did:plc:d3j4wtsc3xpeleqqmymm56sx,1,ceona.bsky.social
did:plc:d3v6hjby4ks6xw27gbzkeihl,1,miraschino.bsky.social
did:plc:d47l2yhxqo4pmpla3bbapm6g,1,myosot.bsky.social
did:plc:d4ad7us54sz4kq4dfa7sklp7,1,miraschino.bsky.social
did:plc:d4d74fx2qbsfmmkxca24w76p,1,cnr-isp.bsky.social
did:plc:d4gu4jakmln7jgk2sw3tfhqh,1,cvenash-vishneri.bsky.social
did:plc:d4i6kyrxuuvufuhiogqynfz6,1,chrisbee.bsky.social
did:plc:d4lwdp3uxvw7hpfe3fnb26dq,1,puppymelia.bsky.social
did:plc:d4swm7skiblq7pe3ojs7tuqq,1,chrisbee.bsky.social
did:plc:d4vfj4sl6lxq32ms2vol3sag,1,cnr-isp.bsky.social
did:plc:d4y3fitgm6mdfppei7rsoumj,1,puppymelia.bsky.social
did:plc:d56aevbrhhknlxhjisuouofm,1,markthemark.bsky.social
did:plc:d5hbma5fup4mxxjhm7ncgvhd,1,joat3.bsky.social
did:plc:d5tykk5ghdpvrvy6z2rrrqay,1,chrisbee.bsky.social
did:plc:d5uysxca4g6r3uhiy6zhadcu,1,cvenash-vishneri.bsky.social
did:plc:d5wte5i3w6yrz63bxw3apxus,1,joat3.bsky.social
did:plc:d6aog3ac2hchlikwmii564p2,1,joat3.bsky.social
did:plc:d6aq3pbjhvlxlrym5jrv2yni,1,chrisbee.bsky.social
did:plc:d6f7igqihzgcm37li74pifq6,1,convenor.bsky.social
did:plc:d6fwzahbfovpcmimkqdh3x4p,1,cvenash-vishneri.bsky.social
did:plc:d6oylut6xf7n2xksca3v43zi,1,myosot.bsky.social
did:plc:d6rs5bcljfw5j6l4tsqncpcl,1,puppymelia.bsky.social
did:plc:d74ucg6irmxw7zk4a5qa2zo6,1,cnr-isp.bsky.social
did:plc:d7ewzksbibtazzkdkf3zbtpv,1,cvenash-vishneri.bsky.social
did:plc:d7nba7u2qkkqsymywrhfrukj,1,ceona.bsky.social
did:plc:d7rorfw5gukc6z45ec5g2lzf,1,cnr-isp.bsky.social
did:plc:d7xekmvzz7f3tzwpgincls4z,1,markthemark.bsky.social
did:plc:d7yshpllwqnv433pwsns7mdz,1,cnr-isp.bsky.social
did:plc:d7ztwdzlcpvnf6lsve4gj6bp,1,cnr-isp.bsky.social
did:plc:dabot6njma5y3r6jsjtetdth,1,miraschino.bsky.social
did:plc:dakwoobmgid62rsbmhzop5xd,1,cnr-isp.bsky.social
did:plc:daolcis33e5phjzgqf3w5vrl,1,cvenash-vishneri.bsky.social
did:plc:daq7jdf52iph2scaoovceeic,1,convenor.bsky.social
did:plc:dar75gaosyak5rqujgr4iq2s,1,markthemark.bsky.social
did:plc:daw4r2fbb4wudymqm3k3tchv,1,myosot.bsky.social
did:plc:db3ziaj6uaweatrz7zr3yo5y,1,joat3.bsky.social
did:plc:dbdpkrra23ke72mgkk2rgvzi,1,markthemark.bsky.social
did:plc:dbmzmadhf766wdgukblk3m4f,1,joat3.bsky.social
did:plc:dbnftjo5mw4smbxlb3rropky,1,miraschino.bsky.social
did:plc:dbsegihle2hddzphggaiszdo,1,myosot.bsky.social
did:plc:dbttxll2zxh7uqi2sjcvoksf,1,joat3.bsky.social
did:plc:dbuapvag4bk322twglydgder,1,puppymelia.bsky.social
did:plc:dc5tsew6wfnv5zuujfndjtan,1,miraschino.bsky.social
did:plc:dc6klrbvn4j6nopohoipq3b3,1,puppymelia.bsky.social
did:plc:dcenu3ssuqwakshphp4ogr2m,1,miraschino.bsky.social
did:plc:dci5jlffbhbi4ui4inf2wk6i,1,markthemark.bsky.social
did:plc:dckjoluraublavhlr4a2lirv,1,miraschino.bsky.social
did:plc:dcm5vlhpgz3sc3m4labia5rf,1,convenor.bsky.social
did:plc:dcpvyzm4ou74j6zcz67il5fk,1,markthemark.bsky.social
did:plc:dcvdoo5yqu54myh4eqmlrhtc,1,convenor.bsky.social
did:plc:dcylixm2tw3za4reaeagfqcz,1,puppymelia.bsky.social
did:plc:dd4bddi5d3cgavnsbgdvbm56,1,cvenash-vishneri.bsky.social
did:plc:dd5e7knkihfvrubfl5dk2kxi,1,myosot.bsky.social
did:plc:ddc4e2e5gie5qzys5dnr36s3,1,ceona.bsky.social
did:plc:ddcdpvayapxexb26u6z3zlac,1,puppymelia.bsky.social
did:plc:ddg7gzkk7g33oahmwfrzzb66,1,miraschino.bsky.social
did:plc:ddljiv6ogtwddlkeu6ioxz4h,1,cnr-isp.bsky.social
did:plc:ddmr5wgyydpngfajrxsj735h,1,markthemark.bsky.social
did:plc:ddnxtovu66d35pr6n53uagam,1,myosot.bsky.social
did:plc:ddvahfhwhnlff2gpsbhnv4zn,1,miraschino.bsky.social
did:plc:dedzyf27siurrzoqdmka6evc,1,markthemark.bsky.social
did:plc:defhiojdau3m5bvrly2taxji,1,cvenash-vishneri.bsky.social
did:plc:dehcuabwywm2aexi7qy6xekd,1,cnr-isp.bsky.social
did:plc:devisn23yx2cwlkx5tp7kccm,1,markthemark.bsky.social
did:plc:deyobmkch3s62x6jw7sbv3e3,1,cvenash-vishneri.bsky.social
did:plc:df6kd4ybx3sea3c2evkjwchp,1,myosot.bsky.social
did:plc:dfcuzezywl22x5tag7lyerz3,1,joat3.bsky.social
did:plc:dfhn75dkcrfenzvstvpnuhot,1,myosot.bsky.social
did:plc:dg63r4yhzb4yiv4gst43meg6,1,cvenash-vishneri.bsky.social
did:plc:dg7v6uxmmotprmirq7usk3bu,1,chrisbee.bsky.social
did:plc:dggtdlvogrfy6joxwsv423jx,1,myosot.bsky.social
did:plc:dgkyncbh6kcchafzi55rqltt,1,cvenash-vishneri.bsky.social
did:plc:dglzm4uipfqmphcdo27wpioa,1,miraschino.bsky.social
did:plc:dgpyzapw4a7zve5qy2qjqpfx,1,markthemark.bsky.social
did:plc:dgtqaynog2gqoli36cq5f35k,1,cvenash-vishneri.bsky.social
did:plc:dgx5sdcic2im3twcvxqjdvnx,1,markthemark.bsky.social
did:plc:dh43h45aumaaa4wxzejvfbaj,1,convenor.bsky.social
did:plc:dhbkxtyqw5t75yqconklzubw,1,convenor.bsky.social
did:plc:dhc7wg4dix23ijkedekpzlwy,1,puppymelia.bsky.social
did:plc:dhidmwf6x5et67clu3td5doi,1,chrisbee.bsky.social
did:plc:dhwjhk3dkrjb4ixdpxgnh7fm,1,puppymelia.bsky.social
did:plc:di6gzet37jdmk43di34wpd7g,1,puppymelia.bsky.social
did:plc:diblntoainoud2g6qk5bawks,1,convenor.bsky.social
did:plc:dii4webzn5fkatxyzlcxi5ie,1,cnr-isp.bsky.social
did:plc:diinpontauyktvlaqp2zr5xs,1,convenor.bsky.social
did:plc:dimb5lnf4t4twpdslqbc7ryk,1,convenor.bsky.social
did:plc:dimux6rco4t4l62raki7und3,1,puppymelia.bsky.social
did:plc:diptjupvru2xqh6pwbrpzsz4,1,joat3.bsky.social
did:plc:diqheonnuepf3gmwwmy6ae5r,1,myosot.bsky.social
did:plc:diwbhgvkeh4zpw35ivqt7f57,1,chrisbee.bsky.social
did:plc:dj4fpzdfxan5gfh3tz5fyv3b,1,myosot.bsky.social
did:plc:dj7lznwhypcknwtuxnckgrqd,1,ceona.bsky.social
did:plc:djabikf7rzxuwgjd6jn4h6ft,1,chrisbee.bsky.social
did:plc:djacrklw7bmqw2n4jumtlib2,1,puppymelia.bsky.social
did:plc:dje6e62rujray7a23lgaj4c7,1,puppymelia.bsky.social
did:plc:djeoec5uv72cmqteayh4wl3m,1,myosot.bsky.social
did:plc:djfwst7wckmgap4jmxri25nh,1,ceona.bsky.social
did:plc:djrzx7sbgxs7ds7nsxjwiydl,1,cvenash-vishneri.bsky.social
did:plc:djtkxvmhxh4reyeenuu7w6n5,1,markthemark.bsky.social
did:plc:djtz3fqumc4b3ev7i6wnnh5g,1,joat3.bsky.social
did:plc:dk2imb6p7aienwg2qt7xm63e,1,chrisbee.bsky.social
did:plc:dk5mc72qipkhnap5ikpnjcuj,1,myosot.bsky.social
did:plc:dk5wtvhh5lqivieca2hkrsth,1,miraschino.bsky.social
did:plc:dk6mvtszxowrqvnlxetqpmy6,1,joat3.bsky.social
did:plc:dkil5i5nzccoyhmcwubz43su,1,miraschino.bsky.social
did:plc:dkmfejcvng2dqhuisocmrvln,1,miraschino.bsky.social
did:plc:dkpxtsmr5aq35plgm64cqrqr,1,cnr-isp.bsky.social
did:plc:dky3ibuwkze5svjq3heyg75w,1,puppymelia.bsky.social
did:plc:dl44vk75vdlhhbvs6p4fbxzf,1,cnr-isp.bsky.social
did:plc:dlbdv4l2u5gnghzcbllpglne,1,myosot.bsky.social
did:plc:dlbppl2kdyccutor3t3jsuan,1,chrisbee.bsky.social
did:plc:dldqbv4pegptvlzvzmwtuwuc,1,convenor.bsky.social
did:plc:dlqnsjbxnsbigac7xmlajgjo,1,ceona.bsky.social
did:plc:dmjuau7irhg2lg72ty6sofpa,1,cvenash-vishneri.bsky.social
did:plc:dmjv3xj42v43eilyv4hjehqi,1,ceona.bsky.social
did:plc:dmkbckgx5pxxgdfcevy4zgjh,1,markthemark.bsky.social
did:plc:dmlht2y6i45fmfgasls3ms4g,1,cvenash-vishneri.bsky.social
did:plc:dmmive6fhnvwl5clkhv4tpbc,1,markthemark.bsky.social
did:plc:dmnrawqpbb3v7f2tgs3f7xa4,1,convenor.bsky.social
did:plc:dmopowukpuxjkjvvnsi4srit,1,miraschino.bsky.social
did:plc:dmwc4am22cpqmrizpylf7exa,1,puppymelia.bsky.social
did:plc:dmxb5ejsvgwh32r3ynobohiy,1,puppymelia.bsky.social
did:plc:dmzcwxuemwwsl3pkyegfjpux,1,cvenash-vishneri.bsky.social
did:plc:dn7id7lvwkjlx3gulmco5lay,1,markthemark.bsky.social
did:plc:dna3c6dbiajizvm2aionxled,1,cvenash-vishneri.bsky.social
did:plc:dncoancx2p6wka3bebjfwrva,1,myosot.bsky.social
did:plc:dndyiyyirl5tyjqtzfxoikm7,1,cvenash-vishneri.bsky.social
did:plc:dnekpe2qdnifohdndua5t53s,1,joat3.bsky.social
did:plc:dnfl6xhvr33eogsavl4t5tl3,1,miraschino.bsky.social
did:plc:dntz3rtbpuxivqezj4cdl2yo,1,cnr-isp.bsky.social
did:plc:dnudzu6pjehqwehbmuzqp5sn,1,joat3.bsky.social
did:plc:dnxkvdg62mc3kbivjphp2eom,1,puppymelia.bsky.social
did:plc:do2suwjauivlambq2gqznwvl,1,cnr-isp.bsky.social
did:plc:do6nl6oxwqktdj7ltymapthj,1,convenor.bsky.social
did:plc:doadobzrb4wly42qqcobwglv,1,chrisbee.bsky.social
did:plc:doe5ke25tvhkxncyb6x4x7s2,1,cnr-isp.bsky.social
did:plc:dohgtdoxwbvy5c6oo2bksqga,1,cnr-isp.bsky.social
did:plc:dohyzu7g4jpxyhaagkcjrk6v,1,miraschino.bsky.social
did:plc:doo27eha5jhjulhe4vd2yizc,1,markthemark.bsky.social
did:plc:dospatcc6ze77y5xq6jjbhgv,1,cnr-isp.bsky.social
did:plc:dou4zzxveildc4c6seqb34xj,1,cnr-isp.bsky.social
did:plc:douiihg4a7j4xkqaxpkwfj32,1,puppymelia.bsky.social
did:plc:dp3esfkgxmiqewf4rmnnxebs,1,puppymelia.bsky.social
did:plc:dpfnwkubtbevpuvm3s62qqru,1,joat3.bsky.social
did:plc:dpgu2pqjkgmqs5tzxq3idn32,1,convenor.bsky.social
did:plc:dphk5xc3kbgz3e42ecoqglcc,1,myosot.bsky.social
did:plc:dpnxtgjlhia3ga64ls3mrt4b,1,joat3.bsky.social
did:plc:dps5knuqjkybgklyaixbptsq,1,ceona.bsky.social
did:plc:dpsbz3spwq4hzbbbkzwdelaw,1,ceona.bsky.social
did:plc:dpunrrfmuvffztgc36f33mrr,1,convenor.bsky.social
did:plc:dpwgn3jg4szaeyjbee2askfi,1,puppymelia.bsky.social
did:plc:dpysv7p376lpucws75oidxkm,1,cvenash-vishneri.bsky.social
did:plc:dpzlksq4kqroipyonzndskdc,1,cnr-isp.bsky.social
did:plc:dq524joqiimrsvysibyotymq,1,ceona.bsky.social
did:plc:dqgljlhj3cbkgw2woliooqlw,1,cnr-isp.bsky.social
did:plc:dqgnvfqfiee2y62twygpe656,1,markthemark.bsky.social
did:plc:dqnjwcs52efhcva7smwhotul,1,joat3.bsky.social
did:plc:dqohr55w6cbq4o7xjm4kqdlu,1,puppymelia.bsky.social
did:plc:dqttt45uhalpws5w4q6jf744,1,puppymelia.bsky.social
did:plc:dqww3tqr2yiciboc2bij7m7w,1,chrisbee.bsky.social
did:plc:dr6cavavqbbtzeknnl76tp54,1,myosot.bsky.social
did:plc:dr7dwhzt6zrkh23zr4s2fchl,1,markthemark.bsky.social
did:plc:drawckcfm63jwryrk6cdvoah,1,convenor.bsky.social
did:plc:drdjvbxyqev4hna373k6k7j4,1,miraschino.bsky.social
did:plc:drdlbsh4fuz3744ytla2eybq,1,miraschino.bsky.social
did:plc:drgnhebixfe7z7izmoq7ijoi,1,ceona.bsky.social
did:plc:drr6gzqns5e26qa2hrjz2v64,1,myosot.bsky.social
did:plc:drsbn6kbvnlk4kxts25fhzo7,1,cvenash-vishneri.bsky.social
did:plc:drwgwtoidbvxmbq5ix3uynnd,1,markthemark.bsky.social
did:plc:drz2fujkayg4ej56auamr6os,1,joat3.bsky.social
did:plc:ds3e33cwfmsrgocabzgfdjha,1,cvenash-vishneri.bsky.social
did:plc:ds7fbjpylg3mepy7z35oyf6m,1,myosot.bsky.social
did:plc:dsajqnykifwn24zeeszcdx6c,1,joat3.bsky.social
did:plc:dsbgbqe6xdqwffygtzbdwzvu,1,cvenash-vishneri.bsky.social
did:plc:dsfc35ftsnoge2zkekfzk6af,1,myosot.bsky.social
did:plc:dsntwvjxmftvuxjl564zyoug,1,ceona.bsky.social
did:plc:dsocxq3zgprln6hnvdepugov,1,ceona.bsky.social
did:plc:dsydvo4rv2rs7as22ui5vnl5,1,joat3.bsky.social
did:plc:dtcjtqkf7yvbmhordkwrsb4r,1,ceona.bsky.social
did:plc:dteeiztu3awaktcso33xbxrb,1,cnr-isp.bsky.social
did:plc:dtitjicojbarjijskij25qvr,1,puppymelia.bsky.social
did:plc:dtps25l4y2skxqilpaywl7ux,1,joat3.bsky.social
did:plc:dtqxdyzkmy7xlrr3iaselo6o,1,myosot.bsky.social
did:plc:dtscswinttlusm34rgmvbg46,1,convenor.bsky.social
did:plc:du7zs3aivkg6g7fmg7apcgzm,1,ceona.bsky.social
did:plc:dukfcme7rth5wzixvbzeycv6,1,miraschino.bsky.social
did:plc:dulcm7vskbuddoch6sax7ypq,1,markthemark.bsky.social
did:plc:dulgzwqqq5jquot3cjpavesy,1,miraschino.bsky.social
did:plc:duslrmdlhc2rw7d4bl4tarcx,1,cnr-isp.bsky.social
did:plc:duzic2ijpppbmkzc3icas7c6,1,convenor.bsky.social
did:plc:dv6lzwf7qmnkv3ox7d4rkik2,1,joat3.bsky.social
did:plc:dvaeswpew6ee2u3tnzijrziu,1,cvenash-vishneri.bsky.social
did:plc:dvoognluuhwuuwqhlegb6se2,1,miraschino.bsky.social
did:plc:dvqxu44ma6tl4ujdcwvxnj7p,1,miraschino.bsky.social
did:plc:dvwxnvnildozow2eqnbmxdhk,1,chrisbee.bsky.social
did:plc:dvz5bnrmewlymglw2w5qe6kv,1,cvenash-vishneri.bsky.social
did:plc:dwcfhwrf6hulz2j44ydbedy3,1,cvenash-vishneri.bsky.social
did:plc:dwkhmscg4pxytd4q3ywczezo,1,cvenash-vishneri.bsky.social
did:plc:dwrnnpkk5ziskl5czpfkik64,1,ceona.bsky.social
did:plc:dwt2ntmuye3zb3w3ie3b5zgu,1,cvenash-vishneri.bsky.social
did:plc:dwy2w3hctehoyb74dheetlgf,1,myosot.bsky.social
did:plc:dx44lx4672vpt5libxmxv2ae,1,miraschino.bsky.social
did:plc:dx6wvvl72nhilrc3cze4zupg,1,puppymelia.bsky.social
did:plc:dxbub3l6qtvq542p3owoouly,1,cnr-isp.bsky.social
did:plc:dxlpsmirvrsrseht4bfbonbl,1,chrisbee.bsky.social
did:plc:dxpgb6dbrw3com4el2d7mnhx,1,cnr-isp.bsky.social
did:plc:dxqmvppnjfynnkmvduipko3e,1,joat3.bsky.social
did:plc:dxu25p5fmfrngmjr5iawpr4d,1,chrisbee.bsky.social
did:plc:dy67e5bo7xbo4co4oivs5mne,1,chrisbee.bsky.social
did:plc:dyhbnj47cacgr4wndf7mxd24,1,cnr-isp.bsky.social
did:plc:dyhjdqtwaqez537htn5gal4t,1,cnr-isp.bsky.social
did:plc:dykwgeyxcryxbpbyw7tw7lod,1,puppymelia.bsky.social
did:plc:dyntve24lmmxrrfeo3ooqbij,1,cvenash-vishneri.bsky.social
did:plc:dywpb6lk5jr6oxkokevneorh,1,convenor.bsky.social
did:plc:dz2uhbkiktwfwx2rjijzzz7a,1,convenor.bsky.social
did:plc:dz3xbg3bhoqorrgavxbbdmcg,1,joat3.bsky.social
did:plc:dz7danz6kdarppn3hi6xqhwv,1,ceona.bsky.social
did:plc:dzl4kqqbee74ktkeaz3xgq56,1,myosot.bsky.social
did:plc:dzul6usohzq3wjkibalsol6u,1,miraschino.bsky.social
did:plc:e255d33k7c3fyw2enrlofubl,1,joat3.bsky.social
did:plc:e27xjozu7a52avycl2xmwnb3,1,joat3.bsky.social
did:plc:e2ernzka7reuaiorc5v2tgsr,1,joat3.bsky.social
did:plc:e2keizgm5mu6n42govgaspfy,1,convenor.bsky.social
did:plc:e2malkkmcvbfuxxojfhsabxo,1,cnr-isp.bsky.social
did:plc:e2n2i7hyyuf7dqgujk7isj5l,1,joat3.bsky.social
did:plc:e33pwx57gv2q6eh63wxq4ywp,1,miraschino.bsky.social
did:plc:e3a7xrfxezsvsyu36cescizl,1,myosot.bsky.social
did:plc:e3adubyxy7pfj44s3dyyrv5x,1,ceona.bsky.social
did:plc:e3ckrlwlhpuq3vp2jvyuhm3o,1,cvenash-vishneri.bsky.social
did:plc:e3jx6un7sc2uoc5ngkivq7lr,1,joat3.bsky.social
did:plc:e3ngfpyuqyeyxhpk4bc7gmxw,1,myosot.bsky.social
did:plc:e3pbqayeb7yzgbol3kqrofhp,1,myosot.bsky.social
did:plc:e3pen4wddee6lrbwniwwkwco,1,joat3.bsky.social
did:plc:e3t325sziuy6mm3iiq27isi4,1,puppymelia.bsky.social
did:plc:e4g7oskvx3re7pegg6f4c5w6,1,myosot.bsky.social
did:plc:e4irqxcqgtfig7mqwd4nuris,1,chrisbee.bsky.social
did:plc:e4musdh2uni44id3q5fhks2l,1,convenor.bsky.social
did:plc:e4tna2ckfbyj4py4mfcpog5j,1,puppymelia.bsky.social
did:plc:e4ybkxvnjdzjaszbybekjyms,1,cvenash-vishneri.bsky.social
did:plc:e54ysdywgpmrhzlsxaf4yr5m,1,cnr-isp.bsky.social
did:plc:e55oie2tzkft5f6mig3oogfd,1,cnr-isp.bsky.social
did:plc:e5dal24eadftpysgjeesqhsa,1,puppymelia.bsky.social
did:plc:e5lasaohxb4kd4wmgizwua4b,1,miraschino.bsky.social
did:plc:e5mlzu575of235pgw4e3rpnz,1,puppymelia.bsky.social
did:plc:e5nxfycdicnqewhxaqwhpovf,1,cnr-isp.bsky.social
did:plc:e5osrm4n5f2xvhnjgnmfiesz,1,puppymelia.bsky.social
did:plc:e5ph2yzcz2lponc4n2i5h3rh,1,ceona.bsky.social
did:plc:e5vfgbb264yruca5ztvtgnqc,1,chrisbee.bsky.social
did:plc:e67mdjezubiqk4ceacrxxvtb,1,miraschino.bsky.social
did:plc:e6bmsoqfvdf47qbpnezrheyy,1,cvenash-vishneri.bsky.social
did:plc:e6jgkdnmvv2bb2zxzr2pk57g,1,cnr-isp.bsky.social
did:plc:e6qcnfbu2hnpu3y3damffxnf,1,convenor.bsky.social
did:plc:e6ui54ioemmxkxwygyywigj6,1,markthemark.bsky.social
did:plc:e6yokwwuwk5blulv7pg3rwhd,1,convenor.bsky.social
did:plc:e74t46n7pomh7qhufvss5cgv,1,miraschino.bsky.social
did:plc:e772bbvg2qpbtddviksemrek,1,miraschino.bsky.social
did:plc:e7fxgizxsdejjnu3xbaki24u,1,myosot.bsky.social
did:plc:e7kt2agsqlhecdbr24g7dsia,1,miraschino.bsky.social
did:plc:e7n6cs5ayz4tuab43rr5lh3m,1,ceona.bsky.social
did:plc:e7ofwgzwlartci4q5le3ec7t,1,ceona.bsky.social
did:plc:e7pnbu24usaptlzq6k4ixnbm,1,cvenash-vishneri.bsky.social
did:plc:ea4n4jmf25ls3huai4gexka4,1,cnr-isp.bsky.social
did:plc:eagz6bulhx4sigu5ltmvrd3k,1,cvenash-vishneri.bsky.social
did:plc:eai67oguq3rhbae5gxtboo4o,1,cnr-isp.bsky.social
did:plc:eaiqd7vdfm6r7pc6rshe36vq,1,cvenash-vishneri.bsky.social
did:plc:eal2acwyrvrdao3k7shuurra,1,cvenash-vishneri.bsky.social
did:plc:eam4odatenowhwdlijf3ypz4,1,chrisbee.bsky.social
did:plc:eaqyooi6cuwhgkbr4onmov2f,1,markthemark.bsky.social
did:plc:eawrzkefxggvqbrmagkhsmcc,1,puppymelia.bsky.social
did:plc:eazwxef4k45xycyd4cohh7ss,1,myosot.bsky.social
did:plc:ebd7xjl2vvln3p722hzd2ve4,1,miraschino.bsky.social
did:plc:ebjqpdhthmgthr6qfvxiwnw3,1,convenor.bsky.social
did:plc:ebldfs4j42upcsk7twf6gisx,1,miraschino.bsky.social
did:plc:ebqizqsr4sd4hluj5jsmamox,1,miraschino.bsky.social
did:plc:ebqyeigqngauff5yv27asqfo,1,joat3.bsky.social
did:plc:ebsmk2373si54srillwwscja,1,joat3.bsky.social
did:plc:ebtnxtfudrbuhcopvw7e4jvj,1,cnr-isp.bsky.social
did:plc:ebvckjzxaufbjbopxeko5agi,1,cvenash-vishneri.bsky.social
did:plc:ec2dspqalie2c233mtpykcus,1,ceona.bsky.social
did:plc:ec5yo5yvhf6nrwlkajegswin,1,chrisbee.bsky.social
did:plc:eccjengmtlkyvxefrsqwjimy,1,joat3.bsky.social
did:plc:ecjlc5ouev63oweq5en4lsj3,1,miraschino.bsky.social
did:plc:ecmi7lnqriqbg7mqf7inq7zn,1,puppymelia.bsky.social
did:plc:ecmovszomoehzgtivwx2cwfa,1,convenor.bsky.social
did:plc:ecra5nax757txyf6n5rp5dcn,1,markthemark.bsky.social
did:plc:ed4jl73ts56vyer333rdciav,1,chrisbee.bsky.social
did:plc:edauach476sgwimq6l4r6a5l,1,myosot.bsky.social
did:plc:edc76kc2xor6xrnw37lnqzga,1,cvenash-vishneri.bsky.social
did:plc:edfqk5dg2bigyb6rkojrxgoe,1,cnr-isp.bsky.social
did:plc:edjlrgmm5hd7txsy5o2y53cg,1,miraschino.bsky.social
did:plc:edmar723d5j4nhb5rkccdfi3,1,cnr-isp.bsky.social
did:plc:edn6qcfmkuq4tpkuqq46dayb,1,joat3.bsky.social
did:plc:ednopqlrhyinehyfxphpsnqf,1,myosot.bsky.social
did:plc:ednzirfypbh5pnvth4pba6eh,1,cvenash-vishneri.bsky.social
did:plc:edtmxl3tsu6dss7jjfyh37z7,1,cvenash-vishneri.bsky.social
did:plc:edugmjrlgora45swhzonfahv,1,cnr-isp.bsky.social
did:plc:edzjjktto7pwt3tfszuifnqb,1,joat3.bsky.social
did:plc:ee5b6sjkeuutlhzevhfuo5bh,1,chrisbee.bsky.social
did:plc:ee6five2gkdqyh6xxg7tqshq,1,cvenash-vishneri.bsky.social
did:plc:eeb7cu3l3nua7nanm757rffj,1,chrisbee.bsky.social
did:plc:eech7jyqdzuyh6d2asypnjki,1,joat3.bsky.social
did:plc:eecxsifqm2d5g4jdlplmpocf,1,cvenash-vishneri.bsky.social
did:plc:eedf6u75jiahkotw7kcal7hs,1,convenor.bsky.social
did:plc:eehsmnmtmrrqduv4xwpr6per,1,joat3.bsky.social
did:plc:eejka5pidttwj7kyw2bbuinm,1,convenor.bsky.social
did:plc:eekriwg5h54hwbk4dh3z2pg7,1,puppymelia.bsky.social
did:plc:eeqr56fhikc57bgz3cad3ydj,1,joat3.bsky.social
did:plc:eethos7a2fbxwkzaci53aofg,1,ceona.bsky.social
did:plc:eevb5zwmb7mzx5yd76zz2ntz,1,cvenash-vishneri.bsky.social
did:plc:eezrj7dplg2goacopghccdgq,1,convenor.bsky.social
did:plc:ef4njmroevwj7uq3sp34gv4m,1,miraschino.bsky.social
did:plc:efgakhphhh3inkixml7put3e,1,joat3.bsky.social
did:plc:efihnp5w6tlaymwd6b65arcy,1,ceona.bsky.social
did:plc:efqlemvvz5dg2ermdkjnwm3r,1,miraschino.bsky.social
did:plc:efquobq743dsdmk4x73ld2zc,1,chrisbee.bsky.social
did:plc:efsruygzp6nm3a4vo3fb3owu,1,myosot.bsky.social
did:plc:eftc4mpjou3lxkkvyxyknmst,1,puppymelia.bsky.social
did:plc:efut55oefddtozywmflkddg5,1,miraschino.bsky.social
did:plc:eg2kp3kmzn2q4llnlzes56qu,1,convenor.bsky.social
did:plc:eg6pz6xjlbl2k4h6l3p3honm,1,joat3.bsky.social
did:plc:egdf7murau6emkrh5rayd3u5,1,ceona.bsky.social
did:plc:egj5l6hvokn547sor4s62jzd,1,myosot.bsky.social
did:plc:egk5elf3x5qihlzoqojcokfm,1,markthemark.bsky.social
did:plc:egk5qpu56comvwkwxn3xmrry,1,markthemark.bsky.social
did:plc:egr6ghkjowjgl273cnpdpnia,1,markthemark.bsky.social
did:plc:egrhe7qm6reojrh6qheadbmd,1,puppymelia.bsky.social
did:plc:egsqnoenz3dcx47jyfgclkq6,1,myosot.bsky.social
did:plc:ehk6h5zxegkykdrf2jrsfhxr,1,miraschino.bsky.social
did:plc:ehsscrr27anwc7ztgb2wu36w,1,chrisbee.bsky.social
did:plc:ehsxi4qvo6uodaria7dvpts2,1,convenor.bsky.social
did:plc:eht5rgoydcaor2v4xpqabww2,1,miraschino.bsky.social
did:plc:ehwi66zi36iasuq6o5klmsni,1,chrisbee.bsky.social
did:plc:ei7kz5slsldbhjrci63pkzwb,1,cvenash-vishneri.bsky.social
did:plc:eiinu7nb5zvjdtpmnm6tftfg,1,puppymelia.bsky.social
did:plc:einmhyt3mfu77m3xsfwwgldh,1,myosot.bsky.social
did:plc:eipg2ec25pcr2cslkdb7tnn2,1,cnr-isp.bsky.social
did:plc:eivlsge4ug4jtvzsdftby3my,1,markthemark.bsky.social
did:plc:eivqo2tskdfn4dbrm3dv2mku,1,myosot.bsky.social
did:plc:ej3nt2bh6j35fxqdlxq6yct4,1,markthemark.bsky.social
did:plc:ejcm44u24c4auofv2e2n7t2z,1,cnr-isp.bsky.social
did:plc:ejqjmid2nqv2dsg6yrucvgxs,1,cvenash-vishneri.bsky.social
did:plc:ejtfa5juqtzqu6gkzdg5dqdl,1,cnr-isp.bsky.social
did:plc:ejtvpezhmbazedesqgxp3frp,1,joat3.bsky.social
did:plc:ejupqtafinfgm5uhd4dau6x3,1,chrisbee.bsky.social
did:plc:ejz5uypde6zjpcq6xpmm7mkv,1,markthemark.bsky.social
did:plc:ekbawbvkifauppbmal5xumue,1,cvenash-vishneri.bsky.social
did:plc:ekf3smdiurl26mmjjzguxq64,1,myosot.bsky.social
did:plc:ekgxd6mtd67bdouho2hksgcm,1,puppymelia.bsky.social
did:plc:ekhwq6wsvqdqykxzdc23l5jg,1,miraschino.bsky.social
did:plc:ekjo75j2touqg5dskb26ughm,1,cvenash-vishneri.bsky.social
did:plc:ekkfte7dfpnhtvbuseunj6jl,1,ceona.bsky.social
did:plc:eknod7izz6oauxvo3xxay337,1,puppymelia.bsky.social
did:plc:ekojtsw6aaz6jzbmlhhao3xl,1,ceona.bsky.social
did:plc:ekp6swfdiomv6n3zbnfcbsga,1,myosot.bsky.social
did:plc:ekt24odvuarwbjseeg6v4jr6,1,convenor.bsky.social
did:plc:ekviet5axgpvqtdadjxfpfw7,1,myosot.bsky.social
did:plc:ekzgh2ywz65gb3t66fpgfudl,1,chrisbee.bsky.social
did:plc:el5a4jiffygj4z4gaamf4hmu,1,miraschino.bsky.social
did:plc:elafwpjqjcoc2fkczkt5bw5e,1,markthemark.bsky.social
did:plc:elgkp22tjscka4ij6kqibtvt,1,cvenash-vishneri.bsky.social
did:plc:elh4lfmfrikisxzvtkj772pg,1,markthemark.bsky.social
did:plc:elmnb5dl2anrhllo6utyfhov,1,chrisbee.bsky.social
did:plc:elr6bawnjt7ebgb2cvi75dhy,1,cnr-isp.bsky.social
did:plc:elwxrfcc5hrhki3b6r2vkt6a,1,chrisbee.bsky.social
did:plc:ely2tllk4ymnfstozvdz4bfs,1,myosot.bsky.social
did:plc:em47s6v3yr5z64ox7ejwf5m6,1,markthemark.bsky.social
did:plc:em5kvlfduvdx4t5e7qfz6mek,1,puppymelia.bsky.social
did:plc:embu43bkaeoresdhwjnsfa7f,1,myosot.bsky.social
did:plc:eml7yvl6sqceowa3k3c5ue5t,1,myosot.bsky.social
did:plc:en2viimzc3gydsljf42jbm5j,1,convenor.bsky.social
did:plc:encs65vl2g7z3abswilj7jve,1,myosot.bsky.social
did:plc:endmecyj56hln52myejcc7sc,1,chrisbee.bsky.social
did:plc:engain6sryca2r37qppv4t2b,1,miraschino.bsky.social
did:plc:enmm7c5y2wphlawqsgd26ie4,1,joat3.bsky.social
did:plc:enn6oaisqapfqlybuphp625p,1,puppymelia.bsky.social
did:plc:ennzd6hkofwk5plhapacj2hg,1,convenor.bsky.social
did:plc:enu4vty35ptuculhmkjnt43f,1,markthemark.bsky.social
did:plc:enwaean3bhii4wlkw74mwypd,1,myosot.bsky.social
did:plc:enzntcnnscd5v23v2wirk76m,1,markthemark.bsky.social
did:plc:eof64py7gulrj4drvmp52scd,1,ceona.bsky.social
did:plc:eojt7i2ggs7bkh4jodc6x6xn,1,ceona.bsky.social
did:plc:eowdomdlthz3l6lyoch6v6vk,1,convenor.bsky.social
did:plc:ep4ecfghdfre2jr7jegwvt5x,1,puppymelia.bsky.social
did:plc:ep4gmsluk4735vzcknsiumoz,1,chrisbee.bsky.social
did:plc:ep4rpuvubkmhq3cozag3vvge,1,ceona.bsky.social
did:plc:ep5zzqhaf35mnth3nywiy53a,1,joat3.bsky.social
did:plc:epd7lfsosxj7ykyzhmhzhflj,1,cnr-isp.bsky.social
did:plc:epe5rpk6o6w4fmxhn4bnnyrw,1,myosot.bsky.social
did:plc:epfkaod2yz2a6jjndhkpqaux,1,joat3.bsky.social
did:plc:ephojllclnvia5ksa5fyxwge,1,ceona.bsky.social
did:plc:eponuct5tplruyubbia64aws,1,cvenash-vishneri.bsky.social
did:plc:eppjx3hayl2dzwkvtbwm7or6,1,miraschino.bsky.social
did:plc:eppsmw5nfmdzhfeymtzd3xbe,1,myosot.bsky.social
did:plc:epxvdzrr4sd7lcji5vez4x7q,1,convenor.bsky.social
did:plc:eqhz3s3gjleyzr3h7zzawak7,1,markthemark.bsky.social
did:plc:eqpxxxuo4ju4ma3nuxrktjmx,1,chrisbee.bsky.social
did:plc:eqre2sxfebqonsel7k63q34v,1,cvenash-vishneri.bsky.social
did:plc:eqsszkiqcqzs5d4ytpkiunzn,1,myosot.bsky.social
did:plc:eqtfqntwixcnk2fn6im5ntwr,1,myosot.bsky.social
did:plc:er35yjsh73z2dqvmnet43qke,1,joat3.bsky.social
did:plc:er3cru74ju27edez7xupsvlh,1,cnr-isp.bsky.social
did:plc:er4qp6hqar7bhyo455dsrv7j,1,myosot.bsky.social
did:plc:erlgsiyrg4lg67wthmjcwc64,1,miraschino.bsky.social
did:plc:erlxz4sppc5uv7m4efmcvpsf,1,joat3.bsky.social
did:plc:erq2ikyohuruvieu3pxxs2ps,1,markthemark.bsky.social
did:plc:errvdm4qu5tpveq5gucpiv75,1,cvenash-vishneri.bsky.social
did:plc:erxevjq3b2yia25nak5id67d,1,chrisbee.bsky.social
did:plc:erz65n6mjy7ji7spg5gxkubv,1,cnr-isp.bsky.social
did:plc:es7n6xv3ce3kftboijhqwlzq,1,cvenash-vishneri.bsky.social
did:plc:eshcqzoowlpbj65gp7yualue,1,convenor.bsky.social
did:plc:esmzqsmrgai3ctgk46zqr6hd,1,cnr-isp.bsky.social
did:plc:eso6zo3a2aycydugsgxarmbf,1,markthemark.bsky.social
did:plc:esrunrsppwt4bs2pbvshwpsp,1,convenor.bsky.social
did:plc:esxaer5evot5edqbti57ehgi,1,ceona.bsky.social
did:plc:et4h6vanov2csextpp7m26yi,1,convenor.bsky.social
did:plc:eteutzzpvsznmuh2uirgi7c5,1,chrisbee.bsky.social
did:plc:etf2mbrcwbkcgvd3lwzruafx,1,miraschino.bsky.social
did:plc:eti5o4ut37snu5ib3g5xnix2,1,cvenash-vishneri.bsky.social
did:plc:etklgvjictxel2n73tittv5h,1,cvenash-vishneri.bsky.social
did:plc:etqkgamjeuu3e5xgpeyhoe72,1,chrisbee.bsky.social
did:plc:etsxtxicov2635bk44gp3jf6,1,cnr-isp.bsky.social
did:plc:eu3gghvfdckpje2arsqmdjfq,1,miraschino.bsky.social
did:plc:eua2unkmpf4e3mvdok3rln2r,1,miraschino.bsky.social
did:plc:eulmq7mbjp4aabapb3qvqby7,1,ceona.bsky.social
did:plc:euxbzcqf4bkx4eltbqdaesqk,1,markthemark.bsky.social
did:plc:ev2l4pfyfhavmodyfr5zewzc,1,miraschino.bsky.social
did:plc:ev2teqoqu5aha5p4tttd4tk5,1,cvenash-vishneri.bsky.social
did:plc:ev4cad5qh62slhfhvwl3uz2w,1,convenor.bsky.social
did:plc:evmdkmhwhbqgt7iad4m7sehg,1,joat3.bsky.social
did:plc:evoelys564465icuqlatjdau,1,ceona.bsky.social
did:plc:evqpzdjx7lzdpc3vp5rxwpkk,1,cnr-isp.bsky.social
did:plc:evum3ztvjvpmuc72fd5lhvjd,1,convenor.bsky.social
did:plc:evzmobrnzmf6d6bn7m25obr4,1,markthemark.bsky.social
did:plc:evzvv47pxng5g7f4leznf7fr,1,joat3.bsky.social
did:plc:ew3o5srim4aaap5jzfxa6vk6,1,ceona.bsky.social
did:plc:ew5cmix2shrvbtngtcrgw7uy,1,cnr-isp.bsky.social
did:plc:ew63pmb3lh6kftqfzn7v6fgq,1,cnr-isp.bsky.social
did:plc:ewervi57gibyxyi7hp6usafd,1,myosot.bsky.social
did:plc:ewpjvafzlxeljxa7v7vkovy4,1,cnr-isp.bsky.social
did:plc:ewqu3bnmlx6plm75qqcm6p57,1,cnr-isp.bsky.social
did:plc:ewzmk6cknma562phoo4cq7ym,1,convenor.bsky.social
did:plc:exdrbzz33ve64hgczkklwshc,1,cnr-isp.bsky.social
did:plc:exgbhwnyahjgwru4hnmzm7u5,1,miraschino.bsky.social
did:plc:exkeo6f3lpy4yzkpqluhprj7,1,convenor.bsky.social
did:plc:exknrfggcngn7eqgfhqnxwqk,1,myosot.bsky.social
did:plc:exlgpopengesgdw26qnvrtr7,1,miraschino.bsky.social
did:plc:exrxvyu6bpoym6mbnctke5tn,1,chrisbee.bsky.social
did:plc:ext46m3bx4tj3wpyhqi7puy4,1,markthemark.bsky.social
did:plc:exuynsbjdpj74cn5eapg4ael,1,ceona.bsky.social
did:plc:exvkfplpe7eb3qnuclpombxf,1,ceona.bsky.social
did:plc:exzqqyptcoramhkay6fljq7p,1,convenor.bsky.social
did:plc:ey34srw7uoex672gmwebcnav,1,ceona.bsky.social
did:plc:ey4an5j5m2h5v5qhcqs4hji2,1,cvenash-vishneri.bsky.social
did:plc:ey4smwsyv3l7b4xfcemd25os,1,puppymelia.bsky.social
did:plc:eyavi4qlnfdoxct3bnyzo5ga,1,convenor.bsky.social
did:plc:eyfljkh234pjizrlqp4kduaa,1,myosot.bsky.social
did:plc:eykubncspasdziondmiet2h6,1,myosot.bsky.social
did:plc:eyl7zbs4qpbejlqfg6muim5l,1,miraschino.bsky.social
did:plc:eynn6xh5zt3xcvqzf7r6jmog,1,cvenash-vishneri.bsky.social
did:plc:eyxe3kye7ceiqqg5allx5rhe,1,miraschino.bsky.social
did:plc:eyximpmrjbic2kqsdnvdfork,1,cvenash-vishneri.bsky.social
did:plc:eyy2s64gs6jpizgmzufvxynn,1,markthemark.bsky.social
did:plc:eyzxwnznj7jds2ixerj4ao3f,1,cnr-isp.bsky.social
did:plc:ez5fkyyv4sivhcagooy3gkpr,1,joat3.bsky.social
did:plc:ezdwylwoa74jii2ld5l26pwt,1,puppymelia.bsky.social
did:plc:ezf2n46jjyd2jfxxrafa54ih,1,markthemark.bsky.social
did:plc:ezfz47ckaw22h75ct7t4gw6b,1,cnr-isp.bsky.social
did:plc:ezsd6suscy66wwp7ad6w42pt,1,convenor.bsky.social
did:plc:f22btmxlaxmzbh2s6pajlzf4,1,markthemark.bsky.social
did:plc:f26mdeugzdme5vxmk4fxvy6x,1,cvenash-vishneri.bsky.social
did:plc:f2co3yhwocicv456bi43qixs,1,markthemark.bsky.social
did:plc:f2hjvryrxfu3p7salik5k7mp,1,miraschino.bsky.social
did:plc:f2ppf5zrnlbby37uvwfl2brt,1,joat3.bsky.social
did:plc:f3afhhxth4gkawmp3kjtebwo,1,convenor.bsky.social
did:plc:f3ex4dabsmmlka6lp32ygeak,1,ceona.bsky.social
did:plc:f3hv56gvg32pbcjslk7dixvb,1,markthemark.bsky.social
did:plc:f3k4iipaz7ara5xvp3p42moe,1,chrisbee.bsky.social
did:plc:f3oesb652tfqxbidljo5wazn,1,cvenash-vishneri.bsky.social
did:plc:f3ssmp6o4d5db4h7y4mb6fon,1,chrisbee.bsky.social
did:plc:f3x7ad2lugpxdwijlfsavfub,1,joat3.bsky.social
did:plc:f46moxm3ncptmzxaltbn4t6j,1,ceona.bsky.social
did:plc:f47unotfhxdmxbw7uszcjwvp,1,ceona.bsky.social
did:plc:f4bk4ihk35mab5sepruefkbm,1,myosot.bsky.social
did:plc:f4cisi6oyuzw4apdswxu32lt,1,joat3.bsky.social
did:plc:f4cxcp2af3yckpgqdqhlrlpz,1,joat3.bsky.social
did:plc:f4l3c5w3pc5m7fvzsivnknco,1,ceona.bsky.social
did:plc:f4sntc6i5pubb7sm2sgq3vbx,1,convenor.bsky.social
did:plc:f4xsdt2rsgvlchxlvoypppkb,1,markthemark.bsky.social
did:plc:f544vprm4wsp6ndlpa74rpdj,1,cnr-isp.bsky.social
did:plc:f56ehgxr52rk7hgwkqf2qhyu,1,joat3.bsky.social
did:plc:f5f3txs5owxwescgejyjdzrb,1,puppymelia.bsky.social
did:plc:f5oj3h5yslnl5ymnvya5aecv,1,cvenash-vishneri.bsky.social
did:plc:f5vgsef4mbg43yyfnyyydzay,1,joat3.bsky.social
did:plc:f5yhxo3kyubpirvxhz7okot4,1,cvenash-vishneri.bsky.social
did:plc:f5zweqgpvqy7lkujg3ijtbi3,1,ceona.bsky.social
did:plc:f6afqvpgulywuusbhug2hhdv,1,cvenash-vishneri.bsky.social
did:plc:f6ewcicfvvayepxfv7k3fqon,1,miraschino.bsky.social
did:plc:f6fi6jj7acm5rkt4y7d5call,1,convenor.bsky.social
did:plc:f6njusj4iiudjz6cdoo3eykq,1,chrisbee.bsky.social
did:plc:f6rg7ch667fbkjmtmp2tdett,1,joat3.bsky.social
did:plc:f6yko4szcvqbfvz53vkwjao6,1,cnr-isp.bsky.social
did:plc:f6zwc4lfitcvnm5zxfwriftk,1,miraschino.bsky.social
did:plc:f73kioy5ndyo66o55vgvws76,1,cnr-isp.bsky.social
did:plc:f76vbneie4u7bnnaokjno7i2,1,markthemark.bsky.social
did:plc:f7cuma2io575z6ztmoja4xyp,1,cnr-isp.bsky.social
did:plc:f7ebocyc3vd72474otpvtbql,1,cnr-isp.bsky.social
did:plc:f7fs6iw6qdljigmyqnn3eqh4,1,cnr-isp.bsky.social
did:plc:f7jilxcrmc6vqpdavojoo4x7,1,ceona.bsky.social
did:plc:f7ovwmxr64br4p3difjh7pwi,1,miraschino.bsky.social
did:plc:f7xbc555sevrs6uxwvqcc6b5,1,ceona.bsky.social
did:plc:fa3g6pbvjpeckjyecujaxfrn,1,chrisbee.bsky.social
did:plc:fa3pc7xjfm4476bnjldxys2f,1,puppymelia.bsky.social
did:plc:faas7nyiztlw3oq4r5qhott7,1,cnr-isp.bsky.social
did:plc:fafqujujojtn4gnrk4n6eqgx,1,miraschino.bsky.social
did:plc:faiumg4pejhopak6m4kffqln,1,ceona.bsky.social
did:plc:fapkiulmbmjfofc6x2rgfj6h,1,puppymelia.bsky.social
did:plc:faplueznfyeti76dt3yniotr,1,cvenash-vishneri.bsky.social
did:plc:fb54a666qglpexl3iz3ts4tw,1,cvenash-vishneri.bsky.social
did:plc:fb7jvziqfpcaw5zmvvalnnep,1,chrisbee.bsky.social
did:plc:fb7ywu5vbbfagwz223abotym,1,puppymelia.bsky.social
did:plc:fbafgsz32pnijuaxmoy36eg4,1,joat3.bsky.social
did:plc:fbdshlz5hrvbf5tywsf7hxgl,1,ceona.bsky.social
did:plc:fbn234jap52hrlypqzmjdjnv,1,cvenash-vishneri.bsky.social
did:plc:fbsq7r3flqeexumvs7ci7mq7,1,joat3.bsky.social
did:plc:fbz76pqkfgkbegiq6vhy4euu,1,convenor.bsky.social
did:plc:fc2kg7r4iv4jby6obttii46o,1,myosot.bsky.social
did:plc:fcay6b5odqmd2mbxmdhsutog,1,myosot.bsky.social
did:plc:fcdphzoojhlln7dvfxgrlxhd,1,joat3.bsky.social
did:plc:fcjvvlv6ez6zgd77vff6fmf6,1,ceona.bsky.social
did:plc:fckbwek43e5z7l2bsnncz23e,1,ceona.bsky.social
did:plc:fctau3eedws5cdrvnv4k6n2q,1,myosot.bsky.social
did:plc:fcv3ppobqcud7kc3opm7zvek,1,joat3.bsky.social
did:plc:fd6nfla4vbnim2lp5feqh7m4,1,convenor.bsky.social
did:plc:fddtxsmwesa44chyaii6thg4,1,cnr-isp.bsky.social
did:plc:fdf43etnrwbpfjmjacfjfezv,1,chrisbee.bsky.social
did:plc:fdnougmbcrgszqz4b77m2n7f,1,convenor.bsky.social
did:plc:fdpfucsmqcwjwvjvujyqxlxx,1,convenor.bsky.social
did:plc:fdtpzz22jnewedr4vr6weshl,1,convenor.bsky.social
did:plc:fe2limpdybyp4bz22mf32fss,1,cnr-isp.bsky.social
did:plc:fe5r6xn6bd5kmpufyjimbe46,1,convenor.bsky.social
did:plc:fecv2uyyiixveringqvxrtbj,1,chrisbee.bsky.social
did:plc:fed6rk6bqpbpesognp3qttzy,1,cvenash-vishneri.bsky.social
did:plc:fegevbekjdil5npki3sqwm5d,1,chrisbee.bsky.social
did:plc:feobw43ezgemam6r6zvfzp42,1,miraschino.bsky.social
did:plc:ferot4ax6evag7czbhuzks4i,1,cnr-isp.bsky.social
did:plc:fewkb2bui7ct3voaz5wnd5e7,1,markthemark.bsky.social
did:plc:fezexdmhqbbtwvbqbuvb4kco,1,chrisbee.bsky.social
did:plc:fezys4jbfihrwn7ztyhf62ta,1,cvenash-vishneri.bsky.social
did:plc:ffh26nnfvmo3cerue6uhqsoc,1,cnr-isp.bsky.social
did:plc:ffq3pm7f6527zvbgmokvvlha,1,puppymelia.bsky.social
did:plc:ffrh7p7xrakuhb7blkrsvlig,1,ceona.bsky.social
did:plc:fftccsn7drw2jsrrwepkptgw,1,convenor.bsky.social
did:plc:fg3bmobgkramom2xnmqphleo,1,markthemark.bsky.social
did:plc:fg4dzx5sk4xqkf2w3ek7hpzb,1,chrisbee.bsky.social
did:plc:fg5ks6bevpbwkha6o3s2y27h,1,myosot.bsky.social
did:plc:fg5qfqy4darphl3q6lpgj3wq,1,ceona.bsky.social
did:plc:fg76uqjt67oflouj2ogemczf,1,markthemark.bsky.social
did:plc:fgfavfjsh67tdj6twai3cqf4,1,cvenash-vishneri.bsky.social
did:plc:fgflodjwbbw4psownqaq5fab,1,miraschino.bsky.social
did:plc:fgnd2ilo4qw5pjkxnmyia5vl,1,miraschino.bsky.social
did:plc:fhelynwb3ws63gxzinn6c6eu,1,puppymelia.bsky.social
did:plc:fhlywm4j6duxoczy3empxpvk,1,chrisbee.bsky.social
did:plc:fhmb75wsl3bq7mtgpby7fxal,1,ceona.bsky.social
did:plc:fhnih5ovyd5w5pch254ordo2,1,cnr-isp.bsky.social
did:plc:fhs5fjwruf5eaafndvnultwf,1,ceona.bsky.social
did:plc:fhw47wvsmviv5cjz7foe3tbj,1,puppymelia.bsky.social
did:plc:fhyu4zjougtr3emjwdulollt,1,convenor.bsky.social
did:plc:fi6wwi4wbz7rrzillvoks6u3,1,chrisbee.bsky.social
did:plc:fia6ocb2wmkzegi2ev76vtaz,1,cnr-isp.bsky.social
did:plc:fif6vlp6rxuf52wyr4nxjo5e,1,markthemark.bsky.social
did:plc:fiqnqfau3rcjyi26xy2spi3e,1,ceona.bsky.social
did:plc:fixyvatvx77ng24u4boie5ml,1,convenor.bsky.social
did:plc:fiyrkevf7g5ixwn3ezwidf6n,1,joat3.bsky.social
did:plc:fj66finr25yoperfmdc3nhvg,1,ceona.bsky.social
did:plc:fjave57kcqq3rkr24oxplhkv,1,chrisbee.bsky.social
did:plc:fjooflklhmsnglsy3xfu5lkj,1,cnr-isp.bsky.social
did:plc:fjuxb5fgr6hoanlwxkelpwtd,1,ceona.bsky.social
did:plc:fjwg7vmcqwmw3k45f5vph3yx,1,ceona.bsky.social
did:plc:fk3h4e27wjzk3zix5ag6qom7,1,ceona.bsky.social
did:plc:fk7qovdnuup3gyxz7gdexzqa,1,puppymelia.bsky.social
did:plc:fkbhad6skqehholbiefpvqcl,1,miraschino.bsky.social
did:plc:fkc5hgvhjwkcagpxsmtb5xwr,1,cvenash-vishneri.bsky.social
did:plc:fkhnjoczgpkqnmtlkfv4jhjh,1,cvenash-vishneri.bsky.social
did:plc:fkjqpcztkriipe7pci7ooxc7,1,myosot.bsky.social
did:plc:fkpg2nmdux5jxsykgsicpjkq,1,puppymelia.bsky.social
did:plc:fkrk44cn5cimw7cx34qmrdxf,1,cvenash-vishneri.bsky.social
did:plc:fkxvfmmq5lumdrgmqwrapnah,1,cvenash-vishneri.bsky.social
did:plc:fkz2y4zv64ekr4supwrrujeb,1,markthemark.bsky.social
did:plc:fl2kr5niqy77ebtvvxhk7mla,1,ceona.bsky.social
did:plc:fl4t7vz35fklihpagyssd65r,1,chrisbee.bsky.social
did:plc:flfi6hz653e4qzl4quuwyz7f,1,markthemark.bsky.social
did:plc:flgi2owk6yjdiqjdrl6tmpdx,1,markthemark.bsky.social
did:plc:flgmroean3huclbkgfzxxly2,1,puppymelia.bsky.social
did:plc:flkld6ot3qnpckjqkvvtzvfh,1,puppymelia.bsky.social
did:plc:fln5yais5hodxuby5vxhhqy3,1,puppymelia.bsky.social
did:plc:fluzbo6arqripu2lsroaaqqc,1,joat3.bsky.social
did:plc:fm3fohbu6itklk6omglpvxeg,1,chrisbee.bsky.social
did:plc:fmbabey3a6yfwzj3ygzsqutv,1,cnr-isp.bsky.social
did:plc:fmgljpbypih35jgq3xqivnqj,1,miraschino.bsky.social
did:plc:fmgp3kxg6h6dafab7txknzet,1,myosot.bsky.social
did:plc:fmssdxwwmitvw2gpggzyimmy,1,cvenash-vishneri.bsky.social
did:plc:fn2arhkhtkw7w6au4ouyhtfk,1,myosot.bsky.social
did:plc:fn3zjpv774lpzcvyhit6qb4g,1,markthemark.bsky.social
did:plc:fnihcjkdnpgoettzuzhxmbri,1,markthemark.bsky.social
did:plc:fnl45bcicfocbanrbkyr6fws,1,chrisbee.bsky.social
did:plc:fnlnkjkaepdaxomf7u5jiaxm,1,chrisbee.bsky.social
did:plc:fnmi7afaet3hqjmsagh5mc2p,1,ceona.bsky.social
did:plc:fnncdwwdgq3tngihtxq36ohv,1,ceona.bsky.social
did:plc:fnnls5ksdfrpcfdc4brlbjnk,1,convenor.bsky.social
did:plc:fnopyoevuz6d5bmsqj6lzyyb,1,miraschino.bsky.social
did:plc:fnz2svue2jkrb3ak2mgbhybb,1,markthemark.bsky.social
did:plc:fo53ocjdxlastd7cmg7rjkfi,1,cvenash-vishneri.bsky.social
did:plc:fo7bnxfw7en47mqbsk6q5nax,1,joat3.bsky.social
did:plc:foajldxji5xssapmfbauey6m,1,convenor.bsky.social
did:plc:focvijs2anjmlfqlrxcumphd,1,puppymelia.bsky.social
did:plc:foiae4jidienthoypdng3k6t,1,miraschino.bsky.social
did:plc:foionzy5qynjnwxut7tl7rt2,1,cvenash-vishneri.bsky.social
did:plc:fokgtu4hkq2yzmybpako7qgp,1,miraschino.bsky.social
did:plc:fomoxjqggpf3xxo6w5fwbnwf,1,markthemark.bsky.social
did:plc:fondzonhxhlrfp777gwvfmah,1,miraschino.bsky.social
did:plc:for72tiy5r7qmr4yq44372dd,1,ceona.bsky.social
did:plc:fp2crrrhi45pfoygfiq6bpwr,1,chrisbee.bsky.social
did:plc:fp2fhnfkcjkuccsoufu4bmrl,1,miraschino.bsky.social
did:plc:fpcts2inuonjkbshfggfb3uu,1,markthemark.bsky.social
did:plc:fpjwkswnntrovkdj6a6rbx33,1,miraschino.bsky.social
did:plc:fpobn2usym2s4nkmwy6a3fq2,1,puppymelia.bsky.social
did:plc:fpoqfbrfresygadnbydbw72v,1,ceona.bsky.social
did:plc:fpqw7pfe42cmnsomhxva4cci,1,myosot.bsky.social
did:plc:fpruhuo22xkm5o7ttr2ktxdo,1,miraschino.bsky.social
did:plc:fpupxszfjux5yjkjukjknxt2,1,cvenash-vishneri.bsky.social
did:plc:fpxbhdluxi3f67jpj344rxmw,1,myosot.bsky.social
did:plc:fpz5m6bh6vddhwqztnldey5z,1,joat3.bsky.social
did:plc:fpzc7gmuajmjvwxcgx2fsrjt,1,myosot.bsky.social
did:plc:fq2ccxpjsr5zphezi4vrzjwd,1,puppymelia.bsky.social
did:plc:fqefh2dsufbradd62u7h6fzk,1,convenor.bsky.social
did:plc:fqifpp6kttgij2gh4dua23cq,1,cnr-isp.bsky.social
did:plc:fqtbh43jfrcqnhqmpzncqrro,1,cnr-isp.bsky.social
did:plc:fqz767ikcbgk7yifapygtxeh,1,cvenash-vishneri.bsky.social
did:plc:fr45zfkko77222wunlostz4b,1,puppymelia.bsky.social
did:plc:fr5czpf7rd2y5mjfrrfv7ka5,1,puppymelia.bsky.social
did:plc:frjy54ddxdxzc4yi4ruixpd4,1,puppymelia.bsky.social
did:plc:frm7qcf4x7p6wqoeyjkwsrup,1,convenor.bsky.social
did:plc:frp2eva5fxq3irxjneevgrpo,1,miraschino.bsky.social
did:plc:frpzj666xh36jnenyd2t6frx,1,cnr-isp.bsky.social
did:plc:frss4bszrdhdqcxc2ynexiuw,1,cnr-isp.bsky.social
did:plc:frzodyrvkx3awjqhdrcx7l6g,1,convenor.bsky.social
did:plc:fs43qhm4fdtxehzef6xid6gm,1,cvenash-vishneri.bsky.social
did:plc:fsbjfmt3fdrboeqdyct4f2x3,1,cvenash-vishneri.bsky.social
did:plc:fsee6h3qfcy7k6qux56fhg4w,1,puppymelia.bsky.social
did:plc:fsfou6tzaog53uuyamywhscj,1,joat3.bsky.social
did:plc:fsq5sh6k2qiufr23s5zezvzo,1,joat3.bsky.social
did:plc:fszkonu52r574rel63n65odv,1,convenor.bsky.social
did:plc:ft5k4mtj3p67wnxmxmqydald,1,ceona.bsky.social
did:plc:ftpxxhngfgls5yldm7jwy77j,1,puppymelia.bsky.social
did:plc:ftrtokxiyaz6wrn42sdbyr3y,1,convenor.bsky.social
did:plc:ftu424touph74aexw6h4rx7j,1,puppymelia.bsky.social
did:plc:ftwq5rkmtcnmj6mxikl4fitn,1,chrisbee.bsky.social
did:plc:fu2mpedzoxg6cc4xf7y7f26i,1,puppymelia.bsky.social
did:plc:fu32u2yld6x4wrs3uqrxxtdn,1,puppymelia.bsky.social
did:plc:fu3525454qp23znwcl67eiuc,1,puppymelia.bsky.social
did:plc:fu3bjxdo4p4ubrpfedliib5x,1,cvenash-vishneri.bsky.social
did:plc:fu7si4665jl223xb6kg5uy24,1,markthemark.bsky.social
did:plc:fucpdrklesoa3vpetdrgbevp,1,puppymelia.bsky.social
did:plc:fuiuwg3z5vik6sjqabzkuzsz,1,miraschino.bsky.social
did:plc:funjj5ze6y4tnmntsdz6t5cy,1,myosot.bsky.social
did:plc:fupgkgifd2gzw36kmaub23ct,1,convenor.bsky.social
did:plc:fuvkyde6sedp5wwolnmgnqdp,1,myosot.bsky.social
did:plc:fuxhjknvuqw4srqo22cherlt,1,miraschino.bsky.social
did:plc:fv256ijb3ftgb6hewcujshxw,1,chrisbee.bsky.social
did:plc:fv2kmb25xqm4tkflokuedzar,1,myosot.bsky.social
did:plc:fv3ntlg47uudogworn7nfy7u,1,myosot.bsky.social
did:plc:fv3u6emlzlwsgyi7obl5e2ry,1,joat3.bsky.social
did:plc:fv63ybt4wxnjoefaooqzsrj6,1,miraschino.bsky.social
did:plc:fvbbuyov63zhtzpcop6rls35,1,markthemark.bsky.social
did:plc:fvcux4vczj2dscudmcy2friv,1,miraschino.bsky.social
did:plc:fvesujangfpb5lzor7clxqs3,1,cvenash-vishneri.bsky.social
did:plc:fvnooyn2owuoq3eyuz4tmxdc,1,cnr-isp.bsky.social
did:plc:fvqrdx7c646n5yycadyfy5tk,1,chrisbee.bsky.social
did:plc:fvvwkrj2nadbl7qsbqcdscpx,1,chrisbee.bsky.social
did:plc:fw2b7rsgjafq4pv2ktu57pku,1,joat3.bsky.social
did:plc:fw6s2ol5yeolvzborxervm55,1,cnr-isp.bsky.social
did:plc:fway37p6xwk2hu3c3t3rqs5t,1,cnr-isp.bsky.social
did:plc:fwdbl6unj6zmf4gbeivdodye,1,markthemark.bsky.social
did:plc:fwfqduxw3vgdylfvb3x3t5wz,1,miraschino.bsky.social
did:plc:fwhni6egqpnddgervcgjkdm5,1,puppymelia.bsky.social
did:plc:fwlsducbn5pvfq27q7fqe3ne,1,convenor.bsky.social
did:plc:fwx4jzdj4fhgnw44aphg3hmv,1,cvenash-vishneri.bsky.social
did:plc:fx5abjfcm6evoa6cdwhw7o3l,1,myosot.bsky.social
did:plc:fx6d6sn7n325dbfy5tiguryd,1,markthemark.bsky.social
did:plc:fx7qowwy5mkqfpub54jejlt2,1,myosot.bsky.social
did:plc:fxaloz57qv57n3uiqymgobcz,1,joat3.bsky.social
did:plc:fxgi2crlym2f3ogvygpysomv,1,puppymelia.bsky.social
did:plc:fxgwgmtjno3skzdxgxdu6har,1,miraschino.bsky.social
did:plc:fxifzfcs5q4ekeceeig7cf5r,1,puppymelia.bsky.social
did:plc:fxlxxlr3jutflo7b2fsp47ia,1,puppymelia.bsky.social
did:plc:fxr5qi344wulv4ggowdzv57y,1,joat3.bsky.social
did:plc:fxxev7uhxtjgei7d6fgvdskp,1,markthemark.bsky.social
did:plc:fxzswdwe3bvf3r676d7heauh,1,ceona.bsky.social
did:plc:fydng7r6bob5npv56huuxcon,1,cvenash-vishneri.bsky.social
did:plc:fyerplsbunqtjjwk2epnlsyb,1,convenor.bsky.social
did:plc:fyqor3dgo64qjvx223xzuvdi,1,cnr-isp.bsky.social
did:plc:fyssx5u3enpclmnhfuprrvsa,1,puppymelia.bsky.social
did:plc:fyuwnqbsptbhffcmqv4ugl5b,1,markthemark.bsky.social
did:plc:fyw2ww4fdhthaxdrvir6mo7y,1,convenor.bsky.social
did:plc:fyyczicblamlp2kqv4p2g5eh,1,chrisbee.bsky.social
did:plc:fz3thjgaav5gzp24uusrs7np,1,markthemark.bsky.social
did:plc:fz7vvi4dlckgnon26xinmkch,1,markthemark.bsky.social
did:plc:fzfchb5zb57hipy4isyj3csa,1,miraschino.bsky.social
did:plc:fzgdencljy32ljmbezqi5vub,1,markthemark.bsky.social
did:plc:fzup2hayae72i5mckllhhctu,1,markthemark.bsky.social
did:plc:fzwkvuwkkjup5t2dd7x5ev6m,1,ceona.bsky.social
did:plc:g2c7i7faf5effgregvklypdg,1,markthemark.bsky.social
did:plc:g2pa6n3qxcvqd3h5s6d72xb4,1,ceona.bsky.social
did:plc:g2vwysppdqct3hleb74r6b74,1,convenor.bsky.social
did:plc:g2wl3new3tlfh4q3cjwb4oob,1,chrisbee.bsky.social
did:plc:g2zet74x5s36s37n3qkrvoix,1,ceona.bsky.social
did:plc:g3rokrkfjd2ern3ven6sbxlj,1,joat3.bsky.social
did:plc:g3yu4zsw3lif3mlap4vcilur,1,ceona.bsky.social
did:plc:g42taxkipjndhcheavmnvrjy,1,cvenash-vishneri.bsky.social
did:plc:g43egv6b25dtcpr6mjywgmi6,1,convenor.bsky.social
did:plc:g44xq3ftgmhvod5hd4aoodoj,1,markthemark.bsky.social
did:plc:g45mnsntb6oib7ilktmvggi7,1,puppymelia.bsky.social
did:plc:g46aixsshdlpobidhc7z6osx,1,myosot.bsky.social
did:plc:g47pymet4zdmm6demnbpuelo,1,convenor.bsky.social
did:plc:g4a5gaszlcx3o4o2smhxoewx,1,cnr-isp.bsky.social
did:plc:g4dz6h7kbkhpthm64dao36z6,1,ceona.bsky.social
did:plc:g4thyzzt756bp2tbg2tyusov,1,cnr-isp.bsky.social
did:plc:g53vhqd4sq666y62zoc5364r,1,markthemark.bsky.social
did:plc:g5bne5hblubkpi5ne46zuh5o,1,markthemark.bsky.social
did:plc:g5ghkuqfrujsabia522t7i3b,1,convenor.bsky.social
did:plc:g5ingaio2rg4mepoyokk5v5d,1,joat3.bsky.social
did:plc:g5iqwb5qqiocl4q3tc7txktd,1,joat3.bsky.social
did:plc:g6h7ooilmltu423epy66fybu,1,ceona.bsky.social
did:plc:g6ihcqirwupnzm7idhllcrsb,1,markthemark.bsky.social
did:plc:g6kcntlr47o64d3mbakhekkl,1,cvenash-vishneri.bsky.social
did:plc:g6mkw3wxjewupfour4wflc6t,1,cvenash-vishneri.bsky.social
did:plc:g6xeetjkqrceoqmqve6in3yn,1,markthemark.bsky.social
did:plc:g77csuhqridsslwejnjr3xbs,1,cvenash-vishneri.bsky.social
did:plc:g7gptz6uey2r2goy232ait4u,1,myosot.bsky.social
did:plc:g7lf4aniu47idazmnek2iarc,1,cnr-isp.bsky.social
did:plc:g7mi7prnymao26qjvy3efv73,1,ceona.bsky.social
did:plc:g7u2ih6a6jmydlsnzg52maej,1,myosot.bsky.social
did:plc:g7vp3kqwnurqoacxsugfkqvd,1,markthemark.bsky.social
did:plc:g7wlcootujaj2ip7p4u6tsxe,1,chrisbee.bsky.social
did:plc:g7xd2fa6n7e7yqyvh6c3iexy,1,markthemark.bsky.social
did:plc:g7zosmbztjhzideh36ihcfuy,1,convenor.bsky.social
did:plc:ga4zbdzepiol7j2dg4fc3qcr,1,puppymelia.bsky.social
did:plc:ga5bg4f3ryhcu7ndn4yqefjh,1,joat3.bsky.social
did:plc:gaegrqjrsp3us2cer6swn5rr,1,joat3.bsky.social
did:plc:gairmuz334axirxbmmknqbtr,1,joat3.bsky.social
did:plc:gamxnffpt2rjb6snctf4fdcn,1,puppymelia.bsky.social
did:plc:gaufx3tcv2c7wu36vkaebruk,1,miraschino.bsky.social
did:plc:gavqqwb4eu6esvoiibjrzsiy,1,convenor.bsky.social
did:plc:gawxrnyiapo4tedb37gcjjnr,1,chrisbee.bsky.social
did:plc:gayvmxnvzpfzxzvvztiwdibk,1,ceona.bsky.social
did:plc:gb2jgqsaxftfqgapazjzlq5p,1,convenor.bsky.social
did:plc:gbaisav7dbaigr4kzghwjny3,1,joat3.bsky.social
did:plc:gbkb664tieyip6d3lfcdsxet,1,ceona.bsky.social
did:plc:gbp4li6dnebjy7af3oqtfy5h,1,cvenash-vishneri.bsky.social
did:plc:gbqg6xdusjtodg2elugvvgd3,1,cvenash-vishneri.bsky.social
did:plc:gbyfhq4cfy72jth6py4of4ai,1,miraschino.bsky.social
did:plc:gbzbpwtnfltjc44nr7q7jk5x,1,puppymelia.bsky.social
did:plc:gc4uz3z35yq7o7ir3h7lg7tk,1,cvenash-vishneri.bsky.social
did:plc:gc5rmso4jzwnn2l7gdh7lcxh,1,miraschino.bsky.social
did:plc:gcgvecp4hqeakkqnrmn3zqqh,1,convenor.bsky.social
did:plc:gchmzqms7ibr2fkpzggmufoe,1,cvenash-vishneri.bsky.social
did:plc:gcizo67fmy6rgtnwl3w4w5ry,1,miraschino.bsky.social
did:plc:gcl6vo2574qo5fzzwlw2rosk,1,miraschino.bsky.social
did:plc:gcmdlydvemukfoqzpf56f5ku,1,myosot.bsky.social
did:plc:gcoiabsumehr3g6sbimjrqpx,1,ceona.bsky.social
did:plc:gcqk4pp2lbpqk4v7ixeh2la4,1,ceona.bsky.social
did:plc:gd3y7iz2djm7ggzk6qqlgzmc,1,markthemark.bsky.social
did:plc:gd7y7pwykjw7qdg622kcesez,1,puppymelia.bsky.social
did:plc:gdaie34iakyw4ty6lhxxrbxs,1,ceona.bsky.social
did:plc:gdc3vao4ypee3syudy7z2wa7,1,joat3.bsky.social
did:plc:gdh57r7xdwrc57g2cbap2xtw,1,joat3.bsky.social
did:plc:gduds6misxqyafzcquxu524g,1,puppymelia.bsky.social
did:plc:gdumsobao6cmcq7xfch7dlws,1,cnr-isp.bsky.social
did:plc:gdyccwgftqtxhdy7orldermy,1,convenor.bsky.social
did:plc:gdzq6oeixnulratgilcgr5n3,1,myosot.bsky.social
did:plc:ge2oix24nupin6jirstcpsz5,1,markthemark.bsky.social
did:plc:ged3jhhjo223ng3ys2mchtpv,1,ceona.bsky.social
did:plc:gedmtdoczrkhdegaj45iydhg,1,miraschino.bsky.social
did:plc:gedsnf2yn7tf6igmp2uwsoj7,1,cnr-isp.bsky.social
did:plc:geeutabawkcznuvdcbxpc6ug,1,chrisbee.bsky.social
did:plc:gek6cu3jbhdunjdcd75tuteu,1,myosot.bsky.social
did:plc:geotmxjbdtsbsc5meucemtmu,1,miraschino.bsky.social
did:plc:gepjhmqjjihwadukvpjisned,1,chrisbee.bsky.social
did:plc:gepuyayq3n3mo5nt2iczhqb2,1,myosot.bsky.social
did:plc:geuomlb4tytc3llr3jf7tfb3,1,chrisbee.bsky.social
did:plc:gfbvpaiagikndjpdnzuatzt4,1,cnr-isp.bsky.social
did:plc:gfcyvkuip5hibo7fbja7g6kp,1,joat3.bsky.social
did:plc:gfirtahdaitoyipweewoy2sq,1,myosot.bsky.social
did:plc:gfl7xtk3tvt5iafnabojw4n5,1,joat3.bsky.social
did:plc:gfvlrqeveos27y5nqafrcdra,1,ceona.bsky.social
did:plc:gfwp7nadevpzctyd3h67xem2,1,miraschino.bsky.social
did:plc:gfxqtfs3yvuqrboyqksbsnle,1,ceona.bsky.social
did:plc:gg67ht7tfns47jqp2nfeapdv,1,cnr-isp.bsky.social
did:plc:gg7ukuxd3mhgpdcrsog72ngd,1,chrisbee.bsky.social
did:plc:gg7vx2lpgf7jutttfdivhxq2,1,joat3.bsky.social
did:plc:ggdb7qpkdlcxtprbildn4s4y,1,markthemark.bsky.social
did:plc:ggfaw3vb5bh64gfajblg5zu7,1,markthemark.bsky.social
did:plc:ggivmt3parksbtr2nfdkkaqg,1,miraschino.bsky.social
did:plc:ggmmgxnmkn52jau5lutdx3q2,1,miraschino.bsky.social
did:plc:ggpg72u5y6ibden2xb63bu3v,1,myosot.bsky.social
did:plc:ggpk4ru5nsaptc2z6o7mlekl,1,chrisbee.bsky.social
did:plc:ggxmdwtojxh2poo2kmjsyr4p,1,joat3.bsky.social
did:plc:gh37lj33swx56p5me7vptbnj,1,joat3.bsky.social
did:plc:ghfzee2c3ic53i5b443f2d5e,1,cvenash-vishneri.bsky.social
did:plc:ghgh3dmu6j2wkuablm65bxpr,1,joat3.bsky.social
did:plc:ghm6ss6rxasdqer5fxdbsyn5,1,cvenash-vishneri.bsky.social
did:plc:ghncig226i64mv32ygug4wvu,1,chrisbee.bsky.social
did:plc:ghsvg2siybov24fob3ny4v34,1,chrisbee.bsky.social
did:plc:ghuzuohxogghv3yezvh5gyvv,1,cvenash-vishneri.bsky.social
did:plc:gi5i272kt3gdlrwffe7jhiok,1,cvenash-vishneri.bsky.social
did:plc:gi6uw2mqkxpkrcm7ah42efyk,1,ceona.bsky.social
did:plc:gi7naflcbiaqr7nj7coel3pb,1,cnr-isp.bsky.social
did:plc:gi7nvqau5vxlfnna5tzevkuw,1,cnr-isp.bsky.social
did:plc:giebibbh2jng2frmi5xhbv3t,1,ceona.bsky.social
did:plc:gieqbajdetdsvi2z5tw6ngdt,1,joat3.bsky.social
did:plc:gihma4uoexbhdo6ykvtx5k65,1,cvenash-vishneri.bsky.social
did:plc:gil2uds6f2ypkwu3pjdcrbxg,1,convenor.bsky.social
did:plc:gipws4xj4ryy3yqkukyvwlzn,1,markthemark.bsky.social
did:plc:giqo3qfziumret3mpuzot623,1,convenor.bsky.social
did:plc:giqs272oddlfxvauwah2apo3,1,puppymelia.bsky.social
did:plc:gj6c53lkyv5use2k5cunnj6a,1,chrisbee.bsky.social
did:plc:gjbzjy4iw7qbj5vkfv3jfmdr,1,joat3.bsky.social
did:plc:gjqhbcaniaz2wcihmhrcs7t5,1,puppymelia.bsky.social
did:plc:gjqnaq6kid7zsblks3pxfpx2,1,chrisbee.bsky.social
did:plc:gjzkgzjhmvuj2qcbjjl5xbhm,1,puppymelia.bsky.social
did:plc:gkaquvgeh3sadrcpygqwdby4,1,convenor.bsky.social
did:plc:gkd45fryvfnwdvqijxvwiode,1,cnr-isp.bsky.social
did:plc:gkh2qqlajpuouoyugc7ooqch,1,myosot.bsky.social
did:plc:gkwhxtdtmeqkysw3nb4lohiy,1,markthemark.bsky.social
did:plc:gkzjnm6m5eptfqe2dmv5nkok,1,cnr-isp.bsky.social
did:plc:gl3pjb7agaddlrpjiful53c3,1,ceona.bsky.social
did:plc:gl4tljof5zuatjlmlrbcpox3,1,convenor.bsky.social
did:plc:gljkwfr4bvun3d7nfxsu5m3e,1,cvenash-vishneri.bsky.social
did:plc:glnl4bjdfklishkysv64kw5z,1,cvenash-vishneri.bsky.social
did:plc:glpekvp2onr625gyk4e7d4ol,1,convenor.bsky.social
did:plc:glpr4cmgt4xi4phoet5l47ch,1,miraschino.bsky.social
did:plc:glrgvuu3wsdb5r5szxje56m6,1,cvenash-vishneri.bsky.social
did:plc:glrh52tfribrlimdkq5nklsk,1,markthemark.bsky.social
did:plc:gm7skfz6sgffi4jc6nbhb62b,1,miraschino.bsky.social
did:plc:gmeagzcus7ak2ppaxal2qi6g,1,puppymelia.bsky.social
did:plc:gmef5enky2kljvii52qnk57f,1,cvenash-vishneri.bsky.social
did:plc:gmhscighfwvhtxyvzrvu2qaq,1,miraschino.bsky.social
did:plc:gmikpdka2jiojbgytkcfa35w,1,joat3.bsky.social
did:plc:gmtq43enz2mob4eec7helv2t,1,cnr-isp.bsky.social
did:plc:gmum4f766rw66smjynbtm5zy,1,convenor.bsky.social
did:plc:gmxynkq6lqyo2imm3h5pmiv4,1,cvenash-vishneri.bsky.social
did:plc:gmytbmp5xp6glckqoa6kbirf,1,cnr-isp.bsky.social
did:plc:gmytkzmj4c4inyevr2cb7cg2,1,markthemark.bsky.social
did:plc:gmywrzlnb4tvrzi4vrwvftyf,1,puppymelia.bsky.social
did:plc:gndgwevaemumgadksrxksicl,1,cvenash-vishneri.bsky.social
did:plc:gnevsb3wucshw2e47gc5iola,1,ceona.bsky.social
did:plc:gnfvccjjjpcbz6mr5e5q3jbc,1,convenor.bsky.social
did:plc:gngqolggowhtj7w57igdh7tw,1,chrisbee.bsky.social
did:plc:gnhs5galp3oj7dwr76oyakqn,1,chrisbee.bsky.social
did:plc:gnkmz5zjaqux3f5t2r7phq34,1,puppymelia.bsky.social
did:plc:gnq226s4yxlvbydpbufuqnmw,1,puppymelia.bsky.social
did:plc:gnquvzoljc274yv45g7ly7ht,1,ceona.bsky.social
did:plc:gnwnxnck6wav4l5cywlh2si3,1,joat3.bsky.social
did:plc:go6o3kiq32gspnm7s3cndlrt,1,cnr-isp.bsky.social
did:plc:go7mkdkx2vb2r2zcql5pczn5,1,cnr-isp.bsky.social
did:plc:gocl5tvyw3nzu2hxmkc3i354,1,cvenash-vishneri.bsky.social
did:plc:gom424sundkimiiif3dwv6t6,1,ceona.bsky.social
did:plc:goq35bd63souyi7zert3yzw7,1,puppymelia.bsky.social
did:plc:goq4fyte2do6jvsdvmtjgqng,1,miraschino.bsky.social
did:plc:got6c73ammtxmmkhsixpjm7z,1,convenor.bsky.social
did:plc:gou6onm5jvccxt3i7ywvs7mr,1,miraschino.bsky.social
did:plc:gp7tue3b4j2qzbdesln27l52,1,chrisbee.bsky.social
did:plc:gpcotad4z4jup24kkqvj6c4g,1,convenor.bsky.social
did:plc:gpfewsj5bclvbjsxkpwzkuii,1,convenor.bsky.social
did:plc:gpjstlg2ymcjaxdr2kvrfqkt,1,cvenash-vishneri.bsky.social
did:plc:gpltswnmwh3oovswrqhvdemf,1,cvenash-vishneri.bsky.social
did:plc:gpxpz25s4fkogayfm7h5eqze,1,joat3.bsky.social
did:plc:gpzumzyrdogumlixcztwtaxq,1,markthemark.bsky.social
did:plc:gq6t2ngkazjicouc7fvghiab,1,markthemark.bsky.social
did:plc:gqd6ph2kmg54ryd6hzhiryoa,1,chrisbee.bsky.social
did:plc:gqetrhqtfewl6o4meuoqgmcr,1,cnr-isp.bsky.social
did:plc:gqllgdedbi7d5fr5augmnvq7,1,joat3.bsky.social
did:plc:gqsjpkid7cgnfxugolzdzkji,1,miraschino.bsky.social
did:plc:gquqwp4m3b4kipy2jr3kibtf,1,miraschino.bsky.social
did:plc:gqwanfvytj5g4nkwhmhh7zgk,1,cvenash-vishneri.bsky.social
did:plc:grcsowhpd5ltrxbb2aqwi6vm,1,puppymelia.bsky.social
did:plc:grgocmfgsrodws7oiftwxchh,1,puppymelia.bsky.social
did:plc:grqk5m2vmkhjjbdnzk2k2jxj,1,convenor.bsky.social
did:plc:grrvin5xkocdpwi3mxo3trkd,1,convenor.bsky.social
did:plc:grs2j5fobrk34xyk6hdwfhj2,1,myosot.bsky.social
did:plc:gru2okv6t7ffpsx5acegekxl,1,markthemark.bsky.social
did:plc:gruotmykablqt4jhuhowj44r,1,joat3.bsky.social
did:plc:grw732zlvdtjlshq54n6z2ps,1,ceona.bsky.social
did:plc:grwzs2cdy3vhhevhiudii7iy,1,ceona.bsky.social
did:plc:gsbue2dtbtqzw5du5btlh7p2,1,convenor.bsky.social
did:plc:gsdxdsu2gxgxee7egv3iftat,1,markthemark.bsky.social
did:plc:gsnnxho77a442gdlwpatde2y,1,markthemark.bsky.social
did:plc:gswts63m3ew4kbrlwt7a5ika,1,markthemark.bsky.social
did:plc:gsytyhzjivwhl7whwbzmtoxt,1,puppymelia.bsky.social
did:plc:gt753x6onuci5dfxys7z66jj,1,puppymelia.bsky.social
did:plc:gtbhkkkvc4qegbj3z7732rbh,1,cnr-isp.bsky.social
did:plc:gtctmdrfbcxdbhqw3zjmqaiq,1,convenor.bsky.social
did:plc:gtf3ljlnojl22zwuplhyrxv4,1,miraschino.bsky.social
did:plc:gthl7kdyryv5lylos55da747,1,chrisbee.bsky.social
did:plc:gtmiewlkxtgve7rnqc2ohpif,1,joat3.bsky.social
did:plc:gtpjat6yw23vvyidclijqyyv,1,ceona.bsky.social
did:plc:gtso23i3drv5rgpbo2ys4vjz,1,markthemark.bsky.social
did:plc:gttrfs4hfmrclyxvwkwcgpj7,1,puppymelia.bsky.social
did:plc:gtywp2b4nvwdaamjz5xcvady,1,cvenash-vishneri.bsky.social
did:plc:gumxvi7n5qifk73fj42nnvyx,1,ceona.bsky.social
did:plc:gvda6fem6r7selm4gzjjww4a,1,puppymelia.bsky.social
did:plc:gvjjlkvceowxhekyc4fuhx57,1,myosot.bsky.social
did:plc:gvjvhaye62yuhq2qhzspxoz3,1,cnr-isp.bsky.social
did:plc:gvps7cniczuylc7x7i4lwixm,1,convenor.bsky.social
did:plc:gvq4gzjl7yxurfhnwcxrbo23,1,puppymelia.bsky.social
did:plc:gvr2bbi5rq7sjeiopkvdgqtk,1,ceona.bsky.social
did:plc:gw32ssn6c2bowenih5wmj2rw,1,cvenash-vishneri.bsky.social
did:plc:gwbrmhukaouckrngcgsuhend,1,chrisbee.bsky.social
did:plc:gws7x62i3z4snqsodqamge3p,1,puppymelia.bsky.social
did:plc:gwwcyruyp6vi4a7xkaa536j7,1,puppymelia.bsky.social
did:plc:gx2eh5k5rknpdftbs7cofaaa,1,miraschino.bsky.social
did:plc:gx2mw5w2tfcwnlkkhpe6gp4x,1,cvenash-vishneri.bsky.social
did:plc:gx3cg7hfn6c3ut77pon55pyw,1,convenor.bsky.social
did:plc:gx4hvncx5ixqirygq4zqjfe5,1,cnr-isp.bsky.social
did:plc:gxdlijsvfl2xzjepu3vdd43k,1,ceona.bsky.social
did:plc:gxit5kd6c7r5vl46su4qeujx,1,ceona.bsky.social
did:plc:gxm6otjhwzeuwysbe643lunp,1,convenor.bsky.social
did:plc:gxsprthlq7ecvoq5ughnzmkf,1,myosot.bsky.social
did:plc:gyjymfxqbvfaktyd3kezn6ud,1,joat3.bsky.social
did:plc:gykxtwxpmftrac6pmozezzyh,1,chrisbee.bsky.social
did:plc:gyl2gdob6lyckqwi5dwaehef,1,convenor.bsky.social
did:plc:gytztkbj6tdvuqwdqmmafy3l,1,chrisbee.bsky.social
did:plc:gz6iy3uhzbv43ccwiyjpq7k2,1,cnr-isp.bsky.social
did:plc:gz6mxowgwqgn63hqraqcs6tm,1,convenor.bsky.social
did:plc:gzaxsmcew2qaxmfihqogz36e,1,chrisbee.bsky.social
did:plc:gzcrj2icbbrfobtuhntzi33d,1,joat3.bsky.social
did:plc:gzdxhfwcil22tw5jxwvvod4w,1,puppymelia.bsky.social
did:plc:gzfyavvrsyucvvwzvrdxc4ql,1,miraschino.bsky.social
did:plc:gzzj7ga34fza4spjgaelmcm3,1,miraschino.bsky.social
did:plc:h242zdgfvp5cvngvvtj7qhlh,1,puppymelia.bsky.social
did:plc:h25x3u4pk4pgbfbobxoiuewe,1,miraschino.bsky.social
did:plc:h2efnoctjflzaxhautpdpqj7,1,miraschino.bsky.social
did:plc:h2htxxbvd2rbu43fc3qifeua,1,myosot.bsky.social
did:plc:h2mnwbwqhxg2rvofgishi76t,1,ceona.bsky.social
did:plc:h2mxzvw7za6numuznqlckrxc,1,miraschino.bsky.social
did:plc:h2q2m5hqg2yqbiykgethap52,1,chrisbee.bsky.social
did:plc:h2tui3333jd26fucou5cnxsv,1,ceona.bsky.social
did:plc:h3a3gr7b5pjohyjkjhveotfa,1,convenor.bsky.social
did:plc:h3bil6wi4j2odx5exizuwh3j,1,puppymelia.bsky.social
did:plc:h3c3bgwr7mfhquupogixoq2x,1,cnr-isp.bsky.social
did:plc:h3gjc24usfxpzs2pzojdixep,1,puppymelia.bsky.social
did:plc:h3im4uaef7cbilekepct2iws,1,puppymelia.bsky.social
did:plc:h3jehkdsgidl3nuhlpe6w6mo,1,myosot.bsky.social
did:plc:h3jptugyyz37eqajxgdv2a37,1,cvenash-vishneri.bsky.social
did:plc:h3mba36mfwjrupy7kxi573z3,1,markthemark.bsky.social
did:plc:h3ovnzxf5emlvi7ehdj327ah,1,cnr-isp.bsky.social
did:plc:h45npzawmwlb4xcqqxk6fiec,1,puppymelia.bsky.social
did:plc:h476fcxlrpj5agn3fuwes4fv,1,cvenash-vishneri.bsky.social
did:plc:h4kxme3w577tzamujf3jwyad,1,cvenash-vishneri.bsky.social
did:plc:h4lpmi3p7cddqyql6e3xjecg,1,chrisbee.bsky.social
did:plc:h4va4hdtqzxi2wehjgjxtgsq,1,myosot.bsky.social
did:plc:h53jcexpn5e5mb6afdpkzz7f,1,cvenash-vishneri.bsky.social
did:plc:h546prcowjoutlx7pl4z6h5k,1,puppymelia.bsky.social
did:plc:h55nabz5glwdanw73qqzmfag,1,myosot.bsky.social
did:plc:h5b2x46tlly34ypxuo74ub7y,1,cvenash-vishneri.bsky.social
did:plc:h5dm22h7fqg7mahcttj4jz5y,1,cvenash-vishneri.bsky.social
did:plc:h5ipn66nwhss44ni2xthtok6,1,chrisbee.bsky.social
did:plc:h5pypowrs3yx34yuzmuy6ef4,1,puppymelia.bsky.social
did:plc:h5yfikt6he7s7j6tjajibszs,1,joat3.bsky.social
did:plc:h5ywxk7q34prc7hewkyexcb5,1,markthemark.bsky.social
did:plc:h5zkfkc35wkb53udnemrica5,1,puppymelia.bsky.social
did:plc:h64fjprodjylncefrphojdfy,1,puppymelia.bsky.social
did:plc:h6biiky6mo544zo2ay3wjjqe,1,cvenash-vishneri.bsky.social
did:plc:h6g5yho2jh2gqjp466rpizq2,1,cvenash-vishneri.bsky.social
did:plc:h6gokmftrajoowzdsgqzyxwt,1,cvenash-vishneri.bsky.social
did:plc:h6javp6hrsagebhbibmya3pr,1,joat3.bsky.social
did:plc:h6u3oyg2mgkyauiiijx2hxbh,1,miraschino.bsky.social
did:plc:h6wnp4nsffurzfah6kfplo5u,1,joat3.bsky.social
did:plc:h6xbkw7bucg6ws3vqwnxqewp,1,puppymelia.bsky.social
did:plc:h7232za2kkkualjw3vdzjr3r,1,miraschino.bsky.social
did:plc:h73luxqqkraaci7tun4a3yw2,1,myosot.bsky.social
did:plc:h7cdii5dhi53ncsyi6ykkbdt,1,joat3.bsky.social
did:plc:h7lyoecy7kv3w4pnxno6uebi,1,myosot.bsky.social
did:plc:h7nishz7kgdkvvg3vvg7dznu,1,myosot.bsky.social
did:plc:h7nrtbesrqn7whklq3unvxvj,1,ceona.bsky.social
did:plc:h7y2vzpsrbl5f2fdzvw7j6n7,1,cnr-isp.bsky.social
did:plc:h7zgtnlmoyj5jxlv4ciognap,1,ceona.bsky.social
did:plc:had2hhid6biq37tc55pjkci5,1,markthemark.bsky.social
did:plc:hadwybvidku42w2cbyhsmoif,1,joat3.bsky.social
did:plc:hafujlris232f3xs5ezhxbhs,1,miraschino.bsky.social
did:plc:hag6ftazqfaodb4vzkw5pwoy,1,myosot.bsky.social
did:plc:hakzua5btcgcfjye2yujlhos,1,chrisbee.bsky.social
did:plc:haqxqz5xj7ckx5huzzlwzrfv,1,ceona.bsky.social
did:plc:hawqcqjtr7vvceflxx3okans,1,cvenash-vishneri.bsky.social
did:plc:hbivwcoxsjpo5ntbok7j2dza,1,cvenash-vishneri.bsky.social
did:plc:hblnfwbuh3rifr4owpt2ganz,1,joat3.bsky.social
did:plc:hbpefio3f5csc44msmbgioxz,1,markthemark.bsky.social
did:plc:hbpv24bt4qfjntajtyqkfvvo,1,cvenash-vishneri.bsky.social
did:plc:hbtkpkwpa73ll7mbrm5nwvex,1,markthemark.bsky.social
did:plc:hbto7fanntnmq4sllszksbqt,1,myosot.bsky.social
did:plc:hbztaw2phvdqthey4fwigehh,1,myosot.bsky.social
did:plc:hc3feq3ti4garqxgdgyf6fqk,1,myosot.bsky.social
did:plc:hc4q26hsg2rovopvslkotddx,1,convenor.bsky.social
did:plc:hc5kd3mq6mkw7lkukoqfjeqx,1,miraschino.bsky.social
did:plc:hc6srmqmm7i4qnfv6j5r2oio,1,joat3.bsky.social
did:plc:hcohxxnmu332zotpn3fjk42c,1,joat3.bsky.social
did:plc:hcuwb7atfmmhm6mjsvzinz2k,1,cvenash-vishneri.bsky.social
did:plc:hcy2yvc6q7dmiysuwzla7ohu,1,cnr-isp.bsky.social
did:plc:hczohwhxre4tw2dszbqmdqru,1,markthemark.bsky.social
did:plc:hd6qx7qxwg56pavmvnbtccyk,1,cnr-isp.bsky.social
did:plc:hdbguwort62mhodqy7vjspud,1,puppymelia.bsky.social
did:plc:hdbrxpkpb6ibszmwmd4voyoa,1,markthemark.bsky.social
did:plc:hdc763r53exv5iua74kgp56b,1,markthemark.bsky.social
did:plc:hdeqiu7y5xvcr7uy77hxo5ck,1,chrisbee.bsky.social
did:plc:hdn45nhjga6vr2ow774o3bm5,1,cnr-isp.bsky.social
did:plc:hds5a4ghb3xp45nac3ekdsol,1,miraschino.bsky.social
did:plc:he25xs7kizd6vw3z3pqb4tif,1,puppymelia.bsky.social
did:plc:he3n2s3ntgoprknrnakrq4pf,1,cvenash-vishneri.bsky.social
did:plc:he5f5m7p3lhnvixuhqwdckii,1,myosot.bsky.social
did:plc:heefj743uuje45mkkyuglm46,1,ceona.bsky.social
did:plc:hefrfch6ccjjh3kxmlrge3zi,1,cnr-isp.bsky.social
did:plc:heglpme62gnefpy6adjpcswr,1,myosot.bsky.social
did:plc:hejr5qh2yhefhpiaktzglsin,1,markthemark.bsky.social
did:plc:hels6chhxsyqi3kzibh2wohx,1,cvenash-vishneri.bsky.social
did:plc:henxxq4q75z3djldh4ns4cya,1,joat3.bsky.social
did:plc:heunb24jrgvzmzg7bgwvgum5,1,puppymelia.bsky.social
did:plc:heuqro46y6ut5qvaj3omkkst,1,cvenash-vishneri.bsky.social
did:plc:hf4g6xmqwxgxx5borv2yiubs,1,myosot.bsky.social
did:plc:hf4htawd64uqbftoudxcicrp,1,joat3.bsky.social
did:plc:hf4trfapfb7gmnplws3vgdh7,1,puppymelia.bsky.social
did:plc:hfkaoobxaovg2mgrpa5c7hq6,1,myosot.bsky.social
did:plc:hfkaotipzhcykej2or5avyqk,1,joat3.bsky.social
did:plc:hfkskxkf7h767rkywpgcyngi,1,cnr-isp.bsky.social
did:plc:hfn65ruhwiqx24mmamly7t7r,1,puppymelia.bsky.social
did:plc:hftal77oixgrtsprxlja4djm,1,chrisbee.bsky.social
did:plc:hfty7y3ybvhulvdsnygpqy5q,1,cnr-isp.bsky.social
did:plc:hfu3tvaee3722ew6xkgot2dx,1,cnr-isp.bsky.social
did:plc:hg2jkgvr7qbrk7kzqhrzuarx,1,miraschino.bsky.social
did:plc:hg7e37e3kl5m5ra7udzyw6ta,1,puppymelia.bsky.social
did:plc:hghvi4zfl563vvz43h4zzb5k,1,joat3.bsky.social
did:plc:hgo42efnn3cl4sjmrzcmsylf,1,joat3.bsky.social
did:plc:hgogoybtmxy6ywrlqnsibdx4,1,puppymelia.bsky.social
did:plc:hgpaoiyg66wvesohf5fy2p5h,1,chrisbee.bsky.social
did:plc:hgpvs6jqe63avkhywn6spk37,1,miraschino.bsky.social
did:plc:hgsscl4xhvx2jg2keyvmxfi2,1,convenor.bsky.social
did:plc:hgtg2uv3rrb7gzrqrukdff77,1,miraschino.bsky.social
did:plc:hguxsvk5vhyxv2jsg7ste27w,1,joat3.bsky.social
did:plc:hgwlqlahhvwydavjibd37m4m,1,cvenash-vishneri.bsky.social
did:plc:hh6rkybcifcg3ynmlfsibhp4,1,chrisbee.bsky.social
did:plc:hheutzl4mxedshsz4yqek5tt,1,ceona.bsky.social
did:plc:hhifpw2ccombr6qjn5cyybel,1,puppymelia.bsky.social
did:plc:hho6j6cvcne6ybezoqqicdk5,1,joat3.bsky.social
did:plc:hhqzjk3wuvan75wdnacitt2m,1,cvenash-vishneri.bsky.social
did:plc:hhstsizul7xivxhl7hjkkxvy,1,convenor.bsky.social
did:plc:hhunni7qgf2rvbslgypzx4ht,1,ceona.bsky.social
did:plc:hhxlerh2j2i2iwrbxgszxs2v,1,markthemark.bsky.social
did:plc:hhyzpvun2og6dfjfbafbs5hg,1,miraschino.bsky.social
did:plc:hhz6upbmwtgsneuii6hyxxvo,1,cnr-isp.bsky.social
did:plc:hi65gqpx4lylb6wcyuhhmtla,1,cvenash-vishneri.bsky.social
did:plc:hifgllmewd5l4d7royxhaxmx,1,myosot.bsky.social
did:plc:hihlrgx4ceirrw3kjwtjrzpx,1,cnr-isp.bsky.social
did:plc:hinxczxqcuab5ueiv5vgrrw2,1,joat3.bsky.social
did:plc:hivo5gejs42bpuc2bk4he2ui,1,puppymelia.bsky.social
did:plc:hiyeapxrlseaixi3oxpn24hs,1,puppymelia.bsky.social
did:plc:hj5cllsecy5xvpdcs72vrtia,1,convenor.bsky.social
did:plc:hjcogo57ib47gcjeoq2hh7fl,1,chrisbee.bsky.social
did:plc:hjeijo7fb6x2zqcgldsz223x,1,cvenash-vishneri.bsky.social
did:plc:hjf3yrfop2lmbc3sfdhk7pck,1,ceona.bsky.social
did:plc:hjslxrdfzfzypzoqmg3shgj3,1,joat3.bsky.social
did:plc:hjy4a5fkukiumxumatwelk46,1,markthemark.bsky.social
did:plc:hk27425mrkmdwljxa6xbahir,1,puppymelia.bsky.social
did:plc:hk3nxdrd6n7nun7velcdmf7a,1,miraschino.bsky.social
did:plc:hk3tw276xqlbfjy25tzxjbk3,1,markthemark.bsky.social
did:plc:hk65y22agrolkvaq4kf2bxt3,1,convenor.bsky.social
did:plc:hkagc3zi2xmkduldg2jl3xjx,1,puppymelia.bsky.social
did:plc:hkbgrlfeokvlhqetpsvaucmv,1,convenor.bsky.social
did:plc:hkej3dnpbki4udxsvsd7nucb,1,cvenash-vishneri.bsky.social
did:plc:hklwgimzcioeuqcvcxhmfwhg,1,myosot.bsky.social
did:plc:hkwvhp6xf3ghjxzp3n5rccr2,1,ceona.bsky.social
did:plc:hl2owhkqv3b244xodpest3mr,1,markthemark.bsky.social
did:plc:hlgfctlh6aqtl4d2cmrs4fcs,1,markthemark.bsky.social
did:plc:hlkk4mrvnl2dmmjzkioy6hjs,1,ceona.bsky.social
did:plc:hlkvfcz4ee7sh7gouc2r2qik,1,puppymelia.bsky.social
did:plc:hlloaaqo33tfga2rmqjgfzww,1,cvenash-vishneri.bsky.social
did:plc:hloec6pzvqxb64q4h7smydg3,1,chrisbee.bsky.social
did:plc:hlszecghna5q5kwrnypy3edu,1,puppymelia.bsky.social
did:plc:hm7ahzehlcxl74ztmepzhigp,1,miraschino.bsky.social
did:plc:hm7po6azz7hjpzemxp3hvjfm,1,convenor.bsky.social
did:plc:hme2pa6h2hxx2da5m4umlw6c,1,ceona.bsky.social
did:plc:hme4zkicwfyj4kjcqv5vsw5d,1,cvenash-vishneri.bsky.social
did:plc:hmenq4secvvpqyv37l7getms,1,miraschino.bsky.social
did:plc:hmeo4jtjcivl27mkgsvhzsd6,1,puppymelia.bsky.social
did:plc:hmez7j772ju6pc3q4xqpycq2,1,markthemark.bsky.social
did:plc:hmrg3ylecoiy4kxt5qei35km,1,puppymelia.bsky.social
did:plc:hmrongvtxc2zz6bvxc4j4krg,1,myosot.bsky.social
did:plc:hmsawyb5osuapekrfy2xpka6,1,myosot.bsky.social
did:plc:hmxpoemngip5jqwxtl5zjbxb,1,miraschino.bsky.social
did:plc:hmxwfwpwf6ak4hn2c2r6lr5c,1,convenor.bsky.social
did:plc:hmziwszohi6sbcz7tchbpll3,1,cvenash-vishneri.bsky.social
did:plc:hn3uybm5p7tnx373ajjtanrd,1,miraschino.bsky.social
did:plc:hnfgd2vyf2qssi53aqgms56d,1,convenor.bsky.social
did:plc:hnmqobu7veyqdlvfxkloda4x,1,miraschino.bsky.social
did:plc:hoa4jdgldk2cioik75w4bwnu,1,cnr-isp.bsky.social
did:plc:hofub7uk2n72ytjaq3im2n4g,1,cvenash-vishneri.bsky.social
did:plc:hofxr2x5v24p45b5723g3mdw,1,chrisbee.bsky.social
did:plc:hoghfefxx5cny6kg7hrrwprw,1,chrisbee.bsky.social
did:plc:honeoslflg3tlhfme4uzngcb,1,chrisbee.bsky.social
did:plc:hort4kyghpwsljpg7aj4zacp,1,ceona.bsky.social
did:plc:houkedhvos75egnntopwow5n,1,myosot.bsky.social
did:plc:hozklenf4s2pm5ptmowpkytl,1,puppymelia.bsky.social
did:plc:hp572j34r5fappv7wdwg6irx,1,markthemark.bsky.social
did:plc:hpe3n3us4gf2jdrrehxpzdf5,1,miraschino.bsky.social
did:plc:hpjkvb3tymclz7jjzzsnr2ge,1,convenor.bsky.social
did:plc:hpkpsueipzcpj35a4o3vhluz,1,joat3.bsky.social
did:plc:hprjqyhf6h7pmoil5lp32gbt,1,convenor.bsky.social
did:plc:hpvbuv767xsk2mczh3opggrr,1,puppymelia.bsky.social
did:plc:hqae7fslrkkzdxie3kgicrq4,1,convenor.bsky.social
did:plc:hqbspgkcf5dixfhngmqq3jfd,1,markthemark.bsky.social
did:plc:hqciji5t6jflgmigcc7d3xk4,1,miraschino.bsky.social
did:plc:hqcswogxyzhclrlsoayi3k6l,1,cnr-isp.bsky.social
did:plc:hqi7256ev7ttnsvi757vvi3h,1,puppymelia.bsky.social
did:plc:hqkerwehnsmtbmgsxmfxe5dq,1,joat3.bsky.social
did:plc:hqmrdtatzp34fp57u4qdfva5,1,chrisbee.bsky.social
did:plc:hqrjuzudtqhh3ltwmd2tlzio,1,joat3.bsky.social
did:plc:hqzxqh634sd546rfoazslb5h,1,convenor.bsky.social
did:plc:hrdsv5z25qbnw5szkcfrk2mh,1,markthemark.bsky.social
did:plc:hrmsj2fm4b2pvajkiq6a5yfc,1,myosot.bsky.social
did:plc:hroliixrtkgac5vjcexbkrdj,1,cnr-isp.bsky.social
did:plc:hrpie3rufkhpek2o3atjh56s,1,myosot.bsky.social
did:plc:hrrcv3tfei5j45oh5yydzck2,1,chrisbee.bsky.social
did:plc:hrtn4wmsop52ituk56nudq2x,1,cnr-isp.bsky.social
did:plc:hrzbbg3ul7kqmh3u2noouqm3,1,miraschino.bsky.social
did:plc:hseq4zflbq4nv5uc7iofq77d,1,cnr-isp.bsky.social
did:plc:hsfzdq3icftr7vdp4d7krv4t,1,cnr-isp.bsky.social
did:plc:hsjyppasognwczgg26ae2bgb,1,myosot.bsky.social
did:plc:hslt6p3oflgvtisxjtiq5p27,1,miraschino.bsky.social
did:plc:hsnbex4tim4ajhv3dmgr4x5a,1,puppymelia.bsky.social
did:plc:hsnr73ddalvbh7q3tl6apqpi,1,cvenash-vishneri.bsky.social
did:plc:ht26wjnqroymxkwttrg7kqn4,1,chrisbee.bsky.social
did:plc:ht524p2uikjodvp5wdorjv7t,1,markthemark.bsky.social
did:plc:htarp5w5yga5dlh3chlrtypu,1,puppymelia.bsky.social
did:plc:hthxyokkw7fxqsrln44gryep,1,cvenash-vishneri.bsky.social
did:plc:htlq2vukozag6bjouyjlm3xi,1,markthemark.bsky.social
did:plc:htnh75yxvugm7c54squy5jrr,1,miraschino.bsky.social
did:plc:htozz7cklgxvzxbzhfjm4djh,1,chrisbee.bsky.social
did:plc:htsnmeozwqcgo3ar7z65azjr,1,chrisbee.bsky.social
did:plc:htxple7gyv5rxkiv3grvsh4p,1,cvenash-vishneri.bsky.social
did:plc:htzrfp3q6p3ht3x7knog6mdd,1,miraschino.bsky.social
did:plc:hug4stbcqy6mghzbajsuu36l,1,myosot.bsky.social
did:plc:hugcj3fs4iwcuygon3kuzc5b,1,myosot.bsky.social
did:plc:hui3jllvgieuhondcovw3jwd,1,cvenash-vishneri.bsky.social
did:plc:hummemm2wtyi57fldvov3rno,1,ceona.bsky.social
did:plc:huqjandcptv2peninwqyzqny,1,puppymelia.bsky.social
did:plc:hv3ayywazwrs7ds2dkddxuap,1,ceona.bsky.social
did:plc:hvapmfe5nqgebxegtnszxda6,1,cvenash-vishneri.bsky.social
did:plc:hvb36x3dtugzrlbzoq72bmbm,1,joat3.bsky.social
did:plc:hvbj55sa4snvjn33764f62u6,1,cvenash-vishneri.bsky.social
did:plc:hvedoky7su6dsbu4m2bwfg7y,1,markthemark.bsky.social
did:plc:hvep6icar2mcua4zuzzbyd65,1,ceona.bsky.social
did:plc:hvlg2tiyjzku7kfmyjbqigxr,1,ceona.bsky.social
did:plc:hvnotgihhidpnlyyhvyojo7v,1,chrisbee.bsky.social
did:plc:hvqvttthqrrv3z2u3sjwynco,1,markthemark.bsky.social
did:plc:hvsquq4kynhfwxtotf5vfbiy,1,puppymelia.bsky.social
did:plc:hvtyg3tjpii53lg7xatyugfn,1,cvenash-vishneri.bsky.social
did:plc:hvwhptk4oerwsuzau66ikwfy,1,puppymelia.bsky.social
did:plc:hw477pdlzrp4lrbgxzrbll6x,1,ceona.bsky.social
did:plc:hwbpa3fiiv6mmqkrmaxckntk,1,cnr-isp.bsky.social
did:plc:hwe5ek4y4vo6maujfn3bdffa,1,chrisbee.bsky.social
did:plc:hwlqvr45tlemp3olq4f4y2f3,1,ceona.bsky.social
did:plc:hwooviwqvmhox3pdiksrudur,1,cnr-isp.bsky.social
did:plc:hwwivz3i3in6jp4llgompl7v,1,cnr-isp.bsky.social
did:plc:hx5shg2yhkm2dtnr4gh265lb,1,puppymelia.bsky.social
did:plc:hxpdqfw7xrplu3sda5vrmbt4,1,myosot.bsky.social
did:plc:hxte6mrtzjmceyvj7ebsi7kp,1,cvenash-vishneri.bsky.social
did:plc:hxywsbwyjmgxx2ycjdts7lxs,1,ceona.bsky.social
did:plc:hy4ezwqdosck75nswuoap7y2,1,chrisbee.bsky.social
did:plc:hyc4kf7vkca4su2zpggjjxhl,1,myosot.bsky.social
did:plc:hycdveythtfhtj2geken22m6,1,markthemark.bsky.social
did:plc:hyfzthbzhtgphztsfhxbxjk6,1,myosot.bsky.social
did:plc:hyj5gdgpkql2bz7rbset3h33,1,puppymelia.bsky.social
did:plc:hylt2tarvymbhvkg4hraang4,1,cnr-isp.bsky.social
did:plc:hzezf3upipcqfyabakveo4ub,1,ceona.bsky.social
did:plc:hzij655qygbtezub3thqrf7j,1,convenor.bsky.social
did:plc:hzl2uqemplg2skfuapdi3l62,1,cvenash-vishneri.bsky.social
did:plc:hzmwomjsrj2j7r6d7jia4usj,1,ceona.bsky.social
did:plc:hzodzfvlldwkp3ly3ub6tdid,1,myosot.bsky.social
did:plc:hzq2a7edw2tpl7ermq2uciju,1,markthemark.bsky.social
did:plc:hzqmhddjjiqdgqtvzcfm7f6j,1,joat3.bsky.social
did:plc:i26yrsuekobieqr2o24ndh4u,1,convenor.bsky.social
did:plc:i2cbieufwtip7tnejv5nh2qx,1,markthemark.bsky.social
did:plc:i2dmfuqk3wklvyvl77cc66cx,1,miraschino.bsky.social
did:plc:i2mvesv4ynfsstgd7swh2nkw,1,miraschino.bsky.social
did:plc:i2ocrgqnywxn43uruiffjhlt,1,miraschino.bsky.social
did:plc:i2r4fkz7ge35u5tbcj2ntasf,1,puppymelia.bsky.social
did:plc:i2vub63dselxsfmmsr5ofooy,1,puppymelia.bsky.social
did:plc:i2zrs4i77oamwjrvjtmxf5uf,1,ceona.bsky.social
did:plc:i37bzld52baqvaqpmz46cg3o,1,markthemark.bsky.social
did:plc:i3csnz2ens7swrzskwv7do2z,1,cnr-isp.bsky.social
did:plc:i3eubie6vea4xddcetyjjywt,1,puppymelia.bsky.social
did:plc:i3exxl6oahirrqj7phdhg63s,1,cnr-isp.bsky.social
did:plc:i3fopbigg3rt4v5p3wio6alk,1,cvenash-vishneri.bsky.social
did:plc:i3gar6s4kpfgcwclbjwddh26,1,convenor.bsky.social
did:plc:i3rl5aoyir2fdirzoed53ggc,1,joat3.bsky.social
did:plc:i4kbyedwy5g3q626zdblb4k7,1,cvenash-vishneri.bsky.social
did:plc:i4lpgcshkgqnm7tsqn64d7zx,1,chrisbee.bsky.social
did:plc:i4mntbvxnte2j4hgeozg63ft,1,puppymelia.bsky.social
did:plc:i4vcsnvkwenmwdkz2vvpx7w5,1,puppymelia.bsky.social
did:plc:i53ba5pywdaq5vizfmjvqo3u,1,cnr-isp.bsky.social
did:plc:i5464fsfi53iajquhvm4tf5i,1,cnr-isp.bsky.social
did:plc:i5fzbqoevtwnunrm6xxsggqj,1,myosot.bsky.social
did:plc:i5g6durvq2bgyuqlepfukmey,1,myosot.bsky.social
did:plc:i5j6whdy7nvbsczayf5w4mgs,1,miraschino.bsky.social
did:plc:i5n5r3i27qdqr2pc67xtm72i,1,puppymelia.bsky.social
did:plc:i6fjmlvvrrygdirj4bfqqcbp,1,markthemark.bsky.social
did:plc:i6im3dn5zsh6b6vllcxccgrf,1,cnr-isp.bsky.social
did:plc:i6misxex577k4q6o7gloen4s,1,chrisbee.bsky.social
did:plc:i6nh4rffj4slx6d2uekinx35,1,joat3.bsky.social
did:plc:i6nybgaxybb74g5s3ygy5ul6,1,markthemark.bsky.social
did:plc:i6plcm6vahyuuw5syckth5rh,1,chrisbee.bsky.social
did:plc:i74xgi4wtlws6mcqjfvt53a5,1,markthemark.bsky.social
did:plc:i75lzi5a4mgfj6tocis3ihsi,1,joat3.bsky.social
did:plc:i7673awyjtunlroqtcdcyfbl,1,convenor.bsky.social
did:plc:i7cf24hdoedesxwgqncwu3gd,1,cnr-isp.bsky.social
did:plc:i7z5f5gtxgbnl5ehpreyeq2t,1,cvenash-vishneri.bsky.social
did:plc:i7zknewvizj2losf3ug5vz5l,1,myosot.bsky.social
did:plc:ia4mk2ycnuvm7wd2hf2m4yv2,1,convenor.bsky.social
did:plc:iar2lqwbudp67uabaglsxpgx,1,myosot.bsky.social
did:plc:iaxortvj6ysgyszjrkuuylbj,1,joat3.bsky.social
did:plc:ibcelmlibwqkhktuxwfw3q6o,1,cvenash-vishneri.bsky.social
did:plc:ibgu7e52u55gevw2avenjglo,1,cvenash-vishneri.bsky.social
did:plc:iblyt6n2e3b7evpbelctxm26,1,markthemark.bsky.social
did:plc:iboctsrrgv36lqqvwazkbq3a,1,cvenash-vishneri.bsky.social
did:plc:ibqtxabgpniyy65veub6hjir,1,markthemark.bsky.social
did:plc:ibtuwrfjhwijvyxo2moe32cv,1,ceona.bsky.social
did:plc:ic6opgq66kp67pd6z5atskqt,1,ceona.bsky.social
did:plc:ic7kqiskyc3puvmhhm2kxrgc,1,cvenash-vishneri.bsky.social
did:plc:icamqxvuz5wqx4qdsrn6fhu5,1,cvenash-vishneri.bsky.social
did:plc:icepdxhfjtyh5tw4fluc7nji,1,puppymelia.bsky.social
did:plc:iclix4q2g5676i6hjp3hnve4,1,miraschino.bsky.social
did:plc:icpcewckffb4arhmydvyovun,1,joat3.bsky.social
did:plc:idg2hx2chv54a66r7fyc3u5h,1,miraschino.bsky.social
did:plc:ido6hzdau32ltop6fdhk7s7t,1,markthemark.bsky.social
did:plc:idwhjzs5boatwv4zxwwcjk5i,1,cnr-isp.bsky.social
did:plc:ie43hu6n2dsmqtytz2wmpv63,1,puppymelia.bsky.social
did:plc:ie4rsvqejhten2do7srvlpnx,1,puppymelia.bsky.social
did:plc:ieaibxoplo72shhkv52lfz3h,1,convenor.bsky.social
did:plc:iecysrzsqba4uhev4v7r5py7,1,miraschino.bsky.social
did:plc:ieluoyrr7apgy6rw3uo5zk3v,1,miraschino.bsky.social
did:plc:iet2hqowni27bveyr3aq7vyk,1,convenor.bsky.social
did:plc:ietoh7dlawquc3cuy37ggvvp,1,chrisbee.bsky.social
did:plc:if2cc7e5mxahoz7gohqloa2y,1,joat3.bsky.social
did:plc:if4n6vdin5rai4fswbx2727k,1,markthemark.bsky.social
did:plc:ifijfq4dseunwzbm5gxb4hgg,1,myosot.bsky.social
did:plc:iflenvtlnpsnmipmgf4ctav6,1,cnr-isp.bsky.social
did:plc:ifnpirhh7ihbsqyee5yjrlam,1,puppymelia.bsky.social
did:plc:ifnyyc4rxr22vgloqdpujkrm,1,cvenash-vishneri.bsky.social
did:plc:iftpzy23ybfvx6dzrguuvjgx,1,convenor.bsky.social
did:plc:igtwufvmpc4c6r32q6yv3mrp,1,cvenash-vishneri.bsky.social
did:plc:iguhewl5ql3xzdfwvg6kqoph,1,convenor.bsky.social
did:plc:igwnjjf6xinjwzaojpw5gdiz,1,markthemark.bsky.social
did:plc:ih3xrlerfq42dggw4532wzqw,1,puppymelia.bsky.social
did:plc:ihakrn2ckqqhhsedlkfq76jd,1,myosot.bsky.social
did:plc:ihjh4zr34bvhdws2okofl4mk,1,miraschino.bsky.social
did:plc:ihjrlmxnmeuvjlsknemecvci,1,ceona.bsky.social
did:plc:ihlbg7ebzae4gigqk76mc2ra,1,markthemark.bsky.social
did:plc:ihundrkcct6bsihncw7w2epr,1,convenor.bsky.social
did:plc:ihxgm2qrwn2flnsnyyhxngwy,1,joat3.bsky.social
did:plc:ii66wcwl25qxwsywvhgbwuke,1,convenor.bsky.social
did:plc:ii77ghipqsnnizfxt2kdld32,1,myosot.bsky.social
did:plc:iig55lfqe6rnvcmx55mhhhqq,1,puppymelia.bsky.social
did:plc:iikkrvf4zxgj3obbh6hkn3y5,1,miraschino.bsky.social
did:plc:iim5tw7waal3imsni6wu4w73,1,cvenash-vishneri.bsky.social
did:plc:iitqyc4sf7gisin6tf2ntfns,1,ceona.bsky.social
did:plc:iiuk5tddvsdp2nhol7lsoqca,1,myosot.bsky.social
did:plc:iivthz2ewk56mg5untqsepeq,1,cvenash-vishneri.bsky.social
did:plc:iizvrzxezlb2fwwzec6x5yzi,1,markthemark.bsky.social
did:plc:ij3sd5q3ooa4u34sir5h5yo7,1,chrisbee.bsky.social
did:plc:ij6rbqwauifk5zvbnrri6iqz,1,markthemark.bsky.social
did:plc:ij7i3otw3r6ar4pbc2jkpltl,1,chrisbee.bsky.social
did:plc:ijsy6hjztzsdbnfd746ptls5,1,chrisbee.bsky.social
did:plc:ijua43taj76afiagijnd2x55,1,chrisbee.bsky.social
did:plc:ijwpzn3ghv7tuptxv5kdgu5d,1,myosot.bsky.social
did:plc:ijyyyvdvltabuz6rgk2xktg5,1,puppymelia.bsky.social
did:plc:ik6jkp6ydnahb5sg75ajmvdr,1,convenor.bsky.social
did:plc:ikccxxnktugm7hbmnbct6gat,1,joat3.bsky.social
did:plc:ikkcoysgbw4rjaqbehnn5owx,1,cnr-isp.bsky.social
did:plc:ikpnjatxot2uckntvm2xdjp3,1,chrisbee.bsky.social
did:plc:iktnpuby7dpcr7t46iuqp5va,1,ceona.bsky.social
did:plc:ikxzvhc3jc66wirnagow2tcj,1,myosot.bsky.social
did:plc:il3amti5wstpjicvaxx6smm4,1,cvenash-vishneri.bsky.social
did:plc:il7ppmkjacmy7nxd3yxuxdif,1,ceona.bsky.social
did:plc:ilf5xbhiplhxzxva42yixpc5,1,joat3.bsky.social
did:plc:ilhc3y67ictgcmdnmjltd4hh,1,markthemark.bsky.social
did:plc:iliaottpnzxuxj22k7ukqmn6,1,cvenash-vishneri.bsky.social
did:plc:ill3qhb5czkgndearobqcsus,1,cnr-isp.bsky.social
did:plc:illjpltlcvbubb2jkzksied7,1,convenor.bsky.social
did:plc:ilqb2hwoxuu3feez72l5bbgj,1,joat3.bsky.social
did:plc:ilsakicsywv5iqu7sl6ptlga,1,markthemark.bsky.social
did:plc:imfeqwldyrmdu6mewigejex4,1,cnr-isp.bsky.social
did:plc:imhzbtttlxj7zuqhrrgjdlmx,1,markthemark.bsky.social
did:plc:imp6acyf453qkrqo2iln5uuv,1,convenor.bsky.social
did:plc:imymfhfnqjczfxcicefwsltb,1,cnr-isp.bsky.social
did:plc:imyokd4yz2v3avcpxtrkrxbv,1,cvenash-vishneri.bsky.social
did:plc:in2semdyvnjp4hka5gx2j6fx,1,chrisbee.bsky.social
did:plc:in4thyf4oojsvdm4oh62oayh,1,miraschino.bsky.social
did:plc:inmwkiodhq5bpcnzpvtgmtys,1,myosot.bsky.social
did:plc:inqg622bfagfglt5xqbibd3x,1,miraschino.bsky.social
did:plc:io2xysvnn74e2getoozo6cgf,1,miraschino.bsky.social
did:plc:io6owsze2yxsfsl2cd7znmik,1,convenor.bsky.social
did:plc:ioekztyd5bfobx7uu6oyulle,1,cvenash-vishneri.bsky.social
did:plc:iofxjtcuwuwwx6qidmvkttyv,1,ceona.bsky.social
did:plc:iolln3lbkunalihbuiv3smag,1,joat3.bsky.social
did:plc:ioonaownuropx7nn2rytyc4m,1,puppymelia.bsky.social
did:plc:ioou5w7ypo3ct3fzsdx3nusc,1,cnr-isp.bsky.social
did:plc:iove5p7emnnrq7qhr6pf3k4w,1,convenor.bsky.social
did:plc:ioxbsl3ysngpa44ctcnc5rgs,1,convenor.bsky.social
did:plc:ip3lg6sos4gek2rtmogenjcm,1,chrisbee.bsky.social
did:plc:ipbuwj34ez3pzyiiwpylbzxw,1,markthemark.bsky.social
did:plc:ipisj6krod2tha4pl4ow2o6x,1,myosot.bsky.social
did:plc:ipklmcujwlmchuj7knvnde4j,1,cvenash-vishneri.bsky.social
did:plc:ipr6oyfm47catxkqvjjkij5g,1,miraschino.bsky.social
did:plc:iprbrnoiy2q76jcgkdjfhwqv,1,miraschino.bsky.social
did:plc:iptatkrn57uxhs6o54jj5344,1,convenor.bsky.social
did:plc:ipuvnyro3jtndyg7dxfrqvag,1,chrisbee.bsky.social
did:plc:iq5rxa6nlacwxtvgtl4gedae,1,joat3.bsky.social
did:plc:iqbpv5tuzlrpdwrfg5icdygh,1,puppymelia.bsky.social
did:plc:iqfacuhphf5tafzkdqtfb3h2,1,cvenash-vishneri.bsky.social
did:plc:iqljhm5do645v3g44kxclgm2,1,chrisbee.bsky.social
did:plc:iqq4ht2agls72peulj2rdgmr,1,cvenash-vishneri.bsky.social
did:plc:iqs6jbrcdcagbrzyvf44m44q,1,cvenash-vishneri.bsky.social
did:plc:iqugb3wcfuj23kzpjowkfni6,1,cvenash-vishneri.bsky.social
did:plc:iquy6ebtrpzzggqfb5x2iw6a,1,myosot.bsky.social
did:plc:iqz3tclc2avz2vwlzth73klj,1,myosot.bsky.social
did:plc:ir3kajfps6jzttstjfdrhezl,1,ceona.bsky.social
did:plc:ir5mn5c3echfdlkmzrj2oz4n,1,chrisbee.bsky.social
did:plc:irgzy433qkyecknfomt2jvkz,1,joat3.bsky.social
did:plc:irhxbc5e5rhkxf34a22k5jjc,1,convenor.bsky.social
did:plc:irq4yzurlffn4ynzwhrqkkh6,1,cvenash-vishneri.bsky.social
did:plc:irzi2rqi5ricaitfxz7sc5sg,1,puppymelia.bsky.social
did:plc:is2jdsvhpkqhfjzrqmvzd7gu,1,cvenash-vishneri.bsky.social
did:plc:is7o5zehiejhf4g3siysv2vj,1,miraschino.bsky.social
did:plc:isfep5rac6dkfdnrdm7pxoam,1,puppymelia.bsky.social
did:plc:isrtxf3m7qyjqrwitpsef6oh,1,convenor.bsky.social
did:plc:isz2hhe7nuewzp7vvgxoms24,1,ceona.bsky.social
did:plc:it2hoq3zewo2qqkerjao57mj,1,cvenash-vishneri.bsky.social
did:plc:itcqruu6tvm4sjbzffscuao6,1,markthemark.bsky.social
did:plc:itfmdtcmrdqcl37wjxyttzhg,1,puppymelia.bsky.social
did:plc:ituoear7k6qx3smjfoxhufm4,1,convenor.bsky.social
did:plc:ityihns2c5qitc6mi3mbjkaf,1,joat3.bsky.social
did:plc:iucbidjvtabhkt44wbtnoeqy,1,myosot.bsky.social
did:plc:iucmieoghbyi24p6s3zdmgl5,1,miraschino.bsky.social
did:plc:iudxbetstg2qav5tux2hqc7o,1,convenor.bsky.social
did:plc:iuf3jd3mhoxwkxfdbahrplsp,1,cvenash-vishneri.bsky.social
did:plc:iufdpakmw4a6andid6elw3xy,1,joat3.bsky.social
did:plc:ium7nt7zqxwfpjlfs6hbq5n4,1,markthemark.bsky.social
did:plc:iup76r3an7jnzkj6otfyv2sc,1,cvenash-vishneri.bsky.social
did:plc:iuqa7jchjd5kk44fpm25dryj,1,ceona.bsky.social
did:plc:iv4o5j5riodagk4cmdxtkfhe,1,miraschino.bsky.social
did:plc:ivl22mzxmpcdn3w577fiabpv,1,myosot.bsky.social
did:plc:ivlnddm4mut3oobypg4idhol,1,convenor.bsky.social
did:plc:ivm4ozwyfbcbf2ibvbw7wmzi,1,puppymelia.bsky.social
did:plc:ivohx3bmokgyicnlt3tqq4hj,1,joat3.bsky.social
did:plc:ivu353vziaaaghvtijha33az,1,puppymelia.bsky.social
did:plc:ivu3cmx7o7g6pfenx3tmwpru,1,cnr-isp.bsky.social
did:plc:ivvt5dr7wnyan4srbsg7o47o,1,miraschino.bsky.social
did:plc:ivzzfqmtijywnhtw4h4iciu7,1,chrisbee.bsky.social
did:plc:iw5dbzqr3hbt4qrsqv5bsv2n,1,cnr-isp.bsky.social
did:plc:iw6z2darlkpauuknqti7wl7o,1,ceona.bsky.social
did:plc:iwhwhmcrfrlmpme5ybe6tdoh,1,chrisbee.bsky.social
did:plc:iwkxgisuabmctzfjrwjc6sgp,1,cnr-isp.bsky.social
did:plc:iwpv4xvz2hgkqwczcch7u6jq,1,markthemark.bsky.social
did:plc:iwsf7m4ae2wikbens25mnmcj,1,ceona.bsky.social
did:plc:ixbriekwcdgka437jnuw5mck,1,cvenash-vishneri.bsky.social
did:plc:ixg47rkmf7tyapl2tiizy6zx,1,convenor.bsky.social
did:plc:ixrpftufwo4sotnetoovdebz,1,miraschino.bsky.social
did:plc:ixxitznrkq3opo763lmoycwk,1,cvenash-vishneri.bsky.social
did:plc:ixy3gngy5fmfqh2lcmj7ldkz,1,cnr-isp.bsky.social
did:plc:ixz5bduordj2lyy7zwk3x7u4,1,joat3.bsky.social
did:plc:iy5czex7r5lqu4wxtheimsm7,1,miraschino.bsky.social
did:plc:iybvm2uwpxfrwg7emykdx72b,1,myosot.bsky.social
did:plc:iyn5tf2ko4rcxsq53s3ad5p5,1,ceona.bsky.social
did:plc:iyshj4awfwb4lzovudihf6fg,1,myosot.bsky.social
did:plc:iyvressk5x6uj5m7hjuokwag,1,cnr-isp.bsky.social
did:plc:iyw6e6ugwyafyvdsrcxbf7nd,1,cvenash-vishneri.bsky.social
did:plc:iz2zwzlk3gul4tkx5ifzcphw,1,cvenash-vishneri.bsky.social
did:plc:iz4v4vqv7cdskid4roxogq4l,1,chrisbee.bsky.social
did:plc:izfan442225uhdnfc3lqohak,1,joat3.bsky.social
did:plc:izgosjij2ehummy4qxtzxbh3,1,joat3.bsky.social
did:plc:iznb7aa5kdvnkebv4tsf2fcq,1,cvenash-vishneri.bsky.social
did:plc:izqdhfrtdyy4pb4ayfaqrc6r,1,convenor.bsky.social
did:plc:izsb5vknv3mr5jxa65c6tdue,1,puppymelia.bsky.social
did:plc:izstst3poloptvriqotlycwy,1,joat3.bsky.social
did:plc:izv7z6fyofmelk2veeyph7e2,1,joat3.bsky.social
did:plc:j2f2xs3oybrdgloqygyxrvaf,1,chrisbee.bsky.social
did:plc:j2htjnav3e2tb3wvkgn5xqiy,1,ceona.bsky.social
did:plc:j2krhcgvou57borckh4nyokg,1,joat3.bsky.social
did:plc:j2mf3yf2wq52nwgwyw2ozxr2,1,puppymelia.bsky.social
did:plc:j2mgvqy7mdipmazoakqp6lf5,1,convenor.bsky.social
did:plc:j2tehzriybuzec5puaz77gcj,1,markthemark.bsky.social
did:plc:j2vfwnora4ca3rog4q3kkjnr,1,joat3.bsky.social
did:plc:j2zob2xdiidhjicxqrblr5or,1,cnr-isp.bsky.social
did:plc:j36ynv6jxpalovzisldummwr,1,cnr-isp.bsky.social
did:plc:j37xirnykeoi73ukok3zuwrn,1,ceona.bsky.social
did:plc:j3sx4aqhunxwuznn4fk46wyv,1,myosot.bsky.social
did:plc:j3t3gv727ukedgcstac7kv2q,1,convenor.bsky.social
did:plc:j3xkuujme2aa3yrqfsmoiq4t,1,cnr-isp.bsky.social
did:plc:j45cwydngasqcktrd4cdi6tx,1,chrisbee.bsky.social
did:plc:j45rbzrkmvvgpbwqxcwfkubz,1,joat3.bsky.social
did:plc:j4phrn4rkxjf4i6b7i5cdcjf,1,chrisbee.bsky.social
did:plc:j4ycgecqwwe3bgizeqhh43ag,1,ceona.bsky.social
did:plc:j552mov6ccskiuvmnnyqowoz,1,convenor.bsky.social
did:plc:j5sogsw5ejwwo6megyxxdwri,1,cnr-isp.bsky.social
did:plc:j5svkdc4nj6j2nmni3obswak,1,joat3.bsky.social
did:plc:j5u3lkq6m2po3thfvxaspplf,1,myosot.bsky.social
did:plc:j5x46j4czhmh2rfjvclwkgtv,1,puppymelia.bsky.social
did:plc:j62rx6jk5hu4mhzkh4dhrjxd,1,puppymelia.bsky.social
did:plc:j66y6xnpevd7qizo25nemyps,1,joat3.bsky.social
did:plc:j6tfxclnpiadckahutad2j67,1,myosot.bsky.social
did:plc:j6xh6cifft3ed6qtnwcoffqq,1,joat3.bsky.social
did:plc:j767jgsn4jfxryye4ptu5bji,1,miraschino.bsky.social
did:plc:j7ee6oemj2otwkye7uhv7q2k,1,joat3.bsky.social
did:plc:j7eliwxzqpvvwu6jbxr5ggaf,1,markthemark.bsky.social
did:plc:j7ih5hnishq4ccdmqmb4ot7o,1,cnr-isp.bsky.social
did:plc:j7lk5v55awowq37uc2opxmv6,1,ceona.bsky.social
did:plc:j7qspxu4w4zrkqre6waecdyb,1,convenor.bsky.social
did:plc:ja5soujdv5a735xhr3cmohdv,1,puppymelia.bsky.social
did:plc:jacwidtl4vthk6sahylit5nr,1,miraschino.bsky.social
did:plc:jadx6shnl3m5hy7jtzwnqbew,1,miraschino.bsky.social
did:plc:jaf3g5doxdlak73cayte4k4j,1,puppymelia.bsky.social
did:plc:jajnyiri7cozd4f2luqty5ow,1,markthemark.bsky.social
did:plc:jaur42a3illbvj2uwvrfxz76,1,ceona.bsky.social
did:plc:jb5nqvp52oxmgwac6qnwc2bd,1,joat3.bsky.social
did:plc:jbbwpfbzjpcseza77v2qfg75,1,convenor.bsky.social
did:plc:jbckjur2flybep2lbtqlsx7e,1,joat3.bsky.social
did:plc:jbihejycv62qbgu3af7cwix7,1,markthemark.bsky.social
did:plc:jbjgb2j545u4aue5dqo3lqb2,1,ceona.bsky.social
did:plc:jbjommtjwtazpypspspyekse,1,myosot.bsky.social
did:plc:jboqmskory36patql27ddwr5,1,ceona.bsky.social
did:plc:jbot5ew44m7z5p6gqeasjf2z,1,miraschino.bsky.social
did:plc:jbrsbffoezmffbocfqvtlvcy,1,chrisbee.bsky.social
did:plc:jbtpgjnmam352ndpnygsthn3,1,markthemark.bsky.social
did:plc:jbttmte32pdetpy75tkymcbb,1,miraschino.bsky.social
did:plc:jbuspc247pn3cvktf53nr6az,1,convenor.bsky.social
did:plc:jc3bm672wypqjxajgkj7gdqi,1,chrisbee.bsky.social
did:plc:jc6qpa2sfanpe7lz6ahrwuhc,1,markthemark.bsky.social
did:plc:jcjifmr4r6ghzv34qwpfyuw6,1,markthemark.bsky.social
did:plc:jckkfkzcc4y6myd3ykusqjbm,1,convenor.bsky.social
did:plc:jcmemlp3t6o5ujwi5qboe7wt,1,myosot.bsky.social
did:plc:jcpywimbzma4ngwoiqksv3zt,1,ceona.bsky.social
did:plc:jctgupppb5vhkjufo2ewns7l,1,markthemark.bsky.social
did:plc:jcy5tnrrvxg4yrh2qxsgzu5p,1,joat3.bsky.social
did:plc:jcyqnlly3zkvd3pgh4zlghav,1,convenor.bsky.social
did:plc:jd55pogp7q5j2x5kvuolkjxh,1,ceona.bsky.social
did:plc:jdbrbr6ohd6phqlctwlh5sl2,1,puppymelia.bsky.social
did:plc:jdiq7cgktj4qavf7yg5imqpa,1,ceona.bsky.social
did:plc:jdmdyejmo3wm4ecby6c6jvfb,1,myosot.bsky.social
did:plc:jdn4vggomqh2xyq2ylgqc3kt,1,joat3.bsky.social
did:plc:jdzo424csbprg63pmcs25b6u,1,chrisbee.bsky.social
did:plc:jdzynqhcvb6rhevb7osnamtg,1,chrisbee.bsky.social
did:plc:je5ba53o5lcj5pabadocvvys,1,cnr-isp.bsky.social
did:plc:jeb5puwe2trbthuqu4qnuctx,1,ceona.bsky.social
did:plc:jec4oappb4pkzpov32l6hoy5,1,ceona.bsky.social
did:plc:jech7rem6vijss4euf4fijao,1,markthemark.bsky.social
did:plc:jehkz3ubrqvdnq7rqp67pweo,1,joat3.bsky.social
did:plc:jejgypykci5rdnczubx6s27s,1,joat3.bsky.social
did:plc:jel4is54ku777hwsp76lenzo,1,puppymelia.bsky.social
did:plc:jelcnzcsvnrhx7cpwqjhhrov,1,myosot.bsky.social
did:plc:jeps72ck2apq75dkmxrf5z2d,1,puppymelia.bsky.social
did:plc:jeqg7niye6joxnw4mvlhmsxn,1,ceona.bsky.social
did:plc:jevf67unckfxugfk4iqjrsb4,1,miraschino.bsky.social
did:plc:jexhybwmuma7dmwpk4l6okom,1,markthemark.bsky.social
did:plc:jf5had6s5owdumxtuyxtkhur,1,cnr-isp.bsky.social
did:plc:jf6f54fgd4g5sfz6kk3ou4s3,1,myosot.bsky.social
did:plc:jf6mfoiytn5phdebasz4gqiu,1,puppymelia.bsky.social
did:plc:jfex7pbe5p7nejruly6rnnhn,1,myosot.bsky.social
did:plc:jfwsymzxdao6tqua7ytlgplu,1,joat3.bsky.social
did:plc:jg4vt72mlxk3cpffkf23qrwc,1,ceona.bsky.social
did:plc:jgexc2twvx37iyv3ykdou5hz,1,cnr-isp.bsky.social
did:plc:jggts57ydp66iwg2pbddu4n5,1,joat3.bsky.social
did:plc:jgjlzgbiipjxiufuuf26jnl6,1,cnr-isp.bsky.social
did:plc:jgkgr4cwp7sxwz5bcuvv5s2n,1,myosot.bsky.social
did:plc:jgnhfkaj5rzueoxirn6o4yet,1,joat3.bsky.social
did:plc:jgp3ebo5otmzs73ne37r7rnb,1,cnr-isp.bsky.social
did:plc:jgpjbobgtcnu6b7qkombgehy,1,chrisbee.bsky.social
did:plc:jgqnxeupqtx5s7oylodxemtg,1,puppymelia.bsky.social
did:plc:jgsjztl4rl7pqrdnwiuai2ew,1,convenor.bsky.social
did:plc:jguplrcamona6kah2c6ymhkt,1,convenor.bsky.social
did:plc:jh7ggvpcs3sjbedr37xe6z6j,1,convenor.bsky.social
did:plc:jhafilcckejcoekfwahjkjop,1,cvenash-vishneri.bsky.social
did:plc:jhca25lgvlraqc44i3yicfd3,1,joat3.bsky.social
did:plc:jhd5hc765lwtziyre27evylt,1,cvenash-vishneri.bsky.social
did:plc:jhhm2n6ypekmhikfdiehdrar,1,miraschino.bsky.social
did:plc:jhr4oynyqsp3ooi6zjvdemvv,1,ceona.bsky.social
did:plc:jhrs5id2gydm4xh3hor6xqlf,1,markthemark.bsky.social
did:plc:jhyjsydswgwcpdiv6fu5qjew,1,myosot.bsky.social
did:plc:jidu27miqb4bavcoublxpqwf,1,cnr-isp.bsky.social
did:plc:jiezf67jxskpkudy3qvjrjac,1,convenor.bsky.social
did:plc:jii73xr6wed447yo4by5mvvt,1,puppymelia.bsky.social
did:plc:jimtocu7irkkkupvh7g34rhs,1,markthemark.bsky.social
did:plc:jituw2qxzk2athrytopbyw2z,1,markthemark.bsky.social
did:plc:jjbsxatjvw35joagnd6ythxg,1,chrisbee.bsky.social
did:plc:jjclek6ffoqov6nfwxyx3vat,1,joat3.bsky.social
did:plc:jjq37jze7ynm7uzalnrk5au5,1,chrisbee.bsky.social
did:plc:jjw6xt3nuvktqr3h5k72ush5,1,ceona.bsky.social
did:plc:jkaw6hr7ye7vjmhhwphofwob,1,convenor.bsky.social
did:plc:jkg2d7uo25s75ufcepfhntut,1,joat3.bsky.social
did:plc:jkgw4scsz7utrczrobjeal4g,1,miraschino.bsky.social
did:plc:jki3tmmbgwlhohittxkfmjbk,1,ceona.bsky.social
did:plc:jkltkb6qaefwupjhqojertrd,1,puppymelia.bsky.social
did:plc:jkmev4vmignv7am2zl54oo6m,1,miraschino.bsky.social
did:plc:jl6bnuiemddpm3orm2kcedxh,1,cnr-isp.bsky.social
did:plc:jl6ohvlyhb76mu55cyggkp72,1,cvenash-vishneri.bsky.social
did:plc:jlh3roypkkyxg7nmr7iw7564,1,cnr-isp.bsky.social
did:plc:jln34uohf623uyi2ydntlpda,1,miraschino.bsky.social
did:plc:jlyn3b6lglwi26kurerrnobk,1,joat3.bsky.social
did:plc:jm2gzzgqay5enfk6gqylvgma,1,cvenash-vishneri.bsky.social
did:plc:jm55kya45qcnctjpzpt4ni7x,1,markthemark.bsky.social
did:plc:jm5kdp4pvisvekqbxycq2bfr,1,markthemark.bsky.social
did:plc:jmbdsoaij4yoda4jadb7ihrs,1,miraschino.bsky.social
did:plc:jmbrd5wbriodhjdutmh4bqug,1,miraschino.bsky.social
did:plc:jme5k56bgxg454ftin2tl5ux,1,cnr-isp.bsky.social
did:plc:jmeviiptqgo4jadxgbub4z77,1,chrisbee.bsky.social
did:plc:jmndpi5iyt3aj6s6ku5mtn5b,1,myosot.bsky.social
did:plc:jmzrj5id6isqsfwr7mzah6xc,1,ceona.bsky.social
did:plc:jn54d3wfcqdq3mobvzkynlm3,1,ceona.bsky.social
did:plc:jnehbkznzqgkq7syfepggvso,1,convenor.bsky.social
did:plc:jnkt7ufz6gagh23g2mimla26,1,convenor.bsky.social
did:plc:jnu4jh42qpyk2ljqhrtpfyrt,1,markthemark.bsky.social
did:plc:jnxcbsarq2vzcfsg7oi5souq,1,cnr-isp.bsky.social
did:plc:jodcjhgy66eof7pjxieqa2r3,1,ceona.bsky.social
did:plc:jos74vflvw26bgnzsrtdqldk,1,chrisbee.bsky.social
did:plc:josvzpioqxa5ugkeu7reyr34,1,joat3.bsky.social
did:plc:jov7s67x25nhwpucsy3vdvmd,1,chrisbee.bsky.social
did:plc:jozfc5r76wqzmo2ugdfyiodu,1,ceona.bsky.social
did:plc:jp35xwzl7syqx5aufwz3bhqu,1,convenor.bsky.social
did:plc:jph7ji57btejt3v2hogeckh4,1,cnr-isp.bsky.social
did:plc:jpidr2nkrhx5scbxatl5nxkp,1,cnr-isp.bsky.social
did:plc:jpipwqurjq4enkyjwrkea4u5,1,cnr-isp.bsky.social
did:plc:jptii57cxkpcd7tyqunhjyxo,1,convenor.bsky.social
did:plc:jq4on7pa63bxrunpy6fywtbp,1,chrisbee.bsky.social
did:plc:jq65qaldtjqekxdv4tuirse3,1,myosot.bsky.social
did:plc:jqe6dgtqad3qbk342jperfgd,1,convenor.bsky.social
did:plc:jqezrugsxy7rsoseq7qbtxa7,1,convenor.bsky.social
did:plc:jqj4lcjzqsi7yzjv7wmn3ojs,1,chrisbee.bsky.social
did:plc:jqrcmanq47h2tca4hugrbzwk,1,ceona.bsky.social
did:plc:jqskgkv3dmpbhmbouft2dmy6,1,puppymelia.bsky.social
did:plc:jr27yv33cdp7eyafqfh4edy2,1,miraschino.bsky.social
did:plc:jr5vn2zn5mkxcyym4xyh57p4,1,markthemark.bsky.social
did:plc:jr6gll7xlj7smfwaik4xd56j,1,joat3.bsky.social
did:plc:jrw5zgis5etgdhwelcd2fu5i,1,chrisbee.bsky.social
did:plc:jrz43hztiwttxs7slzjrzoc7,1,myosot.bsky.social
did:plc:js5p4czja62kes4f6lqnx4qt,1,miraschino.bsky.social
did:plc:jsms2ky6ywiursuozo7ktphv,1,chrisbee.bsky.social
did:plc:jtfb2vvyfjjv2hlsaeyaemjl,1,cvenash-vishneri.bsky.social
did:plc:jthlihekdpt43rrfftmm5m2j,1,joat3.bsky.social
did:plc:jtir3tfw5lgp34t7akdbwgkl,1,miraschino.bsky.social
did:plc:jtkwvvyj6lfdbqun7vxuhio7,1,chrisbee.bsky.social
did:plc:jtlwlnekn5al2tqmudrtcapq,1,convenor.bsky.social
did:plc:jtoz5ienit7hwien6cexsqbn,1,ceona.bsky.social
did:plc:jtwdomv2itlio4l5jkr4rdbj,1,cvenash-vishneri.bsky.social
did:plc:jtzjjgxgrq5baca5jk7wvbef,1,joat3.bsky.social
did:plc:juj4a7jagip23ja36opmi4d4,1,chrisbee.bsky.social
did:plc:jush7662cbei73jiiaddxc72,1,cvenash-vishneri.bsky.social
did:plc:jutizyzqyvvylch6yesv4pp5,1,joat3.bsky.social
did:plc:juvbshwyipoxxmy45jmavqso,1,cvenash-vishneri.bsky.social
did:plc:jv2uge2xcpzypf3lgzmlpus4,1,cvenash-vishneri.bsky.social
did:plc:jv3abvsmim7phw64epzb3vbq,1,convenor.bsky.social
did:plc:jv4johl43grblq2txpt6s55y,1,myosot.bsky.social
did:plc:jvbiziwb7bwc3w2o4a37kjvc,1,puppymelia.bsky.social
did:plc:jvf3qb7z5hwqpztp4yftnb53,1,markthemark.bsky.social
did:plc:jvhpaqbx6lbczytgsxn23clc,1,puppymelia.bsky.social
did:plc:jvhw6v6rt4motcndq4gh5qo7,1,myosot.bsky.social
did:plc:jvrpllofboqntf5oz23ozuyp,1,ceona.bsky.social
did:plc:jvxxb7nftervn5wjoc5ycbkf,1,ceona.bsky.social
did:plc:jvzdtfvzuqdgk36wncgl2dnp,1,chrisbee.bsky.social
did:plc:jw6fkkpakyjc5jzv5snejaas,1,convenor.bsky.social
did:plc:jwdxukvdvysmoyoa73ebvv7q,1,chrisbee.bsky.social
did:plc:jwe4o523oduv6wo5ojw7ckfq,1,myosot.bsky.social
did:plc:jx6kbmkbafdxdbkrtgajcxsq,1,puppymelia.bsky.social
did:plc:jxfqu53b6jtrqqntce6pseqh,1,puppymelia.bsky.social
did:plc:jxgzm6fwxvjqnmpb5hy7izoi,1,cvenash-vishneri.bsky.social
did:plc:jxnamm72ypaejug4yy7ynfbk,1,joat3.bsky.social
did:plc:jxtnw3qiuq4wtx7sggjbbvi3,1,puppymelia.bsky.social
did:plc:jxzvjug7wbec5ylz7v435br5,1,myosot.bsky.social
did:plc:jyg33kvu626y5l5vze2b3dw4,1,joat3.bsky.social
did:plc:jytzzkrzhqcmmxvyhaxh4hgv,1,markthemark.bsky.social
did:plc:jz46bc3dfdz4manpm4y2qyqs,1,miraschino.bsky.social
did:plc:jz5fodjppy6fpt7dneyb6sba,1,miraschino.bsky.social
did:plc:jzapzmbpoxid5v7wwhwvo5lq,1,joat3.bsky.social
did:plc:jzhiqz7fb5dj6h7cydluryvn,1,miraschino.bsky.social
did:plc:jzr3hmgzakvkd6adi4ncjzdz,1,cvenash-vishneri.bsky.social
did:plc:k26ycdzevq5xtayks6k74xp5,1,joat3.bsky.social
did:plc:k27e4yfma454r3vhoh75engg,1,myosot.bsky.social
did:plc:k2a2v5fle7hqovh43vqris3g,1,puppymelia.bsky.social
did:plc:k2avittndhk5scsbnbiyw5fz,1,cvenash-vishneri.bsky.social
did:plc:k2cpk6gmznz5l47azxyxr67q,1,joat3.bsky.social
did:plc:k2d525egdqnnetwqkp4rvyjg,1,chrisbee.bsky.social
did:plc:k2hsol25r6dcbfh5b4hrkxvk,1,puppymelia.bsky.social
did:plc:k2m5pmxoivshviy6fikortxl,1,miraschino.bsky.social
did:plc:k2mo6mftnrttpxf6xs243yuv,1,convenor.bsky.social
did:plc:k2nni7pl2xhl44pxk3p62xzx,1,cvenash-vishneri.bsky.social
did:plc:k2znru45bv7fiyytoas3uggd,1,chrisbee.bsky.social
did:plc:k3372oghw4wvnonqpvgbygae,1,puppymelia.bsky.social
did:plc:k34y72ajqtnmxghnq7auuuci,1,puppymelia.bsky.social
did:plc:k3qqnocqgc6ioznuia4cdd53,1,cvenash-vishneri.bsky.social
did:plc:k3sjdodbk2cofbfzxucculeb,1,miraschino.bsky.social
did:plc:k3u2rfuj2uxljcuv33wamqog,1,cnr-isp.bsky.social
did:plc:k3vl3rzyw4j5wquhjfsi7hlo,1,joat3.bsky.social
did:plc:k4hbmlkmvgguglbtqq2q552d,1,myosot.bsky.social
did:plc:k4xwfxkeenn2mf7ewexhgb5b,1,markthemark.bsky.social
did:plc:k4ztpfnj7n5f3fyrzc4j7gzb,1,puppymelia.bsky.social
did:plc:k54qxupojpfiow6mzlzw4opr,1,markthemark.bsky.social
did:plc:k5cgcxi2ec4bq2knn3g5dzvs,1,chrisbee.bsky.social
did:plc:k5igp773pwxe35lhrwq7zerk,1,miraschino.bsky.social
did:plc:k5l2lstw7z4ehgw5vcilqvm2,1,chrisbee.bsky.social
did:plc:k5qsfoxyebj3jnqhhwrj2fkm,1,cvenash-vishneri.bsky.social
did:plc:k5rmyzey24qdtai5ijiewy3y,1,puppymelia.bsky.social
did:plc:k63bl3rg6bgdnngsabr7n26v,1,puppymelia.bsky.social
did:plc:k63dp3z4j7bm2a5fhb7ig6xu,1,convenor.bsky.social
did:plc:k6dqrf6rpo3ikzxemim3jugl,1,puppymelia.bsky.social
did:plc:k6mgnw2bjugckjwvqbxozm5o,1,chrisbee.bsky.social
did:plc:k6pab7gl3vi2ccd76urjz5e7,1,cvenash-vishneri.bsky.social
did:plc:k6sgl3nsvitbdc7cf3ca4yib,1,cvenash-vishneri.bsky.social
did:plc:k6w4jiwkwkbsspodhwjeogrk,1,markthemark.bsky.social
did:plc:k6xqbjuvtygvb5dk5chkpsyo,1,cvenash-vishneri.bsky.social
did:plc:k77thj6fybuvz6sej3uddxdw,1,joat3.bsky.social
did:plc:k7eezr2ybq7cxtptak2q4uhp,1,miraschino.bsky.social
did:plc:k7pwqbx73to7dnhck4hylqni,1,puppymelia.bsky.social
did:plc:k7wfpfm3ava6krd3esmcwavs,1,markthemark.bsky.social
did:plc:k7yh2yacnen4vm7ap3fclloq,1,miraschino.bsky.social
did:plc:ka676iuxqez5ailqwanjsddp,1,puppymelia.bsky.social
did:plc:kajj2mf4wdcfj745lm3edxse,1,markthemark.bsky.social
did:plc:kantbjknxawhddtqh52fce4r,1,miraschino.bsky.social
did:plc:kaqppxcn5c5vcqoe3pc2mewy,1,joat3.bsky.social
did:plc:kaxftga2bqmwprjttffwtt4u,1,convenor.bsky.social
did:plc:kazi2ijgxsc5u4q6wsmm2dvk,1,chrisbee.bsky.social
did:plc:kb63zrj57n4a6dys6mat3oaz,1,puppymelia.bsky.social
did:plc:kb7vk5ms4u256xtfqjibghtt,1,cvenash-vishneri.bsky.social
did:plc:kbbjml2lbzrleyxihcneiik2,1,myosot.bsky.social
did:plc:kbfnciizwqrfomaulbecngwo,1,myosot.bsky.social
did:plc:kbmf4lv4o6uvuvrfzpw2jbhj,1,myosot.bsky.social
did:plc:kbo4tohbv6heyinofj3olcfh,1,ceona.bsky.social
did:plc:kccabog4vhcgbl575agcvqql,1,miraschino.bsky.social
did:plc:kcskmajqmh6erm6p3ul7auhp,1,puppymelia.bsky.social
did:plc:kcsqhn5szzc3jetgbajmhz6i,1,ceona.bsky.social
did:plc:kcylzac3ij7jyzps55ui5dxn,1,chrisbee.bsky.social
did:plc:kd5t4dsm27dmvrsmfycanpdq,1,cvenash-vishneri.bsky.social
did:plc:kd7mfwtwhhb3josozp4zp4pi,1,chrisbee.bsky.social
did:plc:kd7pdhsemwqjfacvexf5mglg,1,markthemark.bsky.social
did:plc:kdacqjefnwvdkz4emdioiscb,1,myosot.bsky.social
did:plc:kdc4cspp6gfoxl6rwme6m2aw,1,cvenash-vishneri.bsky.social
did:plc:kdey5d2e3w2zfzvfgghas4dg,1,chrisbee.bsky.social
did:plc:kdiekeuvnsl2rui22bb7jygo,1,joat3.bsky.social
did:plc:kdn3loqu6u5zqwog4lcaauv5,1,myosot.bsky.social
did:plc:kdnawtpb7yewukyigxpw3dkh,1,cnr-isp.bsky.social
did:plc:kdu4vemyawbfskf5cy2u2edl,1,cnr-isp.bsky.social
did:plc:kdvhe2vwtn2acdkutdi3wjxl,1,markthemark.bsky.social
did:plc:ke6f766al4swdugyvmvyipuo,1,cnr-isp.bsky.social
did:plc:ke7d5lucmw3g67gljhhywhls,1,miraschino.bsky.social
did:plc:keg556wyu4ly47xqratgwfi6,1,ceona.bsky.social
did:plc:kehpugaokgf2xoovbavfsnad,1,chrisbee.bsky.social
did:plc:keibepgn3i4tqyjbdbwy43ue,1,myosot.bsky.social
did:plc:kejzyhhb5gnjm63t6ja4xihz,1,markthemark.bsky.social
did:plc:kekeisch2otvw4xsebsgb3rx,1,miraschino.bsky.social
did:plc:kekkyjzc3sbhpjvvkji4h3rq,1,chrisbee.bsky.social
did:plc:keli3pan4hujqmgofrdeklvs,1,chrisbee.bsky.social
did:plc:keomejy2o7f7jqgix3hjvdeh,1,joat3.bsky.social
did:plc:kext2gfu7ci5spkbovgj3v4m,1,ceona.bsky.social
did:plc:kf2na5a6a5dqcdolq5fihr64,1,cvenash-vishneri.bsky.social
did:plc:kf7km35namsozhnczeygkr76,1,cvenash-vishneri.bsky.social
did:plc:kf7wovquyycgxbezaxwnvn72,1,chrisbee.bsky.social
did:plc:kfbvdxfwntlxvjko7zxhlttu,1,myosot.bsky.social
did:plc:kfc5t23eimpgzcuqoix5yrdw,1,myosot.bsky.social
did:plc:kfdf3ncmu3ekd3yrorivypai,1,markthemark.bsky.social
did:plc:kfdiz4ohpkjfceecgiiideek,1,markthemark.bsky.social
did:plc:kfhfplq6w6fknoyvr6v6dnj6,1,cnr-isp.bsky.social
did:plc:kfj43l7zpgwa7itejkrgsrds,1,cnr-isp.bsky.social
did:plc:kfjrbbrb3yzmbmtosacd5f4n,1,chrisbee.bsky.social
did:plc:kfok2ak4vogi4pduneo2m4z2,1,puppymelia.bsky.social
did:plc:kfr65hpmbhzkz6rfteey5n3m,1,cnr-isp.bsky.social
did:plc:kft5l47ojraaguu6omudvfvl,1,puppymelia.bsky.social
did:plc:kg3e2jhit2isxmxriiqpa4vl,1,cnr-isp.bsky.social
did:plc:kgejwu2daxl736drto4fhwyo,1,ceona.bsky.social
did:plc:kgevksyxbfedxry2lfbckpn5,1,puppymelia.bsky.social
did:plc:kghjiwvzrdgygy6nxzu5mgwy,1,puppymelia.bsky.social
did:plc:kgx3aozicq2ey64xopjznnth,1,cvenash-vishneri.bsky.social
did:plc:kh2vbkansirhpmkrdqyf7djx,1,joat3.bsky.social
did:plc:kh4tfjj7fhazru6sd5g5t2xv,1,convenor.bsky.social
did:plc:ki6nzewpdfnfrpc4vjrvthgv,1,convenor.bsky.social
did:plc:kiajokl5j5eygdfohx26pldi,1,miraschino.bsky.social
did:plc:kiedwokqtemqfovh6gva7kio,1,markthemark.bsky.social
did:plc:kir53m3uohpskifx3t6gwbpz,1,markthemark.bsky.social
did:plc:kivlmuyubhre5wwb7tsdet57,1,myosot.bsky.social
did:plc:kiyymo7stlalrh2gu3nv2rct,1,ceona.bsky.social
did:plc:kiz2gmpqpou6az47kn3gqn6l,1,chrisbee.bsky.social
did:plc:kj4ff6jl5e3g3udg6nempxbf,1,joat3.bsky.social
did:plc:kjc2fxjinyggnuydjqxgrm3a,1,joat3.bsky.social
did:plc:kjdv5cfpgyaaqvgbp5z6iais,1,markthemark.bsky.social
did:plc:kjexxtbaiy44pi5niidtmz2d,1,puppymelia.bsky.social
did:plc:kjhyk5lxcbx7pahsydzrvn25,1,cnr-isp.bsky.social
did:plc:kjixfa7wudorsmbyyfios3kp,1,myosot.bsky.social
did:plc:kjklbsuepdppuppsfluytydl,1,ceona.bsky.social
did:plc:kjoluxm7yuid6cxlnehs6qtb,1,miraschino.bsky.social
did:plc:kjsyezzrc3on7qs3reb2jh56,1,cnr-isp.bsky.social
did:plc:kjucyv5563tk4anwe6rfkt4i,1,ceona.bsky.social
did:plc:kjukqektupc3u4vfkq5ulaks,1,joat3.bsky.social
did:plc:kjx3xpvlb3f4thrr22quvcg6,1,chrisbee.bsky.social
did:plc:kk2a54fcplihszfwvzqprfwn,1,convenor.bsky.social
did:plc:kkbdsuteg6iuyvt56xl6eiak,1,joat3.bsky.social
did:plc:kkc74xxsjfq4ot5cdjgpxfbj,1,convenor.bsky.social
did:plc:kkf4naxqmweop7dv4l2iqqf5,1,chrisbee.bsky.social
did:plc:kkkscrtzrdgkrbcrckdyclt7,1,ceona.bsky.social
did:plc:kl3loc27o7pkbq3fdo2rpla7,1,chrisbee.bsky.social
did:plc:kl62rullqfv5zyodxhd5wzzo,1,myosot.bsky.social
did:plc:kl6ojobwx5qtzrut2w2psan4,1,convenor.bsky.social
did:plc:kl7mke5uizqxmmbdj22kwhgr,1,ceona.bsky.social
did:plc:klejnyy466kcp2a4su4b2j4v,1,cvenash-vishneri.bsky.social
did:plc:klkwbigozgdylwzvrv24crub,1,markthemark.bsky.social
did:plc:klpnrbqd2ojmnyimqumpbre7,1,myosot.bsky.social
did:plc:kltlsiexquota3nli5razaf4,1,markthemark.bsky.social
did:plc:km2xqhnmkgyt4wber5b3fawq,1,miraschino.bsky.social
did:plc:km4nm5dcf77fzviy7rsweqct,1,chrisbee.bsky.social
did:plc:km4xqtrtt7xpzogftq6eru2p,1,puppymelia.bsky.social
did:plc:km5qflmxaib4fzdaon63gig3,1,joat3.bsky.social
did:plc:km7qwisvta2c2y42ttdyiucx,1,chrisbee.bsky.social
did:plc:km7t6ea27wntzax3ey4cd76h,1,joat3.bsky.social
did:plc:kmboss5axinab2m6oe3vlqfn,1,myosot.bsky.social
did:plc:kmcwpzysxxkfvscm6ahkmgck,1,ceona.bsky.social
did:plc:kmr3wfwwcferdihea4pes3yf,1,miraschino.bsky.social
did:plc:kmrmaxsqjynceb52mcuej6rh,1,miraschino.bsky.social
did:plc:kmugzvstxtim2vsmyhmk7nr3,1,cnr-isp.bsky.social
did:plc:kmwew4p2olkufsjwzfyfjtjf,1,convenor.bsky.social
did:plc:kn7cwws4nnmkdodnwwxsrb62,1,cnr-isp.bsky.social
did:plc:knevlimbacjl27kn2zg6fhci,1,cnr-isp.bsky.social
did:plc:knideufffljnzvhesvlsgzvo,1,puppymelia.bsky.social
did:plc:knrfwejyfm26wx22inxvweyj,1,markthemark.bsky.social
did:plc:ko65ztavyney3o7ekwwave5r,1,cvenash-vishneri.bsky.social
did:plc:ko7csvcgq5qi57yygqae7at2,1,cvenash-vishneri.bsky.social
did:plc:koh3mxmkaou5mkvy6wgj6lk7,1,convenor.bsky.social
did:plc:koow7jzgrrpcdidhlts72pfh,1,convenor.bsky.social
did:plc:kopiyhjlr2zlaw57z67nrpqh,1,markthemark.bsky.social
did:plc:kotkwo6pzqa4uoie3atjj2sn,1,chrisbee.bsky.social
did:plc:kovco6qjh7ugycyymono7cyb,1,ceona.bsky.social
did:plc:koyvurcw3ymwotjj26xnke33,1,joat3.bsky.social
did:plc:kp2dd3dpt7mozgavp4wxcxg4,1,miraschino.bsky.social
did:plc:kp5rv6mbxfwdjfntha2io6em,1,chrisbee.bsky.social
did:plc:kp7occhnusry6di2i2hv2pfx,1,convenor.bsky.social
did:plc:kpafx2eftkfrggbl7nutnd2s,1,convenor.bsky.social
did:plc:kpg35l6fmcupxcuechyxmc6w,1,cvenash-vishneri.bsky.social
did:plc:kpjwtfsxrjpa4t5i5y2yjamd,1,markthemark.bsky.social
did:plc:kpqcdzgoatbogchhweymkbx2,1,cnr-isp.bsky.social
did:plc:kps22cthnk6o65znnrfjguh6,1,myosot.bsky.social
did:plc:kpwtjc7ky4a2gdmo2fxnb664,1,puppymelia.bsky.social
did:plc:kpxbmdc7mxsm6yiirhhgg2yb,1,miraschino.bsky.social
did:plc:kq3frjffwhcaul5lbe7rr5xv,1,chrisbee.bsky.social
did:plc:kqocnklhn6kbqmlpubkcsuk6,1,puppymelia.bsky.social
did:plc:kqpsnnkefmavuohmkzklillj,1,convenor.bsky.social
did:plc:kquoznm6lla263k6ehreb35e,1,joat3.bsky.social
did:plc:kr42ir6t4uro7gezmby3ebci,1,cnr-isp.bsky.social
did:plc:kr6fg53pdzeyb6evtj24tpwp,1,markthemark.bsky.social
did:plc:krf7yeokrmwkxxvltdxsvyfq,1,puppymelia.bsky.social
did:plc:krihmuoa6onfabqk22dlt2na,1,puppymelia.bsky.social
did:plc:ks5e3y523ywku5rmivnpbj4y,1,miraschino.bsky.social
did:plc:ksb6zq67hfsobebfh2ctsctu,1,cvenash-vishneri.bsky.social
did:plc:kt52piypsocdkhnwmqf2zpfr,1,puppymelia.bsky.social
did:plc:ktihuvgrn5wfauinwvvlcgxr,1,ceona.bsky.social
did:plc:ktlqaubjcqutjhyqbcmkhuz4,1,cnr-isp.bsky.social
did:plc:ktpuxwuklgr3pdswz6orgn5r,1,joat3.bsky.social
did:plc:ktu5q4iczapei2trw7oql67h,1,ceona.bsky.social
did:plc:ktug6jw7mgnuci2n2ogtxtcb,1,joat3.bsky.social
did:plc:ktx5xlc72tiobzom4356rlos,1,miraschino.bsky.social
did:plc:ku6pdrafvko2txpg44v6bfcp,1,chrisbee.bsky.social
did:plc:kuap2e2gfanio7ygscd3qujq,1,miraschino.bsky.social
did:plc:kufec55rslzbezainldud756,1,joat3.bsky.social
did:plc:kunixj5yvpgr5gqhaq73iu5u,1,puppymelia.bsky.social
did:plc:kuoyl5fdmwwylbw2dvqpfqva,1,puppymelia.bsky.social
did:plc:kup2dxtfk4jelusiz465cfpd,1,cnr-isp.bsky.social
did:plc:kutg5o44any2c4j34xkotoel,1,ceona.bsky.social
did:plc:kuztpswgk4rn3h2zv534ncvm,1,cnr-isp.bsky.social
did:plc:kv3xk5n55uegfqlh74jmq4yx,1,markthemark.bsky.social
did:plc:kv4pxasbctzdyto7htmkoq7b,1,cvenash-vishneri.bsky.social
did:plc:kv54srqjeg5kr6ylgkvqgmhj,1,miraschino.bsky.social
did:plc:kveruqmtdfnkf7ifuaqnbdji,1,ceona.bsky.social
did:plc:kvhg3pvncyebnqu6prdtozfz,1,ceona.bsky.social
did:plc:kwhhuyziyxrvrjphfnqjmcy3,1,chrisbee.bsky.social
did:plc:kwne5y7q32jjoy53ev2vgv3a,1,joat3.bsky.social
did:plc:kwnkemsioiw7g36ywf4i3jss,1,myosot.bsky.social
did:plc:kwq6skrkhwndtac2ooejgqpt,1,joat3.bsky.social
did:plc:kwtuebxzhdisaljs3qqef7k2,1,chrisbee.bsky.social
did:plc:kx222c22wrrjlv2rj62cwbuc,1,cvenash-vishneri.bsky.social
did:plc:kx4iyjyzm53cdndhnp6r6ykf,1,ceona.bsky.social
did:plc:kxhrnwi6lfewk5k5xgqrw3v3,1,ceona.bsky.social
did:plc:kxojr7pw5afqibihqmgugj57,1,chrisbee.bsky.social
did:plc:kxx4rtuixirfkbewa6nlavag,1,puppymelia.bsky.social
did:plc:ky2i62wmo2vh524o72pp24sr,1,cnr-isp.bsky.social
did:plc:ky5mypovquzfkc5ugh2yvgkm,1,chrisbee.bsky.social
did:plc:ky5ux364qm4uc5lc3nw34ooz,1,miraschino.bsky.social
did:plc:kyb5nhrcf3ivs6sqmorrrvtj,1,markthemark.bsky.social
did:plc:kydhfsfa2w5hghnz4fluoxqz,1,ceona.bsky.social
did:plc:kywomlo2bf2hy6ppj3i5ayo7,1,ceona.bsky.social
did:plc:kzc3niufmpypohlyybmctgq4,1,cvenash-vishneri.bsky.social
did:plc:kzmsy3zmljc5w3hn7nv2i7mh,1,joat3.bsky.social
did:plc:l2mdjnwjrwpns76ol45t66sf,1,miraschino.bsky.social
did:plc:l2zuhs3qdxheld75s5zciszq,1,ceona.bsky.social
did:plc:l35gjlxrnezv3dpp4xzkkscr,1,puppymelia.bsky.social
did:plc:l37td5yhxl2irrzrgvei4qay,1,chrisbee.bsky.social
did:plc:l3cos2u4jclyaephwojzdosa,1,cvenash-vishneri.bsky.social
did:plc:l3egovsse6vtry6adquoopfk,1,markthemark.bsky.social
did:plc:l3oi54krhmb3l63jvfwvmg3f,1,myosot.bsky.social
did:plc:l3vbx3e2lqnlja7q64wfrrzq,1,myosot.bsky.social
did:plc:l3vlszik7yoo75ddvrlsljvm,1,chrisbee.bsky.social
did:plc:l45fdaalztlzgumra3wn4sh5,1,cnr-isp.bsky.social
did:plc:l47czrddub2wojs5udzwfywn,1,chrisbee.bsky.social
did:plc:l4awj2upqsfqadwnjpa3uayb,1,joat3.bsky.social
did:plc:l4w23uvtok7risxtvwmvwzpu,1,myosot.bsky.social
did:plc:l4yysneah6he5bqp7vhxyhof,1,markthemark.bsky.social
did:plc:l55sw6k4xw5mrmce2k5eesye,1,joat3.bsky.social
did:plc:l57s36dhg44auqtla33ewor2,1,cnr-isp.bsky.social
did:plc:l5kcq6t7pjuvp43odnu3b7ox,1,ceona.bsky.social
did:plc:l5lyjtzvlwmnyhi2bn4cxiyk,1,puppymelia.bsky.social
did:plc:l5xbeg3tz4gofifyw6fud5b2,1,chrisbee.bsky.social
did:plc:l63ppfyyd55nd2pdlnwmc4mo,1,ceona.bsky.social
did:plc:l6nectt5bcvbjgz3zrzaoqps,1,puppymelia.bsky.social
did:plc:l6noauretqegbhct2zbafvy2,1,cvenash-vishneri.bsky.social
did:plc:l6o56cetwgdchvwd76e6f55m,1,cnr-isp.bsky.social
did:plc:l6olk7x4uv6jnitihfffrbwz,1,cvenash-vishneri.bsky.social
did:plc:l6rfnvz5lp3iet6wclscqiww,1,markthemark.bsky.social
did:plc:l6s2avqll2ginzsgisi5drez,1,cvenash-vishneri.bsky.social
did:plc:l6ym7mdscfdq7ge2oi3b2k4p,1,myosot.bsky.social
did:plc:l6z6zp26hrxbhu3sxl5dgprc,1,joat3.bsky.social
did:plc:l7egqozmchudjc45gvjm5kdg,1,cvenash-vishneri.bsky.social
did:plc:l7etmpuwgfflcq6x2jqjq7g4,1,markthemark.bsky.social
did:plc:l7g3kelgnzhown7sql25lxox,1,chrisbee.bsky.social
did:plc:l7ltzfcq62gnaxa5yhd2726q,1,chrisbee.bsky.social
did:plc:l7ot64dqoggct4beiyaxdggo,1,myosot.bsky.social
did:plc:l7p2mdeahq45untzsg2m3myr,1,miraschino.bsky.social
did:plc:l7pohwhtzbmjnrrpuyyigufz,1,puppymelia.bsky.social
did:plc:l7rcwxqhdpu6kz7jhtoatvq2,1,convenor.bsky.social
did:plc:l7wu5ly4mkzjur2by5ddp6ay,1,joat3.bsky.social
did:plc:labdiflxas4nb3uh2m4xn5ht,1,joat3.bsky.social
did:plc:ladv2dmacu7us2defldlusb3,1,markthemark.bsky.social
did:plc:lag6bz7qenw6nzdvqyj7exfp,1,cvenash-vishneri.bsky.social
did:plc:lanfj5awh3lbrt6is3udeydq,1,ceona.bsky.social
did:plc:lanh2elqvhknnhhvnvf52r62,1,joat3.bsky.social
did:plc:lawurgidxfzddjja4e4rc2io,1,convenor.bsky.social
did:plc:lbfrpodz2gxszcuab62pue4p,1,convenor.bsky.social
did:plc:lbpwckqjbv765drxkohgf5ni,1,markthemark.bsky.social
did:plc:lbq3fne6i7blcj3tv7d3k4n3,1,cvenash-vishneri.bsky.social
did:plc:lbqzm7pu6h3prvsm4dzakiem,1,ceona.bsky.social
did:plc:lbut32xc4hq2eyuo4iarokd5,1,puppymelia.bsky.social
did:plc:lbwehyzd3nue3g775gizih5l,1,chrisbee.bsky.social
did:plc:lbwir4dc7fnuudko6lugw424,1,myosot.bsky.social
did:plc:lbxiqi53dk4ysw26evsaqeur,1,chrisbee.bsky.social
did:plc:lcihzfyfsvdwxkhqfk6qpppu,1,puppymelia.bsky.social
did:plc:lcillhtj5ynkkqrwypu7lhca,1,miraschino.bsky.social
did:plc:lcn3dwmi7wbnoivlqlsiik5c,1,markthemark.bsky.social
did:plc:ld3dtdfxnjrmnbkpwx3l3dhm,1,cvenash-vishneri.bsky.social
did:plc:ldee3v5bj3gyeu54cnw62npf,1,markthemark.bsky.social
did:plc:ldgorfs2wvknbdj7m2s6a7vr,1,cvenash-vishneri.bsky.social
did:plc:ldgw5t6qrlr4n4s6cbdfmzn3,1,joat3.bsky.social
did:plc:ldqecrieb3zzwhwoxyuvlpek,1,convenor.bsky.social
did:plc:ldxdbv2cclglgrash5n3qglx,1,markthemark.bsky.social
did:plc:leds3zuxgs242glsuyz2t43a,1,ceona.bsky.social
did:plc:ledumho5ehxts5rz5oefbfeo,1,myosot.bsky.social
did:plc:lefoxcyigdmlxbp64y2wausm,1,markthemark.bsky.social
did:plc:lehcqqkwzcwvjvw66uthu5oq,1,markthemark.bsky.social
did:plc:leqe72hsrzgu63acbwx4xuqo,1,myosot.bsky.social
did:plc:levpdxpylqrfa2lhm7bjntnm,1,myosot.bsky.social
did:plc:lexccdqulnw7es7mse4ebn3c,1,markthemark.bsky.social
did:plc:lf44yuqfyi3ilxxfqudsqqc2,1,ceona.bsky.social
did:plc:lf7bhftaro3ard6bg4rho7ny,1,puppymelia.bsky.social
did:plc:lfbrivgoeqw3faqf5fj56rdl,1,ceona.bsky.social
did:plc:lfgyaigs54niybkw2x72575q,1,miraschino.bsky.social
did:plc:lfjyglexa7eg7qwxboqaoprh,1,puppymelia.bsky.social
did:plc:lflj35yqbxq6vmvvv4vyep4r,1,joat3.bsky.social
did:plc:lfp5icuv4ql6bcf7qdpggond,1,ceona.bsky.social
did:plc:lfq6qjhbyn6nytj5wwoefj55,1,chrisbee.bsky.social
did:plc:lg2is3bh2qsvpcnou4uia3x2,1,miraschino.bsky.social
did:plc:lgbd6bqefrwqwoxjv6m5gloi,1,puppymelia.bsky.social
did:plc:lgg6brspqsio7mkxipkuhfls,1,ceona.bsky.social
did:plc:lgl4yykvtk7u4xfagqb3fuuq,1,myosot.bsky.social
did:plc:lgmi7gohtr7znobqhmamfhpw,1,convenor.bsky.social
did:plc:lgnrucgjpiskjpaebtc4g7f5,1,cnr-isp.bsky.social
did:plc:lh7oriezec4dodwazx2hvfhe,1,convenor.bsky.social
did:plc:lhgcwffydt2esxmnnm5dvxqd,1,joat3.bsky.social
did:plc:lhib63je3nc4btcmbr4xvdnr,1,joat3.bsky.social
did:plc:lhji3iesexfwhoogszyc5xwm,1,ceona.bsky.social
did:plc:lhqduvmyiivgjig53enya35q,1,chrisbee.bsky.social
did:plc:lhs3t7tho6dpdblfzls25yai,1,joat3.bsky.social
did:plc:lib7o5clkyzbwpxnlcbpbzuc,1,chrisbee.bsky.social
did:plc:libhp5xjgedqwzktwazv4dik,1,miraschino.bsky.social
did:plc:lifeaeudtsy7awuxbsslfqim,1,myosot.bsky.social
did:plc:lij3nqjocs66oow4gulkaipu,1,convenor.bsky.social
did:plc:lj5bjcarajrg2qwifkj4w7tx,1,convenor.bsky.social
did:plc:ljaeahu2lfplhlkrj7g3ag7i,1,miraschino.bsky.social
did:plc:ljaulhpfvt64fbcazaaw7scr,1,markthemark.bsky.social
did:plc:ljgbjunjbdhnvpox7m6y3w5w,1,chrisbee.bsky.social
did:plc:ljgpk62ibvpc2hzuu5yuq7sx,1,cvenash-vishneri.bsky.social
did:plc:ljk4jnwatf6s4ojs6qhww6x7,1,miraschino.bsky.social
did:plc:ljlojgkp2z4t2i5hlcgeypqg,1,convenor.bsky.social
did:plc:lkeav2zzggrixdy7qo5rreww,1,chrisbee.bsky.social
did:plc:lkonzvfcpprmns3hctnovp5y,1,cvenash-vishneri.bsky.social
did:plc:lkvrabjcnztzl3nsbzj53tal,1,cvenash-vishneri.bsky.social
did:plc:lkyhqocxaxemokytpa42ghrc,1,myosot.bsky.social
did:plc:ll4oiruljbnzik73vxoagq6g,1,joat3.bsky.social
did:plc:ll54q6vh3u7ty7zprmk3gdoq,1,markthemark.bsky.social
did:plc:llaypy4jt6ixzsinyiq7love,1,puppymelia.bsky.social
did:plc:llf4lduqc564lcsplu73mvza,1,joat3.bsky.social
did:plc:llf6c6re5segcb6oht34otmu,1,cvenash-vishneri.bsky.social
did:plc:llj43xeqfroycvrqgqgdxkyi,1,joat3.bsky.social
did:plc:llsuu37ak3lqjcfvma62fto5,1,cvenash-vishneri.bsky.social
did:plc:lmbxso3m2pb6wnkr2fosvdds,1,joat3.bsky.social
did:plc:lmefchmgrr6cnsltiiuja7jo,1,puppymelia.bsky.social
did:plc:lmfldtcezfomss75qz7kdns7,1,cvenash-vishneri.bsky.social
did:plc:lmu22cznjn2h2upyb3os4u4c,1,cvenash-vishneri.bsky.social
did:plc:ln3tilacdlm63zttlvafjajm,1,cnr-isp.bsky.social
did:plc:ln5ck5bwfwa7aqu3ointyamy,1,miraschino.bsky.social
did:plc:ln5trg55humrmkdmh7yr5q3k,1,convenor.bsky.social
did:plc:lne2vmul4dgpmklulr67sx7y,1,joat3.bsky.social
did:plc:lnfg7nuotdfjwruyomwycm5l,1,myosot.bsky.social
did:plc:lnuv3nwlrqevfz7abtz7s3te,1,convenor.bsky.social
did:plc:lnwdr75bum2u46g5zyumrcix,1,ceona.bsky.social
did:plc:lnwmqrfgb6ql374pqcatsuim,1,markthemark.bsky.social
did:plc:lo4rjpti2z3xl3obsfohpbo3,1,chrisbee.bsky.social
did:plc:lokqwhdc3dihfjxf5fiif33w,1,markthemark.bsky.social
did:plc:lorqjms3ofhj62dqsnsgawgi,1,joat3.bsky.social
did:plc:loscjhuzf6wx5omlgmia5qfc,1,chrisbee.bsky.social
did:plc:lou3526cyeksnl7paawsx74r,1,cvenash-vishneri.bsky.social
did:plc:lp3e77mdabccgcprvoxsn7zp,1,joat3.bsky.social
did:plc:lp7dtayktotyb3a4yb347ed2,1,puppymelia.bsky.social
did:plc:lpbwqz6vob2472iyra6usdm7,1,miraschino.bsky.social
did:plc:lpubl44fjl5jayoyqzf64pdr,1,ceona.bsky.social
did:plc:lpwgc4dll3o7yv36etfal3on,1,ceona.bsky.social
did:plc:lqgrqwnuf2tcnxckbrl2kjed,1,ceona.bsky.social
did:plc:lqh7woblugjx5cs3l4hylrxp,1,markthemark.bsky.social
did:plc:lqhyjieenfgh6kmb2q75px53,1,markthemark.bsky.social
did:plc:lqmkhaowowft32ap6bgdppgd,1,puppymelia.bsky.social
did:plc:lqwk3ei3uwemjrvygsc6pjt2,1,ceona.bsky.social
did:plc:lqydr643ptzsjlxxeu5mrlym,1,puppymelia.bsky.social
did:plc:lqyhrrrf7amvzxt25c5ulmn3,1,cnr-isp.bsky.social
did:plc:lqyudu2xl2qfksfbza6uyboh,1,convenor.bsky.social
did:plc:lr56eiw4wz6gelsdlpog3gqo,1,miraschino.bsky.social
did:plc:lramywa3zq6icaphp7aora5p,1,puppymelia.bsky.social
did:plc:lrbssqm7itumf2nrywayd4gv,1,chrisbee.bsky.social
did:plc:lrdywcr7ve5q33wjk3vh7htv,1,miraschino.bsky.social
did:plc:lrfapunwg5trd7e2r3ccfqwc,1,puppymelia.bsky.social
did:plc:lrphxvv25aibthe7xoc2eeyy,1,ceona.bsky.social
did:plc:lrti4fvhbxgrvk4deyt6pwgk,1,myosot.bsky.social
did:plc:ls23c2mloh3unjwbwl72fx2k,1,myosot.bsky.social
did:plc:ls3t4fsozk5m57wvabn7tmlh,1,joat3.bsky.social
did:plc:ls6aol47vecbt5ypslsjfe7n,1,puppymelia.bsky.social
did:plc:lsepnhzo3pdlwofftvccwc76,1,convenor.bsky.social
did:plc:lstztnjatjo3d7upws7ew5yb,1,ceona.bsky.social
did:plc:lstzudvzirod25xqlqyy4quh,1,chrisbee.bsky.social
did:plc:lsxlezz5azs62gcyeeskolrz,1,myosot.bsky.social
did:plc:lt6q24u7o2p2biji6rkqorj7,1,ceona.bsky.social
did:plc:ltivjmbpum4hdd6nqj3so5o3,1,cvenash-vishneri.bsky.social
did:plc:ltm5fmzile63wpfyuubivszh,1,convenor.bsky.social
did:plc:ltozyowi3y4pemjx7f6idsy2,1,joat3.bsky.social
did:plc:ltrq2cybsjistzk33ofva7p2,1,ceona.bsky.social
did:plc:ltt6eghkbu3zv7hyf2nlzhcc,1,ceona.bsky.social
did:plc:lu4pf4e7pzbmj4r6qsifkpbr,1,miraschino.bsky.social
did:plc:luackutusnmxwjfxvtam3x7a,1,cvenash-vishneri.bsky.social
did:plc:luoipcctclh5fy4d5usnqd6t,1,convenor.bsky.social
did:plc:luqjhem4kg4miklh3wyuyxwa,1,chrisbee.bsky.social
did:plc:lutwqz5oomzxpe4wcffu6e74,1,cnr-isp.bsky.social
did:plc:luwfwkwq2uivgzhvce5rwuwo,1,convenor.bsky.social
did:plc:luyxdhfon3mo5n4xxu75mvar,1,joat3.bsky.social
did:plc:lvdxw7lsknvhmbifbm2cmfsm,1,myosot.bsky.social
did:plc:lvekqdp7fyzf7exugjw7slwl,1,ceona.bsky.social
did:plc:lvgm6rnonn4t3javrqbbqcsp,1,cnr-isp.bsky.social
did:plc:lvgofxnakofmb4aoxxjgyayc,1,ceona.bsky.social
did:plc:lvrepfl7dzqplsf2h4qkluwx,1,cnr-isp.bsky.social
did:plc:lweub757vx6ecovd7csurv7o,1,cvenash-vishneri.bsky.social
did:plc:lwhbdld4x7c557vszdr2qyvq,1,miraschino.bsky.social
did:plc:lwodylitevat4wulznkzwbl5,1,chrisbee.bsky.social
did:plc:lwsucxv535iqy7kz3c6ppca4,1,markthemark.bsky.social
did:plc:lwvjio7rxo2am62nonpap2vb,1,joat3.bsky.social
did:plc:lx4bk5fi6z3x5upsfwmrr74k,1,ceona.bsky.social
did:plc:lx6kwluz77igrekw6uglorim,1,convenor.bsky.social
did:plc:lxid5bd2zxkrgx47uy74txsy,1,convenor.bsky.social
did:plc:lxkh2qpl27fc5wqa4hqlw2co,1,chrisbee.bsky.social
did:plc:lxm4gh3ck7wh7wn2dux3boj3,1,puppymelia.bsky.social
did:plc:lxuudbatzproc2trtk6kazqv,1,ceona.bsky.social
did:plc:ly73seidwvjk2i2i7rm7glxb,1,convenor.bsky.social
did:plc:ly7qqnhzb7fckiv6zwltz3xv,1,markthemark.bsky.social
did:plc:lycpxi62zdswvf5smbrh5i6v,1,chrisbee.bsky.social
did:plc:lydz57eik2tna7srurdyz4eh,1,cnr-isp.bsky.social
did:plc:lye6osu76wtsdbnovordolkg,1,cvenash-vishneri.bsky.social
did:plc:lyl6hoxf5sl2qfixamf63dav,1,cvenash-vishneri.bsky.social
did:plc:lymzh2dxwzgjibwhgvwxhwla,1,ceona.bsky.social
did:plc:lynadsoiqohf2zwfu5i3lo4a,1,myosot.bsky.social
did:plc:lyr2nmjy7wmxadcfqdewmh7j,1,cvenash-vishneri.bsky.social
did:plc:lysqukqdu6hsrhet5v2brjgo,1,cvenash-vishneri.bsky.social
did:plc:lz3czbyisnkzy3i64mzihyd6,1,miraschino.bsky.social
did:plc:lz5rhxztowk5udweds3cooox,1,myosot.bsky.social
did:plc:lz7ljnzdyynzydou3evfsega,1,miraschino.bsky.social
did:plc:lzjiayojmwxy6v6rplgrbpo2,1,myosot.bsky.social
did:plc:lznzi4kpjlzndmskznqcderc,1,cvenash-vishneri.bsky.social
did:plc:lzsaweb7mvei5bbazo5szhhx,1,ceona.bsky.social
did:plc:m26d4rhcrotlbf2h74dpv7iz,1,joat3.bsky.social
did:plc:m26menikq6hgo32x6v4ah57s,1,miraschino.bsky.social
did:plc:m2ilc3goduz5hqrwx5n6jr3e,1,myosot.bsky.social
did:plc:m2jdc5qv7ptqvrb7ihzillzw,1,cnr-isp.bsky.social
did:plc:m2tdiw6yphtre6p6m6skgzo6,1,convenor.bsky.social
did:plc:m2tdkvxjd2juq2pnl3qa44om,1,ceona.bsky.social
did:plc:m2xztcywhn6pcnxurpfxsvcn,1,joat3.bsky.social
did:plc:m3el5lhanzovl7b5vtpt2kkc,1,miraschino.bsky.social
did:plc:m3ky7lunnsgjehwqi2j4xy4w,1,myosot.bsky.social
did:plc:m3nm637o2kv23aqdrklet4bu,1,miraschino.bsky.social
did:plc:m3ydq4upfgi33qwa5sbhj6ft,1,cvenash-vishneri.bsky.social
did:plc:m4aseqqn3qbqs2h4o75cbovw,1,ceona.bsky.social
did:plc:m4c5xc5mcclqoudfs3qkf2bl,1,myosot.bsky.social
did:plc:m4hcx7fornr745oorfsvhslc,1,joat3.bsky.social
did:plc:m4kf5owa6jxhz4mysdikfy2j,1,convenor.bsky.social
did:plc:m4oniojqmvnpjfyjlqwbhkm3,1,convenor.bsky.social
did:plc:m4t4prusopnk4wjt4ehg22q4,1,ceona.bsky.social
did:plc:m4t6rokami3px6hcwalbanyz,1,myosot.bsky.social
did:plc:m4tx7xfe2fonrjncvcykelnn,1,ceona.bsky.social
did:plc:m4wftum27o7gwzxlzovf7sgf,1,cvenash-vishneri.bsky.social
did:plc:m4wgusccoue3s2q6fdpi7bpv,1,puppymelia.bsky.social
did:plc:m565h6d73cqslopa4u6jcwpj,1,joat3.bsky.social
did:plc:m57njlrzjtqccpp3a4plmq5c,1,markthemark.bsky.social
did:plc:m5jqe5bcja3ydedid2l5kel7,1,cvenash-vishneri.bsky.social
did:plc:m5lhbslgihgjen4727p4kssz,1,ceona.bsky.social
did:plc:m5q5wolju4bg4bp5uu3npair,1,ceona.bsky.social
did:plc:m5smvnev5euewxsd4k77yz5s,1,cvenash-vishneri.bsky.social
did:plc:m5znistidqmkhgjp46fceati,1,convenor.bsky.social
did:plc:m62haig7sbwsz4jljkqcg37x,1,cnr-isp.bsky.social
did:plc:m632j2krngq3qxcomifscmp2,1,chrisbee.bsky.social
did:plc:m63vxeft4ohzqvnlcth3v4ul,1,convenor.bsky.social
did:plc:m65huevv2wyjojijfutgvcxh,1,cnr-isp.bsky.social
did:plc:m65ifh7vn5zdgs7izcmht4gy,1,convenor.bsky.social
did:plc:m6a5l65lrxlufydqm4a7durz,1,convenor.bsky.social
did:plc:m6zagi3htdcukgr5efm7l3pk,1,chrisbee.bsky.social
did:plc:m7j6c6spyt4a7fsxzfl5msx7,1,cvenash-vishneri.bsky.social
did:plc:m7sc3punlbce7247nqzm4zqz,1,chrisbee.bsky.social
did:plc:m7uq6rnoa2uobee7sop2er5d,1,chrisbee.bsky.social
did:plc:m7us6tnewncy5t4fsickp4sp,1,cnr-isp.bsky.social
did:plc:m7wpmzf2siheojpguvrcjm3f,1,miraschino.bsky.social
did:plc:ma3l3ei3wuco7h4pv3gufojc,1,chrisbee.bsky.social
did:plc:ma4byrtm7yd4apk2ojiku3kz,1,ceona.bsky.social
did:plc:ma7lt7v5dr4faze2khojtmoz,1,joat3.bsky.social
did:plc:mab7vuusch2uaf42znpfq4v5,1,cnr-isp.bsky.social
did:plc:mat6mxjku5uyzcciltfs2fgk,1,joat3.bsky.social
did:plc:maumw4frhhoawwqbfjwcmy4m,1,myosot.bsky.social
did:plc:maxpxzhyivbgyz7voaaklszw,1,cvenash-vishneri.bsky.social
did:plc:mb2kj66to4w7a6qovk4n3gzg,1,cnr-isp.bsky.social
did:plc:mb6xvbmpr2y6xqanxr6kcq7w,1,ceona.bsky.social
did:plc:mbke3jqkzra7f4xuawb3s46w,1,puppymelia.bsky.social
did:plc:mbsghzjmlh7iofqgalplbw4w,1,markthemark.bsky.social
did:plc:mbw66iltuj6qcudf7wzntkbu,1,markthemark.bsky.social
did:plc:mbxbalxrd4dak4xnulhsj64q,1,cvenash-vishneri.bsky.social
did:plc:mc4k4aky7u6fxt5odlf7r2cl,1,cvenash-vishneri.bsky.social
did:plc:mch6bvgoyi4h5xapzy6dloo6,1,ceona.bsky.social
did:plc:mchcd6ltfcnxw7ydhlawtpoh,1,chrisbee.bsky.social
did:plc:mci6csnavxk2swhqmrjsttdx,1,convenor.bsky.social
did:plc:mcp24p54nhyi625scajdckbn,1,miraschino.bsky.social
did:plc:mcsj4svo5xra4unizye72d4o,1,chrisbee.bsky.social
did:plc:mcwos3gjq2uzhtpmuvzhwk24,1,ceona.bsky.social
did:plc:mdaymbotinmutsaliy3wgxj4,1,joat3.bsky.social
did:plc:mdemthkp5hjpias5gpc2znde,1,cnr-isp.bsky.social
did:plc:mdikrr3rjj27cgoenotfzj2j,1,convenor.bsky.social
did:plc:mdjhvva6vlrswsj26cftjttd,1,cnr-isp.bsky.social
did:plc:mdovvrbiv7qz26hlcyywphsn,1,convenor.bsky.social
did:plc:meahz4jzfyksx7fuock3u3zd,1,puppymelia.bsky.social
did:plc:mebbzoshsbzhnpeotwsspivs,1,joat3.bsky.social
did:plc:meebc75altsav3pgyz4b3g5o,1,myosot.bsky.social
did:plc:meeqsjtk2rb5ygzm3qygcvr3,1,joat3.bsky.social
did:plc:mencpxk4spd3xn3qotwkyyqf,1,cnr-isp.bsky.social
did:plc:meppyotfyq3ifu6kizjec4qy,1,miraschino.bsky.social
did:plc:metos4p2yzc3tcdu6h7kszfz,1,markthemark.bsky.social
did:plc:mf6x4tcxia23iqiflhqtv2dg,1,convenor.bsky.social
did:plc:mf72aw3sgu2yl7dmdpx6k7f4,1,convenor.bsky.social
did:plc:mfam7sumoyb6lmiemlmhrwup,1,miraschino.bsky.social
did:plc:mfk3ah6qycadicgfc66usgui,1,miraschino.bsky.social
did:plc:mflagjqmkons2hxtdgtyh64x,1,cvenash-vishneri.bsky.social
did:plc:mfqgoekfxx6rz6h55oxvd7n3,1,ceona.bsky.social
did:plc:mg4ju45zawofbr7v3rlnpkpr,1,markthemark.bsky.social
did:plc:mg4u2fq2iu5uu5qqlw7bunfd,1,markthemark.bsky.social
did:plc:mg6frd5s4mt7s44vr2ebg7mz,1,convenor.bsky.social
did:plc:mgaztrswj2da4vihutidqonq,1,joat3.bsky.social
did:plc:mgh32keuvrpg4rhiosnaqa7z,1,miraschino.bsky.social
did:plc:mghgntqux3lxr6hkdfy2fkl5,1,puppymelia.bsky.social
did:plc:mgiyalmgx5i744gvvlbbyxwn,1,myosot.bsky.social
did:plc:mgji4ksywrqdfao3mvlrxasu,1,cvenash-vishneri.bsky.social
did:plc:mh2eyxbxy4d5l2fwsh24v6hn,1,cnr-isp.bsky.social
did:plc:mh4d335kwsp4spkvoqpwqduz,1,joat3.bsky.social
did:plc:mh4r3qm2rm5s2dhqirynz3mf,1,joat3.bsky.social
did:plc:mhgde2ebrpwklpnkjjtv2dqk,1,cvenash-vishneri.bsky.social
did:plc:mhhi4zmivkmxitd4s4pi6vvo,1,markthemark.bsky.social
did:plc:mhij6im5eupenrhryylaqxml,1,markthemark.bsky.social
did:plc:mhjvrkgspsy3i7ltscns2fix,1,cnr-isp.bsky.social
did:plc:mhnwl6pcogvh2vfbxvdtpo33,1,myosot.bsky.social
did:plc:mhs6smrcfeuxuqde6jvcc577,1,chrisbee.bsky.social
did:plc:mht47fwowze7ni44y7bdd7xc,1,cvenash-vishneri.bsky.social
did:plc:mhy4crmq4dnugv4d5kuwetr7,1,miraschino.bsky.social
did:plc:mi6gec7htvi2vmanyzowpl4y,1,cnr-isp.bsky.social
did:plc:micsrpqbkbxqxnh22dcfue2l,1,markthemark.bsky.social
did:plc:miczfsfixolk42l7343z3bpd,1,puppymelia.bsky.social
did:plc:mikop5oyeb6g4bk454mhozvu,1,puppymelia.bsky.social
did:plc:mimkrq6rjyjjywyl5o2j2obv,1,convenor.bsky.social
did:plc:mimn7uegk74zpxdofnt5c5cj,1,convenor.bsky.social
did:plc:mizgzcot5lgaw3e6qmj4jy4f,1,puppymelia.bsky.social
did:plc:mj4x6midcgtwrwkvmgffzuqq,1,cvenash-vishneri.bsky.social
did:plc:mj5wvn76yu3oddmmqcyknyle,1,convenor.bsky.social
did:plc:mja3drhkef5qk7m5o7fnbn4z,1,puppymelia.bsky.social
did:plc:mjhkuitzezstnscjiusyfo2r,1,ceona.bsky.social
did:plc:mjk53owh56uxnh3bp6bv5tac,1,miraschino.bsky.social
did:plc:mjm6nepltkiwsi4llj4l72g3,1,cnr-isp.bsky.social
did:plc:mju4xjcmidtvzfm6mb4hvnoq,1,convenor.bsky.social
did:plc:mjxxl6eubld2nrhsut7odei4,1,puppymelia.bsky.social
did:plc:mjzpnl36q2qchyndlmy33if2,1,puppymelia.bsky.social
did:plc:mk3ctadn2so6suo7cmy5evx4,1,joat3.bsky.social
did:plc:mk7qlghvwdjjayu5x3bo3lx2,1,myosot.bsky.social
did:plc:mkaqnogriy7wqvn2qdzitzf5,1,joat3.bsky.social
did:plc:mkhhr46uw2bzj4dtxqfoks5a,1,myosot.bsky.social
did:plc:mkjch57evxvuj6kq4wt6hhav,1,cnr-isp.bsky.social
did:plc:mkoutpyn4mdyo4q66nz4wa4q,1,miraschino.bsky.social
did:plc:ml2ajfmtht25jberz5d4nkoi,1,miraschino.bsky.social
did:plc:mlan7kocyn37uzb25btjt2cc,1,cvenash-vishneri.bsky.social
did:plc:mlk6og5kv7h6gri4xlppmmhi,1,chrisbee.bsky.social
did:plc:mlnht6wmpll5dyboumz3b76f,1,convenor.bsky.social
did:plc:mltlya2hmgdpgdnpggfeqdrs,1,miraschino.bsky.social
did:plc:mm2mvedi3pgijrlrqidmpjfg,1,ceona.bsky.social
did:plc:mm7x25asiun7mh6ahqrtrzan,1,cvenash-vishneri.bsky.social
did:plc:mmfu263ygvzvbgoca5qb7d7h,1,cvenash-vishneri.bsky.social
did:plc:mmjmympmlcuexvluef2ep2im,1,joat3.bsky.social
did:plc:mmnegwrcgwwikpcwyzvxjjvi,1,joat3.bsky.social
did:plc:mmqeowvb44ziqvbxdqbqzyen,1,ceona.bsky.social
did:plc:mmsrmpt3bknwxxs63ewoy5zz,1,cnr-isp.bsky.social
did:plc:mmszjy7rdcnehhhve25asi2w,1,chrisbee.bsky.social
did:plc:mmtzhqrd7httoxb4ldbu5nce,1,cvenash-vishneri.bsky.social
did:plc:mna5gz6j6h3wotugrl6uollu,1,chrisbee.bsky.social
did:plc:mnbmvsm44o66nfcpkc5rucoq,1,cnr-isp.bsky.social
did:plc:mnp77f3wdc3e5j6iwhhvvbxv,1,cvenash-vishneri.bsky.social
did:plc:mnrbhmualxzjufqwtykwrvrw,1,convenor.bsky.social
did:plc:mnubcko6nofydilsxb2gc6vn,1,convenor.bsky.social
did:plc:mnyosjdkv5bcis4nnoqm3hfm,1,cnr-isp.bsky.social
did:plc:mobfk2x43qtblb2lcaj4n7sn,1,cvenash-vishneri.bsky.social
did:plc:mobkanqpx2rlpr7vbsjmjlli,1,chrisbee.bsky.social
did:plc:mohfgh4urxxpevzcmrkml7c7,1,puppymelia.bsky.social
did:plc:moianrmdee277ymwf456nxgk,1,myosot.bsky.social
did:plc:mojhr33bx3rw4dxxpehd32qz,1,cnr-isp.bsky.social
did:plc:mokw76uaywmajs4anwqweioq,1,convenor.bsky.social
did:plc:mol4fvkutegffj2oe3usn3oi,1,cvenash-vishneri.bsky.social
did:plc:molr3664kjz43t5gwwrac6vw,1,joat3.bsky.social
did:plc:momuj2nqdhoyhda7qtdh6eg5,1,convenor.bsky.social
did:plc:motjxjc4jusq5zegfvolvp73,1,miraschino.bsky.social
did:plc:mozu7zwhlbs4bmunctaqqs3u,1,joat3.bsky.social
did:plc:mplrl3m2dwt7e5qskne5zpi4,1,joat3.bsky.social
did:plc:mppflrjxf652zmq3zyqpik2y,1,ceona.bsky.social
did:plc:mpvxkjey3aoycg2jleamxdto,1,joat3.bsky.social
did:plc:mqajgyexpdyfzojlwhp64fzi,1,markthemark.bsky.social
did:plc:mqbzoxiuopyy4xoegpcnaaij,1,myosot.bsky.social
did:plc:mqgocqix73ii3okrzzduspjb,1,miraschino.bsky.social
did:plc:mqlqf2vzufeatxp6yw2ipn2i,1,convenor.bsky.social
did:plc:mqsakllxgzh6onq3p4gqmeoq,1,myosot.bsky.social
did:plc:mqu5tb6fsowljcg4ixjemu6j,1,puppymelia.bsky.social
did:plc:mqujneu3w72rq3a3axjqhr6v,1,puppymelia.bsky.social
did:plc:mr7bhkpjcfqaomynzim2fvzk,1,cnr-isp.bsky.social
did:plc:mrganbdjovxtfmjfjw6a7ibj,1,ceona.bsky.social
did:plc:mrr32p45puqq2aqgishgzbn5,1,convenor.bsky.social
did:plc:mrwqplbbndh22zjkidelrwmq,1,cvenash-vishneri.bsky.social
did:plc:mrzkurwfkul52ofdvpp7esgf,1,ceona.bsky.social
did:plc:mrznh7b7kiu3wwttiuylq577,1,ceona.bsky.social
did:plc:ms7h7bhrdye6rp43smy644rx,1,joat3.bsky.social
did:plc:msthjnv6eb5axpwvrbznf6rl,1,miraschino.bsky.social
did:plc:mt2e6tcos4xtlfxy33ycutf2,1,joat3.bsky.social
did:plc:mtaxcamzz5ogyehpcpxvpigg,1,miraschino.bsky.social
did:plc:mtfctq4q7pnrabqbzmjomz5z,1,ceona.bsky.social
did:plc:mthzlheq7uy6grg2xlfuay4y,1,joat3.bsky.social
did:plc:mtm2mybmilsty4oxk3rzwdpj,1,chrisbee.bsky.social
did:plc:mto4ncl6koisfxmju4d3uwqe,1,cvenash-vishneri.bsky.social
did:plc:mtq5d3zcewduxocw7tlzro42,1,myosot.bsky.social
did:plc:mu42g75rwoj5ttklyc7a2wmn,1,cnr-isp.bsky.social
did:plc:mu6p46tg6zipatltjueqelf2,1,cvenash-vishneri.bsky.social
did:plc:mubjdwbgugpigjxygjysvx5d,1,markthemark.bsky.social
did:plc:mugm4l3mfhdgeemfupz3m7vb,1,markthemark.bsky.social
did:plc:muhykyw2u3pumianjrbkpfxz,1,miraschino.bsky.social
did:plc:muligtgja7vxmrea5wjxfjjv,1,cnr-isp.bsky.social
did:plc:mulpjci2cuglde3nw5g3q3bs,1,convenor.bsky.social
did:plc:mumm3iaqfdkq6k4trpv5sh2d,1,cnr-isp.bsky.social
did:plc:muobw7ooi3bfp2ktylfekd2x,1,ceona.bsky.social
did:plc:mupt4qdcws2v3gw2sfhdkqqq,1,joat3.bsky.social
did:plc:murage2nyaaat5dkfdvk2k43,1,ceona.bsky.social
did:plc:muwqb6jhsjlartojjmxzliqf,1,cnr-isp.bsky.social
did:plc:mv4twrhddsvuawel5u6bpxnv,1,miraschino.bsky.social
did:plc:mv7m5ukmki7jvwowpcng2bxy,1,cnr-isp.bsky.social
did:plc:mvos4vt6mmhdpj7avvd2grgt,1,joat3.bsky.social
did:plc:mvp3j2sb27jcwlgiwaxyun65,1,puppymelia.bsky.social
did:plc:mvpup65ek2edpkpehxkb7mng,1,cvenash-vishneri.bsky.social
did:plc:mvuh6a7ijw2rwit6epxhs2na,1,convenor.bsky.social
did:plc:mw2oj5zm5vprejh2gojrybc4,1,puppymelia.bsky.social
did:plc:mw46v7vlyfrxztzzuvfi7xgt,1,markthemark.bsky.social
did:plc:mwalwwuugeyllbwdg7ilmcth,1,chrisbee.bsky.social
did:plc:mwbktjnbkg3fdw476vnbx5en,1,ceona.bsky.social
did:plc:mwe4syowwbrsa3xhkehtahhq,1,miraschino.bsky.social
did:plc:mwvvoxbu6j76obtign7dh4pr,1,myosot.bsky.social
did:plc:mwxupf6cc4uqpepytlhbf5ut,1,puppymelia.bsky.social
did:plc:mwzhv7qcrtbdwrhouswr66k4,1,puppymelia.bsky.social
did:plc:mwzukbz4qbiz4uivjoey7i3o,1,ceona.bsky.social
did:plc:mx2nb6y7hmkheeuylwrva2nu,1,myosot.bsky.social
did:plc:mx55whvvpjffpgpdaqdq2kza,1,joat3.bsky.social
did:plc:mx62ni2prhriaagd7jfa65zk,1,chrisbee.bsky.social
did:plc:mxc7liuon6iq5gzapmmwkq22,1,cvenash-vishneri.bsky.social
did:plc:mxfqjtiwf7mz3gcgayrukntl,1,miraschino.bsky.social
did:plc:mxo4zq3t2thgyr43uzi4jibt,1,joat3.bsky.social
did:plc:mxuc56po5qoju6vf7a7znroz,1,puppymelia.bsky.social
did:plc:mxwdfsrspuwebotykq72ss3q,1,cnr-isp.bsky.social
did:plc:mxzmimrdig5zkvncl6gwu2sv,1,joat3.bsky.social
did:plc:my2bglkosfv4ksolf6a7l7bv,1,miraschino.bsky.social
did:plc:my4nm4gangd2pfpqrmdai6mh,1,markthemark.bsky.social
did:plc:my7voajtn4mqdaznvjqykqmd,1,myosot.bsky.social
did:plc:mycarrpl5w44wpmv36i3eloz,1,joat3.bsky.social
did:plc:mypfysmfia2mqw72s2puhzih,1,puppymelia.bsky.social
did:plc:myuxdgn4ahuxdmfq4cmfv7gf,1,joat3.bsky.social
did:plc:myxkjecgmvvqiyidy5asj3c3,1,myosot.bsky.social
did:plc:mz4nog7rtfpvxjkjk567dsp7,1,chrisbee.bsky.social
did:plc:mzbjdwq2tkhttzjqbu34sa2n,1,ceona.bsky.social
did:plc:mzbqyw5bdz2ppvy5kfnib7wv,1,ceona.bsky.social
did:plc:mzh55kgw7hezsezwk56omu3m,1,miraschino.bsky.social
did:plc:mzjsuxw3vstrcvgbprq5xu26,1,ceona.bsky.social
did:plc:mzku3atsaymukeusj4wfg72m,1,puppymelia.bsky.social
did:plc:mzlpc5bt7v74foiy5mctfggq,1,myosot.bsky.social
did:plc:mzmtoehujifw6wpzlz3hdpni,1,myosot.bsky.social
did:plc:mzvaceo2wxvtmzz4lbottgrt,1,ceona.bsky.social
did:plc:n24x6dowkgnhyccgyxqjpdtx,1,cvenash-vishneri.bsky.social
did:plc:n2ccxzcm5wq5jeitphbszor5,1,puppymelia.bsky.social
did:plc:n2lkcesnk52lr7rsmmqhg3sp,1,cvenash-vishneri.bsky.social
did:plc:n2nv4bokvfithvbd4zjk5fgw,1,chrisbee.bsky.social
did:plc:n2qkf6kmx35b7svepwz3kxuc,1,chrisbee.bsky.social
did:plc:n2waprva65m4ey4qba7fj25l,1,convenor.bsky.social
did:plc:n2zagbvlvalvqga632db5git,1,joat3.bsky.social
did:plc:n32ixg2rngqt4jp5iv4efrb3,1,convenor.bsky.social
did:plc:n32npjfqhz4jalct3g3qe6yp,1,puppymelia.bsky.social
did:plc:n35pk6txrj4dto3ihwaorqju,1,joat3.bsky.social
did:plc:n377neivmhwiqt2bk4kj7mi6,1,convenor.bsky.social
did:plc:n3av4233fye4rf7op7es66zr,1,joat3.bsky.social
did:plc:n3fjp3qstv6wz5pg7equuarw,1,markthemark.bsky.social
did:plc:n3hoxpaz3j4npwwn6r6fx7sz,1,puppymelia.bsky.social
did:plc:n3qkzhu6z7pkzwqtklqe55ud,1,myosot.bsky.social
did:plc:n3rvteozha3zwxdyckdcoqs4,1,myosot.bsky.social
did:plc:n44lbb7svve74mk5e3egbxlb,1,puppymelia.bsky.social
did:plc:n4ih6fd7qvv6sdwaoqvmwtp7,1,puppymelia.bsky.social
did:plc:n4ip34vtuamuuuk5k4yjlw6e,1,ceona.bsky.social
did:plc:n4lh52ctjzfxo5c6tighg6hx,1,joat3.bsky.social
did:plc:n4r5deniyswhy6g7cx43cfkm,1,puppymelia.bsky.social
did:plc:n4vj7t7kr3f6hz5o5it2ldsm,1,puppymelia.bsky.social
did:plc:n53tydjdafgv7vtotajqfgit,1,joat3.bsky.social
did:plc:n56gybbsoccg2wdlgpvc2hnu,1,ceona.bsky.social
did:plc:n5nmrxgo4cgyca5xeiepiwpd,1,miraschino.bsky.social
did:plc:n5ooldglbaligwzoxkn2xpnk,1,convenor.bsky.social
did:plc:n5osxqos2rlj4wpp2zw7qy4c,1,cvenash-vishneri.bsky.social
did:plc:n5uih43botcskdiupqlon6qg,1,joat3.bsky.social
did:plc:n5xyeb5gwwd2u23rc4rtz5nu,1,myosot.bsky.social
did:plc:n6bfrwlkkxwmed7kqzqgq4it,1,joat3.bsky.social
did:plc:n6bqoz2y2yo33vzehasnxrks,1,cnr-isp.bsky.social
did:plc:n6dsvemgitkjbt43oe74mw2u,1,ceona.bsky.social
did:plc:n6t4q6g4762p2go5iczyxcuc,1,chrisbee.bsky.social
did:plc:n6tdg5cuqsnke5znowqjgx3u,1,cnr-isp.bsky.social
did:plc:n6vhc5cyhkopt4wkckq7tiiw,1,cnr-isp.bsky.social
did:plc:n6yddesy2vybddk4xpgzvkjx,1,joat3.bsky.social
did:plc:n6zvq2ruqfue44wrt6dirxww,1,convenor.bsky.social
did:plc:n74wy26n6klbv7xgrndeog7s,1,myosot.bsky.social
did:plc:n7edfsc6casxyvmu7rpfc6sf,1,puppymelia.bsky.social
did:plc:n7eh6am55z7fpbom55hwme5p,1,miraschino.bsky.social
did:plc:n7jrzvloabocmkayy324tyn2,1,myosot.bsky.social
did:plc:n7qmptitg3fcep3mo7uecwb7,1,puppymelia.bsky.social
did:plc:na6zbr3rapt4k5u4c2nmo5tg,1,cvenash-vishneri.bsky.social
did:plc:nadidmav5tyjv6l2vvajtdne,1,puppymelia.bsky.social
did:plc:nag5wkb4s2lf65wxnni3s6wj,1,joat3.bsky.social
did:plc:nambxfif7y5cloilk55b6pmp,1,joat3.bsky.social
did:plc:namnzhjoebjrydedytidabhl,1,miraschino.bsky.social
did:plc:naozy27neqcqqdml6ir4qhk6,1,cvenash-vishneri.bsky.social
did:plc:naqoj5ohckdvcjlhlwa4cgw3,1,chrisbee.bsky.social
did:plc:nbidedxgsyjhu4nmj2jvgnev,1,joat3.bsky.social
did:plc:nbpg7eebfuxu6mxxvrxkizic,1,myosot.bsky.social
did:plc:nbvlfycn4dmwmdnfkbavvwoc,1,cvenash-vishneri.bsky.social
did:plc:nc4zpwncxe52iwu4zcsezdwu,1,ceona.bsky.social
did:plc:ncs4h36ce7sspxo7aimc5so2,1,cnr-isp.bsky.social
did:plc:ncznsbhsmiqcpbvj6dz2jlpn,1,myosot.bsky.social
did:plc:nda37ifqjs4blrknfn4pz46v,1,ceona.bsky.social
did:plc:ndai5tb2xn6mitv6ishpmrps,1,myosot.bsky.social
did:plc:nddwypzvcxe5rfvpki4zp56v,1,joat3.bsky.social
did:plc:ndglohgidzmlo5vbjt5breli,1,myosot.bsky.social
did:plc:ndkwz6vnmuqgnoq7owwwaicr,1,myosot.bsky.social
did:plc:ndo4awogzkw5x4ay367zcp45,1,ceona.bsky.social
did:plc:ndze2yupdcz7gtie2bbga6g6,1,cnr-isp.bsky.social
did:plc:ne42qutojehgfrgyvt276ch2,1,markthemark.bsky.social
did:plc:ne454cutmmpesxbcvkvz375d,1,chrisbee.bsky.social
did:plc:ne66ahyafu6ao6mrbhctvzjc,1,ceona.bsky.social
did:plc:nehvjrqlcz766irejep43jnw,1,convenor.bsky.social
did:plc:nejscld5zlavytijxz27qhvj,1,markthemark.bsky.social
did:plc:neno2ingf4j4rs2fof4giall,1,convenor.bsky.social
did:plc:neowoyos7bpqd46fgrucb7tg,1,puppymelia.bsky.social
did:plc:nertkdgcexeb366lw33hxcfu,1,ceona.bsky.social
did:plc:nes4etret7vzek5ja5dlii4q,1,chrisbee.bsky.social
did:plc:nesbohibqamc3bdlowcrpdsl,1,puppymelia.bsky.social
did:plc:nesig6ex6rg2gvkfmqzz2xp5,1,miraschino.bsky.social
did:plc:nesthe6gbr5vjpwq7enhwq55,1,convenor.bsky.social
did:plc:newczwhg7q6wkadxdpe4lfit,1,myosot.bsky.social
did:plc:ney3ownzhkncw3glssz5r6kc,1,myosot.bsky.social
did:plc:ney74l7epy4jubjsm3z3x627,1,cvenash-vishneri.bsky.social
did:plc:nf66nltcbiomd5u3fpj4b42v,1,chrisbee.bsky.social
did:plc:nfcljwlgezex7qjkalme3kti,1,markthemark.bsky.social
did:plc:nfd7dvlwvkckqnlcozj4q6mt,1,myosot.bsky.social
did:plc:nfeg2cwmindiuqmfvicxvi2n,1,miraschino.bsky.social
did:plc:nfgm4aagt646wv62hdljvmnn,1,puppymelia.bsky.social
did:plc:nfguy3wern2h7geflhvvwvdq,1,ceona.bsky.social
did:plc:nfh3hs4jltvedvqanbqmygrr,1,myosot.bsky.social
did:plc:nfxqlycytaq3k5y6la2m4563,1,puppymelia.bsky.social
did:plc:ng7dmbxfpnpu6g55tbl6zeqy,1,miraschino.bsky.social
did:plc:ng7mce4bq53nt7btxewl6sv7,1,puppymelia.bsky.social
did:plc:ngc3pji2icboc3f5sqbpvnl2,1,convenor.bsky.social
did:plc:ngeb72tbgdfilgcj4q3cjymr,1,miraschino.bsky.social
did:plc:ngoxtcqfsu6l5wx4opmmsolz,1,cvenash-vishneri.bsky.social
did:plc:ngtysdnh634txjs6nx3cdrx4,1,markthemark.bsky.social
did:plc:nh6kqdulovv72kon3qsvnjzg,1,cvenash-vishneri.bsky.social
did:plc:nhb2v3nxk5e2id2iyk5mr24c,1,cvenash-vishneri.bsky.social
did:plc:nhjgfhkktopbp7yqtrhnbi74,1,chrisbee.bsky.social
did:plc:nhqi2c3p7rb76pzy74uhx7kg,1,cnr-isp.bsky.social
did:plc:nhqvuggd6ebasluetrqfab6n,1,cvenash-vishneri.bsky.social
did:plc:nhsnj3xomjg3asa2wz3veoup,1,joat3.bsky.social
did:plc:nhxdfy5qkerixpiza7enqaqq,1,miraschino.bsky.social
did:plc:nhy6bjuoma522psfr62xykbl,1,joat3.bsky.social
did:plc:ni6nqhim4yz5674ynqgzsele,1,myosot.bsky.social
did:plc:nia3twrns3coqmpzml4pml7p,1,joat3.bsky.social
did:plc:nidtzrnzvlnrhnintenulyfa,1,convenor.bsky.social
did:plc:nie65ubxq2xdpsgnar4fzczx,1,myosot.bsky.social
did:plc:ninohzb5blzzfvjnzrskniaa,1,markthemark.bsky.social
did:plc:nitwz5xqzfpszgcdczcioxwi,1,chrisbee.bsky.social
did:plc:nj2ovgwaccdehhgqb4vrqcjd,1,cnr-isp.bsky.social
did:plc:nj4xp6tzp75ovff3o5t57b3c,1,ceona.bsky.social
did:plc:njbc63z6l5mm4ttlcxunlsb5,1,ceona.bsky.social
did:plc:njc4dzu5k2sxgb3wpclnh3jk,1,chrisbee.bsky.social
did:plc:njmlbvtk543fcl64infb4yhl,1,miraschino.bsky.social
did:plc:njq3nb327hwpdl5rpakxzxgl,1,markthemark.bsky.social
did:plc:njtn4pwvg3c76pwserqqgily,1,convenor.bsky.social
did:plc:njyxpfp2rzb7addisbq74epa,1,chrisbee.bsky.social
did:plc:nk4xkpcknf5daijbnxxps3dv,1,ceona.bsky.social
did:plc:nkact5ogt2eje3ozbqnwtr46,1,markthemark.bsky.social
did:plc:nkamy2mdmqyfi2vyog4yhcnb,1,chrisbee.bsky.social
did:plc:nke3mcm3ttbk5q6l5rgoa5z7,1,markthemark.bsky.social
did:plc:nkg7x5hfae6whr45jsed5mco,1,chrisbee.bsky.social
did:plc:nkhzvddfitzw7kqs7uihgdrb,1,cnr-isp.bsky.social
did:plc:nky74dfxjonqtgqhjdwb4ibn,1,ceona.bsky.social
did:plc:nl2p6ivi62ts5gudgj2pql5v,1,puppymelia.bsky.social
did:plc:nl2ubealmrzfzz2groagtpav,1,convenor.bsky.social
did:plc:nl5s4tmxwk7rg5vr3q3fqvlz,1,joat3.bsky.social
did:plc:nl5zvgnewypnmnx6lq3st7wk,1,chrisbee.bsky.social
did:plc:nlef45qd6qaz3u35poyvd7wh,1,joat3.bsky.social
did:plc:nlq6uv3pja3zg5y2cjfzl57c,1,ceona.bsky.social
did:plc:nlqkornjkmp4mx5twudrqtmt,1,cnr-isp.bsky.social
did:plc:nlrncf6r6vdli2annk4ggve2,1,miraschino.bsky.social
did:plc:nluinuhurcdz6n2ghosgw65g,1,myosot.bsky.social
did:plc:nlyjz22gvqunegloetavftz2,1,markthemark.bsky.social
did:plc:nm24necddzsstgswr6whf5ld,1,convenor.bsky.social
did:plc:nmehuk6pn3eiuajowy2om6mh,1,cnr-isp.bsky.social
did:plc:nmguxbt7vy4d4d65w76ohj3k,1,markthemark.bsky.social
did:plc:nmnbwegfw2uvkwbtijlcy6c6,1,convenor.bsky.social
did:plc:nn67jpy6ty37zmce2sn57n7g,1,cnr-isp.bsky.social
did:plc:nn7lqfyysvpbouxzsdwijgot,1,joat3.bsky.social
did:plc:nncu35vtqwqdhoiuxfjhobdp,1,ceona.bsky.social
did:plc:nncunxa2liwsgvedpuvblbhi,1,joat3.bsky.social
did:plc:nndu7adhdrq3uyyfvfyvqu4x,1,joat3.bsky.social
did:plc:nng5lfdkilq6pesxm43n6zul,1,myosot.bsky.social
did:plc:nnjidq4a3mabrvwjwrmxqebr,1,puppymelia.bsky.social
did:plc:nnzpn2jttyhexe432lu2mczs,1,joat3.bsky.social
did:plc:no44ambktsuklgtdc2r2tbo3,1,joat3.bsky.social
did:plc:noaaodbf3a3xmp7ludcn26bv,1,cvenash-vishneri.bsky.social
did:plc:nocsv37yr3hoe5nvsw7ssqsg,1,convenor.bsky.social
did:plc:nogo4wg5o47xze5xtfbdzr6w,1,myosot.bsky.social
did:plc:nohqfbn75g2pkls3n2fwc64l,1,markthemark.bsky.social
did:plc:noiv5ksznesr33juateny4wo,1,joat3.bsky.social
did:plc:nomxxh7qf5wkv2mej6exzvo7,1,convenor.bsky.social
did:plc:nonjml4i5t66dup5zytbhtjb,1,chrisbee.bsky.social
did:plc:nozzh3m6qgmugwkbgvben42w,1,markthemark.bsky.social
did:plc:np246rbm74aevatudfnibvxj,1,miraschino.bsky.social
did:plc:npcubz4gwqu4ohzlbemptmjk,1,markthemark.bsky.social
did:plc:npg3uzqcp6apfhw346ssx3wa,1,cvenash-vishneri.bsky.social
did:plc:npkuewe5l5gb7ply4flgyh4t,1,convenor.bsky.social
did:plc:npkwnojf55ejja2egiuytg6c,1,miraschino.bsky.social
did:plc:nplbk33c6jombeoocb5342id,1,cvenash-vishneri.bsky.social
did:plc:npmnb76giifjb242bkrvursz,1,chrisbee.bsky.social
did:plc:npusyy7ttwejdh6a5xldcjxf,1,myosot.bsky.social
did:plc:nq2l5kj4tsd45qamedpv5tml,1,myosot.bsky.social
did:plc:nqca3hzcqzpakai7jwnlxuxm,1,puppymelia.bsky.social
did:plc:nqfdup3gbvo4be4mm325sf4l,1,cvenash-vishneri.bsky.social
did:plc:nqtxq5fvtx7opcvibsho5345,1,cnr-isp.bsky.social
did:plc:nqu2futate2jytwplto4lbnf,1,convenor.bsky.social
did:plc:nqzqdhfllz43svls6rwrwlpe,1,convenor.bsky.social
did:plc:nr27qeeurtwa35mvbe4nrm56,1,cvenash-vishneri.bsky.social
did:plc:nr55rexy4s2we22j56d4n46b,1,joat3.bsky.social
did:plc:nr7h7eyhtcyamcsm4s47vtbx,1,markthemark.bsky.social
did:plc:nrgm7mwf46qnz6i5xxez2bkv,1,convenor.bsky.social
did:plc:nrhhjxcjif3jnszc36uqhruc,1,ceona.bsky.social
did:plc:nriml3bwdgpknvopryk6tm2d,1,ceona.bsky.social
did:plc:nrna3g6xxmxwtlrto6ifkn3v,1,puppymelia.bsky.social
did:plc:nro7kx7qz6fe4j3mezfqhd6m,1,joat3.bsky.social
did:plc:nrp74hvi7irqemmacziikzoo,1,cnr-isp.bsky.social
did:plc:nrt5s3wf2oiqqdz2hrelluqc,1,ceona.bsky.social
did:plc:nrvqx2mqpmyhlrjjt6drocp7,1,chrisbee.bsky.social
did:plc:nsakitq2z32tjok52mnrnt3x,1,cnr-isp.bsky.social
did:plc:nsdrmt6opveaz46u452xk6gg,1,cnr-isp.bsky.social
did:plc:nstxco76iz477hrvnpdfnhhg,1,ceona.bsky.social
did:plc:nsyqlbwtvzs4iu37szt3ndn5,1,ceona.bsky.social
did:plc:nszswqtrw7miwa6rg4tvjkf3,1,puppymelia.bsky.social
did:plc:nt2pnzjgrnn4yoqiyq6ezbzm,1,markthemark.bsky.social
did:plc:nt5kjvww5ncz5upicrt2rpkq,1,myosot.bsky.social
did:plc:ntbcjcebpeosrqw6i7zys6ov,1,cnr-isp.bsky.social
did:plc:ntcdwswu44gdyyro4ob6wewt,1,chrisbee.bsky.social
did:plc:ntfnnvshud7lxuffdnt555ww,1,myosot.bsky.social
did:plc:ntkmhfthkal4pdey4rt4csyc,1,joat3.bsky.social
did:plc:ntvjzfvbp73jjqy6saeh3cnu,1,chrisbee.bsky.social
did:plc:ntzs3kd6gwgd2w233sricqgo,1,cnr-isp.bsky.social
did:plc:nu43mwzbqswjredocgje5duf,1,puppymelia.bsky.social
did:plc:nucbi6j5u4nqzqeuuygvcqer,1,puppymelia.bsky.social
did:plc:nucbrvfwdbal4iozmbr2tlwg,1,chrisbee.bsky.social
did:plc:nuccyspyff54pudh3ubnvk7a,1,myosot.bsky.social
did:plc:nuqrjelqx4a2ewqzvwekhuro,1,myosot.bsky.social
did:plc:nus3g6mxavfgl7xx6snxfw65,1,chrisbee.bsky.social
did:plc:nut5nf5x6kwa2cwoia4i5xk2,1,ceona.bsky.social
did:plc:nuwfd77n3bc7t3l5baw5qlou,1,cnr-isp.bsky.social
did:plc:nvl3yntjuveklffyz7fsfpua,1,miraschino.bsky.social
did:plc:nvm7cc2o4lh7uibtv2ujsa4e,1,joat3.bsky.social
did:plc:nvnnj7lxrz2ctwfw5fqfzxwy,1,miraschino.bsky.social
did:plc:nvswi5ef23nilp3nibttenmb,1,puppymelia.bsky.social
did:plc:nvxicw5lo2xliep7hbywqsrb,1,myosot.bsky.social
did:plc:nvyfgcrcpxh3zfncyfjt2j2o,1,joat3.bsky.social
did:plc:nw2nhycyt66vy2ysbeumjmkj,1,joat3.bsky.social
did:plc:nwhxilnitrutclmfruwszedj,1,miraschino.bsky.social
did:plc:nwigovjyqr7pgnsh5q2fvg2q,1,convenor.bsky.social
did:plc:nwlwp67nzqlapgdly3xc4mrq,1,cvenash-vishneri.bsky.social
did:plc:nwnlnixtjh3qhkwpz2uy5uwv,1,chrisbee.bsky.social
did:plc:nwpcoeaomtq7spskroe36ljp,1,cvenash-vishneri.bsky.social
did:plc:nwvasd376zu5i2x2olvxen2p,1,convenor.bsky.social
did:plc:nx2hxdrsv3mivqwwvkq7xlqx,1,convenor.bsky.social
did:plc:nx2kxyxako6sobj4g4pdkl6s,1,convenor.bsky.social
did:plc:nx5gxm3hcluuj6zrqfs44lz4,1,ceona.bsky.social
did:plc:nx5lvubxyt5thwmmlfo26vos,1,chrisbee.bsky.social
did:plc:nxb36xbu3fmz476orupk4p6q,1,ceona.bsky.social
did:plc:nxgkqnd2gwlkgcp2aev36sj7,1,puppymelia.bsky.social
did:plc:nxi3xa7q7tfehgjga2tp5grd,1,cnr-isp.bsky.social
did:plc:nxw26yqmltxzr24lkmk3gest,1,cvenash-vishneri.bsky.social
did:plc:ny44hulqpoevceoxv4hfkj7m,1,myosot.bsky.social
did:plc:nymnavyhezdeox4mk3jt7ewy,1,cvenash-vishneri.bsky.social
did:plc:nyns7hspzpogfy2ut4ntzqkt,1,cnr-isp.bsky.social
did:plc:nysvr7sxcnjs7vp4za4i3l5m,1,joat3.bsky.social
did:plc:nzd3ypm6npno76rs2re4ivzf,1,miraschino.bsky.social
did:plc:nzey7464yxjo76jmjyp37ixd,1,chrisbee.bsky.social
did:plc:nztbvvo2gl4227zuxjf7gog3,1,miraschino.bsky.social
did:plc:nzwhf6o4wsmffvhmet6rphs6,1,myosot.bsky.social
did:plc:nzzvnhynkfe6s3rb5fjt2vfi,1,chrisbee.bsky.social
did:plc:o226ujhlcj6anuqigwao4hhi,1,markthemark.bsky.social
did:plc:o26jy6mtpvisgtczsqamxtg6,1,puppymelia.bsky.social
did:plc:o2i4sqsiiqkcnbcntgkexphn,1,markthemark.bsky.social
did:plc:o2oaklbiva6my6zwrr4danfs,1,cnr-isp.bsky.social
did:plc:o2v3gcviwuq4glut3hzvattb,1,cvenash-vishneri.bsky.social
did:plc:o2wuowyvuu6x4nl4ndn2anf6,1,joat3.bsky.social
did:plc:o2y4chmp4l3dyxg3oywmdrsm,1,ceona.bsky.social
did:plc:o2z6vp6o7buhpburzyklyvr2,1,markthemark.bsky.social
did:plc:o32nq6gzd5denpjjws5zizyj,1,myosot.bsky.social
did:plc:o34hlfrabnhm4jiakzlbnrpn,1,markthemark.bsky.social
did:plc:o355zz3t4qlahnqz4qfifbth,1,convenor.bsky.social
did:plc:o3jfn27fho5ucuannlcyod4h,1,ceona.bsky.social
did:plc:o3lr4ndxrbvj2vrcelvak5la,1,joat3.bsky.social
did:plc:o3rvzaukebbc3gs6ctvbxa2i,1,puppymelia.bsky.social
did:plc:o3w5cs54h6ojlnf6taki7imj,1,convenor.bsky.social
did:plc:o3x36wx6kvgmybzodyvrrooz,1,ceona.bsky.social
did:plc:o3yio7escu4uv4n3o5632c7p,1,miraschino.bsky.social
did:plc:o42pm5hviwwe6fwblzcpnn2o,1,cnr-isp.bsky.social
did:plc:o4ahcykv3wvi2uysmhptzrov,1,cvenash-vishneri.bsky.social
did:plc:o4eb2b7sbwtp7fk4hnecsnlb,1,cvenash-vishneri.bsky.social
did:plc:o4i6cewln2kehmkm5rje3phg,1,chrisbee.bsky.social
did:plc:o4iwdvqesqg4mq3ipcdl55de,1,convenor.bsky.social
did:plc:o4w4phnaubmwuxd2qjta36on,1,cvenash-vishneri.bsky.social
did:plc:o52uegjcn3ywna2vryothv2l,1,cnr-isp.bsky.social
did:plc:o54jgdkoimva23vlo2rgytpm,1,chrisbee.bsky.social
did:plc:o5audl7h2xzelnjk5aqufk5y,1,cvenash-vishneri.bsky.social
did:plc:o5dpwl3w6fj2tft6lzdglpev,1,cnr-isp.bsky.social
did:plc:o5dr5ivsp6yqr3uitkjg5dnf,1,convenor.bsky.social
did:plc:o5ijtcvwa6ecrgupow76zpbi,1,convenor.bsky.social
did:plc:o5rvvjh3vttm42weerx635do,1,markthemark.bsky.social
did:plc:o5v2ehhranox5nubskub6424,1,markthemark.bsky.social
did:plc:o6bubqzejmnvjxlllprmcdpo,1,markthemark.bsky.social
did:plc:o6cpbrt7bj3jjdg6dilqgt4r,1,puppymelia.bsky.social
did:plc:o6efcxeemtroyo6jfworilno,1,convenor.bsky.social
did:plc:o6hboegwtcufijncwgksvree,1,convenor.bsky.social
did:plc:o6o2u2byc2cellhzzisujort,1,chrisbee.bsky.social
did:plc:o6rojorkrmukfwgkh7vou3iz,1,cvenash-vishneri.bsky.social
did:plc:o7hqimfywgi4nrz3p3lb2u7a,1,convenor.bsky.social
did:plc:o7oo4zhkpnszst3psyb3gjde,1,markthemark.bsky.social
did:plc:o7skgw7yalfgqnzeoemjhtup,1,cnr-isp.bsky.social
did:plc:o7tamiaxkikk36jilevr2j4n,1,miraschino.bsky.social
did:plc:o7unrsn3crhhz6khwnovuifo,1,cvenash-vishneri.bsky.social
did:plc:o7w7yruxf6wd5trbzpefsesz,1,markthemark.bsky.social
did:plc:o7xehgjom3r62ryumig2chw4,1,convenor.bsky.social
did:plc:oaidqqlzxf4msdhmzhqrirqq,1,joat3.bsky.social
did:plc:oawzkpq3tqbo4loncpkkcu3e,1,cnr-isp.bsky.social
did:plc:obalt57atoxc2zooldtuur75,1,markthemark.bsky.social
did:plc:obg6m2wylsicpkiur2adur3l,1,joat3.bsky.social
did:plc:obhmjh4pbl44pkjvdjd4ncug,1,markthemark.bsky.social
did:plc:obnje55gk3ohs7xycogozame,1,cvenash-vishneri.bsky.social
did:plc:obor2bqaqi3s7ctohnje63o2,1,cnr-isp.bsky.social
did:plc:obzptc2nqs7mssat5sdn6yws,1,puppymelia.bsky.social
did:plc:oc3vbnbvkrc7poqjzmlpdb7w,1,cnr-isp.bsky.social
did:plc:ocmn4mxkd7ee2hyf7xpozixi,1,ceona.bsky.social
did:plc:ocsbmyulc2grbq3esflddyj6,1,convenor.bsky.social
did:plc:ocyrcvx66rc6w2sxvt7on5la,1,joat3.bsky.social
did:plc:od6zwsr6mizdpv3kn3c2pln5,1,miraschino.bsky.social
did:plc:odcpwhwss3hdwt5ac5ljpy2k,1,convenor.bsky.social
did:plc:oddyj2oshvaumlnkh2uglpg7,1,puppymelia.bsky.social
did:plc:ode4z3mkwp6eznnc6rxoj2x3,1,convenor.bsky.social
did:plc:odfqrlx5qtjfl5troxykqd5c,1,joat3.bsky.social
did:plc:odhjmzgbd5k3u72lojwilssh,1,convenor.bsky.social
did:plc:odkh6tx5uqvytghwteylkib7,1,joat3.bsky.social
did:plc:odkpzp45tpcgod5zeqxudg26,1,puppymelia.bsky.social
did:plc:odo2zkpujsgcxtz7ph24djkj,1,miraschino.bsky.social
did:plc:ods532wmh3vhey6735egrojm,1,cnr-isp.bsky.social
did:plc:odzdm6g2spuan67zecbmyjo3,1,cvenash-vishneri.bsky.social
did:plc:oe45xm4mbayigu5jzwfwb7d5,1,convenor.bsky.social
did:plc:oealqz7miodg5npqlid2lui2,1,markthemark.bsky.social
did:plc:oebswumbktnssvm2jtq2zd2c,1,cnr-isp.bsky.social
did:plc:oety7qbfx7x6exn2ytrwikmr,1,ceona.bsky.social
did:plc:oevozslgn33kxkdqxka3dk54,1,chrisbee.bsky.social
did:plc:oevuvayrhxi5kob5xvjc5asa,1,chrisbee.bsky.social
did:plc:oew7j5ihuxuurio6y66y3kwc,1,miraschino.bsky.social
did:plc:of56nmyuqzvjta7qlf7gwht6,1,ceona.bsky.social
did:plc:ofcmf3p4ljomtuqnhdhpjsds,1,cnr-isp.bsky.social
did:plc:og273u5fdwnyaky2ta2qgveo,1,cnr-isp.bsky.social
did:plc:og2uthivya55y62a5auycy7b,1,miraschino.bsky.social
did:plc:og5acl25zwgx66fnncnk3kfp,1,chrisbee.bsky.social
did:plc:ogionmjypmxesynipxeucytm,1,myosot.bsky.social
did:plc:ogvu4tv5sxdu3clzn2gwwpxf,1,joat3.bsky.social
did:plc:oh7zm7wjg7djdg2vp44ps7hk,1,markthemark.bsky.social
did:plc:ohp6s5wsjsugduuzawl7hkc5,1,cvenash-vishneri.bsky.social
did:plc:ohr5amecwoyjs4twvs26vbtb,1,myosot.bsky.social
did:plc:ohrodfohw74wp52rfl7wx435,1,markthemark.bsky.social
did:plc:oi3d53nyehsmdsalzleboo56,1,cvenash-vishneri.bsky.social
did:plc:oi4m7pnu3bmfkxlikshnebf3,1,cnr-isp.bsky.social
did:plc:oie7tqtdvietsew75kvhabio,1,puppymelia.bsky.social
did:plc:oifbwagforp4rvodkvsp66q6,1,puppymelia.bsky.social
did:plc:oihe3zozkztu3yaumk4aw2kx,1,miraschino.bsky.social
did:plc:oiqw43bmuty4jjenztkrhikn,1,ceona.bsky.social
did:plc:oisa2p2kmndemiwe3mugyl7k,1,cnr-isp.bsky.social
did:plc:oisofpd7lj26yvgiivf3lxsi,1,chrisbee.bsky.social
did:plc:oiteb35fnfyyfryrhqdddu5d,1,ceona.bsky.social
did:plc:oivkldboym657bz67ao5vwpj,1,puppymelia.bsky.social
did:plc:oixfnjl3q2jztt7jz7vbozti,1,joat3.bsky.social
did:plc:oj2f5wwq5lrk3oau66cxkfex,1,cnr-isp.bsky.social
did:plc:oj4q3md2iya2ck63kb6ifncb,1,joat3.bsky.social
did:plc:oj5blc3orcaoahohplfbaoz2,1,chrisbee.bsky.social
did:plc:oj5tuhocp54mgchqcbdiivpb,1,puppymelia.bsky.social
did:plc:ojcn6odnq5bezkco5cxennhs,1,cnr-isp.bsky.social
did:plc:ojgdmslvmt45k6x7lhr2w6nr,1,cvenash-vishneri.bsky.social
did:plc:ojivaz77qywbiouukjmheorj,1,cnr-isp.bsky.social
did:plc:ojpjnyxlflvwowdqp6avqkwd,1,ceona.bsky.social
did:plc:ojvtyrrxb3gwscd62vssic4w,1,miraschino.bsky.social
did:plc:ojwaqbq52m6vgbzylst4egqq,1,puppymelia.bsky.social
did:plc:ok3xi43aqqod2roxy5c3utyk,1,cnr-isp.bsky.social
did:plc:ok5m7jt5juj3rtt2fbwkgjdh,1,myosot.bsky.social
did:plc:okcllivvkleedwsmroggepzd,1,joat3.bsky.social
did:plc:okfx2zyg5q3my2qg3wugx25h,1,chrisbee.bsky.social
did:plc:okhcehwe3nb6ozirtexvluri,1,chrisbee.bsky.social
did:plc:okiauamh6r5qe5kzisvawwkr,1,cvenash-vishneri.bsky.social
did:plc:okuwng373l2org3uxcs6ruzb,1,cnr-isp.bsky.social
did:plc:okxkw25sara6w4kybkwuemgg,1,ceona.bsky.social
did:plc:okzdtqkp77qdodx5vlbysa3r,1,chrisbee.bsky.social
did:plc:ol4yi4pxxnvpxhmwecl3mrou,1,ceona.bsky.social
did:plc:ol5kjevn7jqxkjllz4w3rb2u,1,puppymelia.bsky.social
did:plc:olc4znqiq2beifwqnmui2vrz,1,markthemark.bsky.social
did:plc:ole2apx42z7u6a3felhirzea,1,miraschino.bsky.social
did:plc:olfnins2juugu6ljkdvqndjz,1,ceona.bsky.social
did:plc:olleipu5qmduh3vz43dfkmbn,1,cnr-isp.bsky.social
did:plc:olvbmmqrr2qlqvqd4lldikf6,1,cnr-isp.bsky.social
did:plc:olyzxnkxqmoug32suw6dlr4r,1,myosot.bsky.social
did:plc:olzxcsrtavfn3szrcyz6mvpg,1,cnr-isp.bsky.social
did:plc:om4hvfnn7kwrxl4vau2rr7pe,1,cnr-isp.bsky.social
did:plc:om5lcngd6ua2xteuswsusa4m,1,cnr-isp.bsky.social
did:plc:omdcasapga2l3fskdbcvvwpo,1,chrisbee.bsky.social
did:plc:omgxlicdrno7gryueloy2fvn,1,ceona.bsky.social
did:plc:omhhhu7yfmxjqvxz7cemgnc5,1,chrisbee.bsky.social
did:plc:omnbyxmcmuuk66gdmc5aixgv,1,markthemark.bsky.social
did:plc:omwbbsnq7eam62bjf74njs2h,1,cvenash-vishneri.bsky.social
did:plc:omxdpil26ujygcgfuel3otja,1,cvenash-vishneri.bsky.social
did:plc:omy7oy6uzqqsyatgdawskmh2,1,joat3.bsky.social
did:plc:on7vcgiuhkofcp4l6fp7alwo,1,miraschino.bsky.social
did:plc:on7wszae6rd6bkehn4copxny,1,chrisbee.bsky.social
did:plc:onerc23pbpo2arl4y5wvlepo,1,miraschino.bsky.social
did:plc:onnqk5n3i5arwdfxuzipayzr,1,chrisbee.bsky.social
did:plc:oo33chs6mbplep6kwokigti5,1,ceona.bsky.social
did:plc:ooapl6do2c6xxglfxuxgbxae,1,convenor.bsky.social
did:plc:ooc4ftj7z37zxxsijuazq4sx,1,cvenash-vishneri.bsky.social
did:plc:ooharefpvfrkd4wzu4u5v6a5,1,cnr-isp.bsky.social
did:plc:oowodcisw3rhqtnqahjlbb7i,1,myosot.bsky.social
did:plc:op4uxqxwllrjkb3fjnmzwmzm,1,puppymelia.bsky.social
did:plc:op5koqgtbfjn6m4xypa6ijhk,1,chrisbee.bsky.social
did:plc:opb5ehszevfbpi3zczfih3dc,1,markthemark.bsky.social
did:plc:opf5aqbrd527mgg5byzd2ffz,1,myosot.bsky.social
did:plc:opg5jmjap6jxzu72xlz3mmvs,1,cvenash-vishneri.bsky.social
did:plc:opm4ehqffirn5va4y5x3punb,1,myosot.bsky.social
did:plc:opnnmgvzba7l7symuar4hnk7,1,cvenash-vishneri.bsky.social
did:plc:oprhejnhldyxh3fm7t5ychwo,1,joat3.bsky.social
did:plc:opsbktwj35e65vyt3wqm7ngx,1,chrisbee.bsky.social
did:plc:opv2cmqofn6hkpcasgb4kbfk,1,markthemark.bsky.social
did:plc:opwgs7sus54n7hmdth6odc3m,1,myosot.bsky.social
did:plc:opyhjs2t5f25yw2qxhxdaxwi,1,puppymelia.bsky.social
did:plc:opytet572euebuzzufm4inyf,1,myosot.bsky.social
did:plc:oq52fy5an6vvqlyvxxhxvsjo,1,puppymelia.bsky.social
did:plc:oqcxqqvzilu4o5wxhkxmm5lr,1,markthemark.bsky.social
did:plc:oqdwsqwqfj6ot7pmelqw2cut,1,markthemark.bsky.social
did:plc:oqnj4dhayzqxpr5qqv35xi3o,1,markthemark.bsky.social
did:plc:oqpcmzv2ffaqf5p52zzle433,1,markthemark.bsky.social
did:plc:oqxoq7btbkztewuzmallzuvo,1,markthemark.bsky.social
did:plc:or34zs7wminbojeo25pbfebn,1,myosot.bsky.social
did:plc:or7aujdr2q6etoj24gjhtahw,1,myosot.bsky.social
did:plc:orasj4msh545ifhrvbg5x4ob,1,markthemark.bsky.social
did:plc:orbhrgox7l7uycdhyuhygzgv,1,cnr-isp.bsky.social
did:plc:orfzm2gdidawmdrchxpwkelf,1,joat3.bsky.social
did:plc:orgbnkmtfs3l2tzuxf3ocpmn,1,markthemark.bsky.social
did:plc:ormie3tjweyhnqckjlzowoxg,1,chrisbee.bsky.social
did:plc:orpxd6yiqe5jiw43lye5wlht,1,markthemark.bsky.social
did:plc:orzqu7fbfmdorfherqkln25g,1,chrisbee.bsky.social
did:plc:os67t5fhyeag7a4otvv7bggg,1,myosot.bsky.social
did:plc:osiltfnlggdr7s5gkultdrff,1,convenor.bsky.social
did:plc:osjfku6yhvbxjlk64a6d5jyo,1,puppymelia.bsky.social
did:plc:osmnppctmh7pkbtyp7t6pd74,1,ceona.bsky.social
did:plc:oso4bdjawe5fc4otv22ue6xg,1,puppymelia.bsky.social
did:plc:ot3tw4ogzbyu6h3yv5ecdbsl,1,markthemark.bsky.social
did:plc:otc3vesf5koehwig5tabwqyl,1,convenor.bsky.social
did:plc:otk4lxlvthxibdiqssermcgp,1,chrisbee.bsky.social
did:plc:otk6gpkikawbdo7poyrobfqe,1,cvenash-vishneri.bsky.social
did:plc:otplrlw6eolvfdcivqv2cjzt,1,ceona.bsky.social
did:plc:otsodpcuell5gziuu3l7rtbx,1,chrisbee.bsky.social
did:plc:ou4vmpyfpo7md4k7md4pb36t,1,convenor.bsky.social
did:plc:oumelgfi47euv6hx4gfxsacm,1,puppymelia.bsky.social
did:plc:ouosobeoiu6i3k5tviua4aau,1,markthemark.bsky.social
did:plc:our2qn7bzzhhcrncecvfdvja,1,myosot.bsky.social
did:plc:ouux4ye4wb2ea6wixrpgubur,1,miraschino.bsky.social
did:plc:ouyplvrevabpf6wwtqc65kp3,1,cnr-isp.bsky.social
did:plc:ouz6pifo2pbg5zl5fsezoft7,1,puppymelia.bsky.social
did:plc:ovcqkwjayo3lwjbzpupi5rkx,1,joat3.bsky.social
did:plc:ovfntsgob463i3ambvu73a5w,1,markthemark.bsky.social
did:plc:ovpugyrr64zflhfwn74n2pp2,1,markthemark.bsky.social
did:plc:owcsizryev3d4ehe5s4jvkb2,1,joat3.bsky.social
did:plc:owm2v4fdr5wmfp46n5visycl,1,markthemark.bsky.social
did:plc:ownnibpqcdvoub66n2dxn3eb,1,miraschino.bsky.social
did:plc:owuuf6krc2cyflsxopges3gu,1,cvenash-vishneri.bsky.social
did:plc:ox7imszawnevcvgitz4mwopw,1,markthemark.bsky.social
did:plc:oxg7yzwev2xr2pzpao3kkarc,1,convenor.bsky.social
did:plc:oxlzwvn56kcbr5nhhdq7jfni,1,cnr-isp.bsky.social
did:plc:oxoxlw2e2ux3xam6z4w4drie,1,ceona.bsky.social
did:plc:oxtu65jbhmrn23lhfcl7v3bp,1,miraschino.bsky.social
did:plc:oy2ebrbjfsmr3oacqe5mbuw5,1,miraschino.bsky.social
did:plc:oyh4xr7k4kgc3mnrpcbhefba,1,myosot.bsky.social
did:plc:oyhhzd52aapjoz6dgfxzeftp,1,cvenash-vishneri.bsky.social
did:plc:oypw3qkvqicnqahxpzba3rs2,1,cvenash-vishneri.bsky.social
did:plc:oywouo6eiptkj5bhmqxbb66t,1,convenor.bsky.social
did:plc:oz3h5ourskbzi5on7zvzfvb5,1,puppymelia.bsky.social
did:plc:ozhktu5dfjwdmxjqah4tzapb,1,joat3.bsky.social
did:plc:oziekbsxohwxqpqurgshu3fj,1,cvenash-vishneri.bsky.social
did:plc:ozj7lubq42beqddx6lgm2ik2,1,markthemark.bsky.social
did:plc:ozkhppmipasnjngg4rvdxbdc,1,convenor.bsky.social
did:plc:ozq3m77l2ypbyol4jhdcwxvc,1,joat3.bsky.social
did:plc:ozrhqae34vzv6mso2hsym65i,1,convenor.bsky.social
did:plc:oztxy6zekmovnuzgkajjshex,1,chrisbee.bsky.social
did:plc:ozucddw6sa7tv7fsiwukd6di,1,markthemark.bsky.social
did:plc:ozwmxfsrr2bclrxsc6sbi6mk,1,miraschino.bsky.social
did:plc:p22xhs42uuv3qeqwo4uytlcc,1,ceona.bsky.social
did:plc:p274nhadofymq2wdnfibpq3o,1,convenor.bsky.social
did:plc:p2cdncjoaq2kv6atli7m7yhv,1,puppymelia.bsky.social
did:plc:p2edjg4gn3cqs5xcpsr6d6gk,1,convenor.bsky.social
did:plc:p2gsavhzeehomptm4z2z5zdo,1,convenor.bsky.social
did:plc:p2lvr3nwqinmgicyb3caartj,1,markthemark.bsky.social
did:plc:p2ntb3oy7jraxxwgcr5c6wtd,1,cvenash-vishneri.bsky.social
did:plc:p2qknmf3poef6ondc6zm36l4,1,chrisbee.bsky.social
did:plc:p37jh2zubbmaxpqghteyxlgp,1,miraschino.bsky.social
did:plc:p3afpb2qeclwo7fwfrrbk4zg,1,myosot.bsky.social
did:plc:p3b6oxvova67umtvxvgmkj6r,1,miraschino.bsky.social
did:plc:p3eanjol4d2vzgx73ds2f7t4,1,convenor.bsky.social
did:plc:p3edootruwchnlxdf4ck5lh2,1,chrisbee.bsky.social
did:plc:p3hs74f6fjuxy5kykbnkzhnk,1,chrisbee.bsky.social
did:plc:p3ikldz3llnflfdouqsmtvqq,1,cvenash-vishneri.bsky.social
did:plc:p3l6xlmakks4dpiyu3dusm5o,1,joat3.bsky.social
did:plc:p3lpf4yg2i7y5sk5e4w5534h,1,ceona.bsky.social
did:plc:p3uoaih3ak7w6ce5ybntc5ny,1,chrisbee.bsky.social
did:plc:p3vdrhjpqfnrj5523b5dnl7c,1,puppymelia.bsky.social
did:plc:p3yenwxo4ffudvvazpybqame,1,joat3.bsky.social
did:plc:p3yr2aruirnzwf7bwyflrwao,1,convenor.bsky.social
did:plc:p4bdafxchicaouixvkysn5ua,1,miraschino.bsky.social
did:plc:p4bj7jeaphllmji6o7pin4cf,1,miraschino.bsky.social
did:plc:p4cho76ismuzgz4acdwlz7vf,1,miraschino.bsky.social
did:plc:p4rgfmmgacym5woou2p3dz6p,1,convenor.bsky.social
did:plc:p57yxovp3a2tn6t2k4dof7nl,1,chrisbee.bsky.social
did:plc:p5de2nvw6repqwi7arvvqiay,1,cnr-isp.bsky.social
did:plc:p5e3fkt7ytg3sweqmseqsuvy,1,puppymelia.bsky.social
did:plc:p5gdnfojxdkzgtxffhtm2i3v,1,cnr-isp.bsky.social
did:plc:p5pwak3ywzkvnkrxlo2lpehh,1,cnr-isp.bsky.social
did:plc:p5u3rqtgxar2n26i7kh423cj,1,ceona.bsky.social
did:plc:p6cslf443qd4u5elp4vkdwx3,1,puppymelia.bsky.social
did:plc:p6i35rv75homcvvzjslw6amu,1,myosot.bsky.social
did:plc:p6k7m4osdizg33d4fjoagu3p,1,myosot.bsky.social
did:plc:p6m7c7npagd6bdjjcf6a2keq,1,convenor.bsky.social
did:plc:p6mtvqnkkjrau5uxq4gcoou7,1,miraschino.bsky.social
did:plc:p6ngbftwmwv7ctt5sg7wbunq,1,markthemark.bsky.social
did:plc:p6raszwz7vigkiprcwze3sx2,1,cvenash-vishneri.bsky.social
did:plc:p6xsoymzff2xmtkzpd2qs5et,1,miraschino.bsky.social
did:plc:p6yxwwdkw6huohjymf3whhx3,1,myosot.bsky.social
did:plc:p722zofkgbkuhneqbwdqowy6,1,convenor.bsky.social
did:plc:p72oohpz2irllwhwf7jwm4m6,1,puppymelia.bsky.social
did:plc:p75p4japhga6vfrwhypgdhx2,1,chrisbee.bsky.social
did:plc:p76p42d4gpiceldhcpuzkwel,1,cvenash-vishneri.bsky.social
did:plc:p7766jagaetiipdy2pqkrj4x,1,convenor.bsky.social
did:plc:p7eavyugwwfepwfmw5cbcqws,1,joat3.bsky.social
did:plc:p7h4ibzomvl6mwkk2pxopbiw,1,miraschino.bsky.social
did:plc:p7pbwwm57b4l2egqpyl5bfvw,1,convenor.bsky.social
did:plc:p7v4sbtt4tui37l4dkdlstvp,1,puppymelia.bsky.social
did:plc:p7vxon5faq6jhwcyndtfkcik,1,convenor.bsky.social
did:plc:pa3v6d6hcdrxamhpp6lgfns3,1,ceona.bsky.social
did:plc:paf4vetn26bu7uggsie3vyrc,1,chrisbee.bsky.social
did:plc:paflpyhubp4oardfhtyar34x,1,ceona.bsky.social
did:plc:pafro4agydzmbdl4sqacumv6,1,markthemark.bsky.social
did:plc:paiarewnzvld4s3nehqokmei,1,joat3.bsky.social
did:plc:pajchgumudm4l2kijy6anrar,1,myosot.bsky.social
did:plc:pak4k3vxv6nv5wmnlh5qbdnw,1,markthemark.bsky.social
did:plc:pakdcox5jwdtoq4kvut3flql,1,puppymelia.bsky.social
did:plc:paptwd7vlij6uvzoajym5al7,1,joat3.bsky.social
did:plc:payitpphkpx3e6hz7rmazzap,1,cnr-isp.bsky.social
did:plc:pb73vbvwit4phtn7hvuv23yk,1,cvenash-vishneri.bsky.social
did:plc:pb7gp4lz3cslvw4oha36b4fa,1,cnr-isp.bsky.social
did:plc:pbclg7c7srrvagsee7yh5ywk,1,chrisbee.bsky.social
did:plc:pbe673jocojq5ls6rke4jsyi,1,myosot.bsky.social
did:plc:pbfpfpqu7z5aubuo5ouwdgfz,1,convenor.bsky.social
did:plc:pbhmr7hydskbuvhpw2az7ncf,1,convenor.bsky.social
did:plc:pbnedfg3dzkhtbcjvogs7zxf,1,cnr-isp.bsky.social
did:plc:pbp3athxw7d6d34od4vkeqcf,1,ceona.bsky.social
did:plc:pbwwtakvu3qbyvbe4rjuq4cv,1,cnr-isp.bsky.social
did:plc:pbxrcg4lvcb4oo4tlaygrae7,1,markthemark.bsky.social
did:plc:pc2l5gdyjcdv3p6x6abpnk4b,1,joat3.bsky.social
did:plc:pc5wgup35ctlv4rvd4q2ddul,1,convenor.bsky.social
did:plc:pcduwelaizvtvsuf345ig62c,1,joat3.bsky.social
did:plc:pcdwauvutlshn3wn5nwgphrd,1,markthemark.bsky.social
did:plc:pcfc6i2bqugcwxmugauap5gd,1,cvenash-vishneri.bsky.social
did:plc:pcg62ng5leoap5vn5lpxyjl7,1,miraschino.bsky.social
did:plc:pclx4ua34pif3px676vciadk,1,joat3.bsky.social
did:plc:pcsqwfv3j2jwuforc62rsqk2,1,miraschino.bsky.social
did:plc:pctzlgamc7ispjizz4bflq4f,1,myosot.bsky.social
did:plc:pd4wx4ph5jj6gjrmla73erks,1,ceona.bsky.social
did:plc:pdar43bq4nynk7tjqopfpbwe,1,miraschino.bsky.social
did:plc:pdd5iomre72fsc7jv474g5k4,1,ceona.bsky.social
did:plc:pdj2zyzaaowfyprgqrvlxh6q,1,puppymelia.bsky.social
did:plc:pdp3ah6ryw5zpdtegec3m7sl,1,miraschino.bsky.social
did:plc:pdrk6tbwfky47m6pglir2isp,1,markthemark.bsky.social
did:plc:pdv2oclu2t7yhihajryds452,1,cnr-isp.bsky.social
did:plc:pe27jq7h3ypslk2s6zvicceb,1,convenor.bsky.social
did:plc:pe2mljjbkreqauqkpylqi3p3,1,joat3.bsky.social
did:plc:pe2rjq26x2nqordgti4w2bsy,1,cvenash-vishneri.bsky.social
did:plc:pe7tsobjthbqg6l5nv7m4uck,1,convenor.bsky.social
did:plc:peay5gabcmxwkrr5qdvff2z2,1,miraschino.bsky.social
did:plc:pedwyaetruoy2qqnuymcatv6,1,ceona.bsky.social
did:plc:pekg7cp66ljbzprhhftswhd2,1,puppymelia.bsky.social
did:plc:penyw7c2veb7blpdb25gnoyi,1,ceona.bsky.social
did:plc:petapmlvmvod6p2m23pbtcwq,1,chrisbee.bsky.social
did:plc:pfa2jmgo7h2cjlwhlrkdh7fc,1,ceona.bsky.social
did:plc:pfeth44jd25ncmwsshqwraxr,1,cvenash-vishneri.bsky.social
did:plc:pffvr3s723t2y2nmhzecnr6f,1,chrisbee.bsky.social
did:plc:pfhc4gi2zdojyxjwsjiv6rlg,1,markthemark.bsky.social
did:plc:pfng4rdr4ga45wf3wal4be3f,1,cnr-isp.bsky.social
did:plc:pfwhhcgep7vgvonxsvdff6by,1,joat3.bsky.social
did:plc:pg3eju4e7r3fc2nreud3yxq5,1,cnr-isp.bsky.social
did:plc:pg3zlnog4fdtsy4yu6nh46fi,1,markthemark.bsky.social
did:plc:pgae6elebjettn2susqmazh3,1,myosot.bsky.social
did:plc:pgqaczjebyqul6jnolpdstfx,1,miraschino.bsky.social
did:plc:pgrgurdzkk5hxv73ptbpjsap,1,chrisbee.bsky.social
did:plc:pgrqrtjyigyi3h4ygzkhxwkj,1,ceona.bsky.social
did:plc:pgykzweemqhuuzngtofnflmp,1,cnr-isp.bsky.social
did:plc:pgzkzdesai4ia2aollmhouqu,1,cvenash-vishneri.bsky.social
did:plc:ph4ifmjcyo562yqn324pkzcx,1,myosot.bsky.social
did:plc:ph5oa65uhgsdhatjp6icxhzz,1,myosot.bsky.social
did:plc:phnon6k6nx6ilhzay7v2qdwd,1,joat3.bsky.social
did:plc:phrwhxykvoi3zwiasdcaijyi,1,joat3.bsky.social
did:plc:phwwjwi4dtontpif4sie4exx,1,miraschino.bsky.social
did:plc:pi2ae3ke2jswc47pgcmpwh76,1,markthemark.bsky.social
did:plc:pi353ifrlew2gxfcy2ayzwuy,1,joat3.bsky.social
did:plc:pi4upwjkevc3thmjn4k3bqic,1,ceona.bsky.social
did:plc:piisahqyky6jwjfjn6b7citi,1,cvenash-vishneri.bsky.social
did:plc:pitwi75fmtv4yhuk7iosnigm,1,cnr-isp.bsky.social
did:plc:piz522csb76cyuohrd6ltksw,1,puppymelia.bsky.social
did:plc:pj5zxr5qexgoitdimyialrcc,1,joat3.bsky.social
did:plc:pjhuh7g6c6anc7ccywko6bxt,1,cvenash-vishneri.bsky.social
did:plc:pjsvqgx5c5orisjsiexxtqwm,1,markthemark.bsky.social
did:plc:pjx5q7ozubiuiefbscaivmvj,1,chrisbee.bsky.social
did:plc:pk3bpm6keqey5sdp4pk7c7nm,1,miraschino.bsky.social
did:plc:pk6u2lgv3flhe2lypttzxo6a,1,myosot.bsky.social
did:plc:pkdxh2r2wujkwafkmb5vcwvd,1,markthemark.bsky.social
did:plc:pkoabjlqkbvyxa5kefqoq7v6,1,ceona.bsky.social
did:plc:pkpjymimzykycugzjovzxeuw,1,puppymelia.bsky.social
did:plc:pktbba327wcutr25uufq5ofr,1,joat3.bsky.social
did:plc:pkz6pnvt7c5fuk5q6gcytow3,1,joat3.bsky.social
did:plc:plike46pn6bnig6vfoo6tzzj,1,chrisbee.bsky.social
did:plc:pllkfcucbkfmyrv4vvywyxpp,1,chrisbee.bsky.social
did:plc:plrbhatpnkfan23m3lrsolw6,1,miraschino.bsky.social
did:plc:pm3jjxvx6t3sbas5qdvig7bh,1,myosot.bsky.social
did:plc:pm6x2q574qtnskqqiw2svki7,1,myosot.bsky.social
did:plc:pmdrj6737khzen2ytamlwhxn,1,convenor.bsky.social
did:plc:pmokobmva3z4kbcndxiw2k4e,1,cvenash-vishneri.bsky.social
did:plc:pmoq3wpg7rhz6s4xqgraqh6x,1,puppymelia.bsky.social
did:plc:pmoz67jdzfkdmdme2qhutlqj,1,myosot.bsky.social
did:plc:pmpewcbfvi6cm7cqrg5rprkv,1,joat3.bsky.social
did:plc:pmykf6goq2ucud752atbjhfv,1,cnr-isp.bsky.social
did:plc:pn53jxxhz7jl4juqdowpgjc5,1,puppymelia.bsky.social
did:plc:pn5xcf3vyhwiywdmahb2too3,1,puppymelia.bsky.social
did:plc:pn6xnxzffnx7fxy2c6drhs4r,1,markthemark.bsky.social
did:plc:pngu2uxq76ufh5fxxnqhb6ic,1,puppymelia.bsky.social
did:plc:pnlhvn56tk7ybwbkqssgwkta,1,myosot.bsky.social
did:plc:pnmctfd3etl2oardkdympc2q,1,joat3.bsky.social
did:plc:pnr3kcs7y6wajrela5ar2ahx,1,joat3.bsky.social
did:plc:pnwudxe6jub3fgbdz7m5own2,1,ceona.bsky.social
did:plc:pnx2fjuannbdpy3337ggthpp,1,joat3.bsky.social
did:plc:po5lehdy35vjtrjmrdp3tzha,1,convenor.bsky.social
did:plc:po6aau43fegham3xzxdh6qyq,1,joat3.bsky.social
did:plc:pob77fgggsw4rt32sdmypv5x,1,puppymelia.bsky.social
did:plc:pob7st3cyip2rl23u3br3sqf,1,chrisbee.bsky.social
did:plc:pobfvhnh6xvkhq5kzaqevgtp,1,myosot.bsky.social
did:plc:pokpkefrwckvxiuyljmajkpq,1,chrisbee.bsky.social
did:plc:poxhzgtzbrhlere4jppm5c3c,1,cnr-isp.bsky.social
did:plc:pozzsy2yop2ymlwo5hqwbk5j,1,ceona.bsky.social
did:plc:ppaqhmcbswhxa2aht7juc24k,1,myosot.bsky.social
did:plc:ppise65focmjxbwb7v6yclvd,1,joat3.bsky.social
did:plc:ppod7hkgb2zz77okfwwmixf5,1,ceona.bsky.social
did:plc:ppsxrkgnssbrjvfdqwqfqvxl,1,joat3.bsky.social
did:plc:pqfaesj6oj5filfku52j4ctx,1,cnr-isp.bsky.social
did:plc:pqvtsw2lmzwcpmcgdfcljpbl,1,puppymelia.bsky.social
did:plc:pqz2jjsqkcq2d7a74k4mmdf4,1,chrisbee.bsky.social
did:plc:pr46lkz3rkp2yvxnvwe47ib2,1,miraschino.bsky.social
did:plc:prgez77mia33vpe3x54lz7hq,1,convenor.bsky.social
did:plc:prhvvj4lja43o7sm3dvqy2ih,1,joat3.bsky.social
did:plc:prkzdkloxmv3czu4nt6snbfh,1,puppymelia.bsky.social
did:plc:prmkat7omewbxksmvuz67f2c,1,joat3.bsky.social
did:plc:prp6ecw3noo6fzzczxifqhyc,1,cvenash-vishneri.bsky.social
did:plc:ps45fao4wzgryzlfvc3mtbcb,1,chrisbee.bsky.social
did:plc:psfkw4uln4timtlkzt4vv2is,1,myosot.bsky.social
did:plc:psgo4ib4zn46ewcolyghxtcy,1,convenor.bsky.social
did:plc:pshux7ipwimoiuzcebc3z7qc,1,markthemark.bsky.social
did:plc:psnuc7j2lgpazjq5apbcewhg,1,cvenash-vishneri.bsky.social
did:plc:psuxjjzc5cc4kp2wdgvh5qnd,1,convenor.bsky.social
did:plc:psxci2mg5iwljk6l3tzhey4w,1,cvenash-vishneri.bsky.social
did:plc:psxf6wrijwkudvi2etmxsess,1,chrisbee.bsky.social
did:plc:psxh2fwttgaywocmkkc5idbq,1,convenor.bsky.social
did:plc:psyiusgj7n3wi5zvdtdgr7xq,1,markthemark.bsky.social
did:plc:pt26bj2xoucx6pa7notx4qe7,1,cvenash-vishneri.bsky.social
did:plc:pt2bvrhbw5lnd5qg5237mk32,1,ceona.bsky.social
did:plc:pt3f7zlyli6xs7lnkgy7um6p,1,cvenash-vishneri.bsky.social
did:plc:pt47oe625rv5cnrkgvntwbiq,1,joat3.bsky.social
did:plc:pt5fcy3stl6z4v7ovicdgatw,1,markthemark.bsky.social
did:plc:ptj2es3227fjqpj26ctiblfn,1,cvenash-vishneri.bsky.social
did:plc:ptmm4x5u6e7o5fa5cune2fiy,1,chrisbee.bsky.social
did:plc:pttx6o2ywhjoib237ch7635m,1,miraschino.bsky.social
did:plc:ptwfknk5mn2c7mwpvjrfnoay,1,puppymelia.bsky.social
did:plc:pu7pptvtrtp7vrqu6i6pj6eo,1,cnr-isp.bsky.social
did:plc:pubcbur5d2epkxeqaw2lynko,1,cnr-isp.bsky.social
did:plc:pudlsjywr56y7tvdstrjwy4c,1,ceona.bsky.social
did:plc:pueg7maqy4nsjtqeziw7dq76,1,cvenash-vishneri.bsky.social
did:plc:punqftqyn57ui4fy4j7hbyox,1,cnr-isp.bsky.social
did:plc:puocdk7p4ysuewz2jsgd2clq,1,chrisbee.bsky.social
did:plc:puq7mani7r4gmo4lrgocqqja,1,markthemark.bsky.social
did:plc:pusofq2goh2wih5hxb4xo3u3,1,myosot.bsky.social
did:plc:pv5pininzqopkfujrdvmbyj2,1,markthemark.bsky.social
did:plc:pv6epdnevo5lmdatgytbunx4,1,puppymelia.bsky.social
did:plc:pv7mg6js5ekw42dbpo4tcceg,1,convenor.bsky.social
did:plc:pvbv6nhtxewtjflj7ugs35wr,1,cvenash-vishneri.bsky.social
did:plc:pvpfqndkfjim3omydlb5d5lw,1,ceona.bsky.social
did:plc:pw4jfnv6g74rwcx5tldajy2o,1,cnr-isp.bsky.social
did:plc:pwdld5k2ddibyc3bv77tklfu,1,chrisbee.bsky.social
did:plc:pwh4hsbjda4v7n2lahmovgul,1,convenor.bsky.social
did:plc:pwiowrbjrdarevhdwuihd5zi,1,miraschino.bsky.social
did:plc:pwlygq4vcnwe4wzqxgczcv5u,1,markthemark.bsky.social
did:plc:pwobv4cbmbnb6jqqvukk3w44,1,cnr-isp.bsky.social
did:plc:pwraosnbrb2gfvu3sldn4a5o,1,cvenash-vishneri.bsky.social
did:plc:pwsjq3xnal6auzgeqho4ecw7,1,joat3.bsky.social
did:plc:pwtj7l5kfvcg4l77lkildawu,1,convenor.bsky.social
did:plc:pwu3kkcxpt4nvqcm2ds7oj6m,1,convenor.bsky.social
did:plc:pwwavqkiw66fmxzmvcev3fkl,1,markthemark.bsky.social
did:plc:px4afqyug34a2ip6eukwhis2,1,puppymelia.bsky.social
did:plc:pxd22eq4dicmvfczh4mx5czc,1,chrisbee.bsky.social
did:plc:pxkruf5u2tvkj4oyvdbbajsy,1,cnr-isp.bsky.social
did:plc:pxm62wkbs2ooawbp45z36geo,1,cvenash-vishneri.bsky.social
did:plc:pxma5oljw4obs2lkkkukmatd,1,cvenash-vishneri.bsky.social
did:plc:pxojuamj45dn5u4ucddr25kx,1,ceona.bsky.social
did:plc:pxpblsogshupyc6hvtbvzoqp,1,myosot.bsky.social
did:plc:py7gjnswvszsnznhp7vcme6f,1,markthemark.bsky.social
did:plc:pydqbjfee72hb4zb2hx22b2i,1,miraschino.bsky.social
did:plc:pyfnvp6cbvk72dsmayxpc6sb,1,markthemark.bsky.social
did:plc:pyl5chph63x57it6tk3pzfmw,1,chrisbee.bsky.social
did:plc:pyopqznv43c7kdf6br36e44g,1,joat3.bsky.social
did:plc:pyzyh7hjicnsbu34ooylmkgy,1,myosot.bsky.social
did:plc:pz2i47vqy6uactwgikp4ijf7,1,cnr-isp.bsky.social
did:plc:pz6e6pshbmlcs652k4pwf6av,1,puppymelia.bsky.social
did:plc:pz7o2t2rwvdbqrbqsfwqro4k,1,cvenash-vishneri.bsky.social
did:plc:pzjnqe7dlef535itbytlivyb,1,chrisbee.bsky.social
did:plc:pzjut63onp76znyxpfck5xjs,1,puppymelia.bsky.social
did:plc:pzqyvqqg3t4pwtuzjq4gczor,1,joat3.bsky.social
did:plc:pzs66ahfo2wemiorovzdbwcf,1,cnr-isp.bsky.social
did:plc:pzusc4xov6w557g63vnlpm7f,1,cnr-isp.bsky.social
did:plc:pzxpdko4q46ujnk3xcixyfx4,1,miraschino.bsky.social
did:plc:pzzlnwel6x4pqe7cbnhu6spj,1,myosot.bsky.social
did:plc:q2cqlx2cpic3fmwq3znxy25c,1,joat3.bsky.social
did:plc:q2ctvgbmie45vism7ubdfzj2,1,miraschino.bsky.social
did:plc:q2g6ukcsurxjnarkzmhcnagv,1,puppymelia.bsky.social
did:plc:q2ln5aad73w63da6ugkmfxod,1,convenor.bsky.social
did:plc:q2lw64aak6ifup475txrvilv,1,myosot.bsky.social
did:plc:q2wyr6vl7aubwyxohpjirgom,1,joat3.bsky.social
did:plc:q354zvtrwtenzqizgf7xubyf,1,ceona.bsky.social
did:plc:q3icwyfrywevjwrtyedj3nyp,1,puppymelia.bsky.social
did:plc:q3k4mwmengzciq2ytpf3ckoa,1,convenor.bsky.social
did:plc:q3lkvrntzgbfvnuyjnbphmf6,1,puppymelia.bsky.social
did:plc:q3mw4drjetjyzrjxmen5jkyj,1,puppymelia.bsky.social
did:plc:q3upi3uqfxtsg72vs6llqmda,1,ceona.bsky.social
did:plc:q3vjsqyafmch4jksui3qjn4k,1,myosot.bsky.social
did:plc:q44mxlbs74xalvamvijwpfsa,1,myosot.bsky.social
did:plc:q4hqo65k7obj5saekrspycks,1,miraschino.bsky.social
did:plc:q4k6zxjxvrukkgs77zzsnxsn,1,cnr-isp.bsky.social
did:plc:q4s4gptbyqo4kdydps6p4her,1,joat3.bsky.social
did:plc:q4yfl5wbqmbgs4mpoz23sl4i,1,cnr-isp.bsky.social
did:plc:q57sajqszncd2w3a7jqxpmsy,1,myosot.bsky.social
did:plc:q5ft4fu4qn3s32gychg563mp,1,miraschino.bsky.social
did:plc:q5jyiiwq2phghraetyo2tkvt,1,convenor.bsky.social
did:plc:q5lajox5dtravms2m3s62kxn,1,chrisbee.bsky.social
did:plc:q5lrjei4tlpjpimjqk7lngpv,1,cnr-isp.bsky.social
did:plc:q5ma6noanhsf6gisshw52jcv,1,convenor.bsky.social
did:plc:q5ogl3twkcqyhvz4zebonw3z,1,markthemark.bsky.social
did:plc:q5qyswhppr7tiskw43xhcv7f,1,puppymelia.bsky.social
did:plc:q637pb6rnfbakzoz5zybfmuk,1,ceona.bsky.social
did:plc:q6at5lbkcj6pvec3azath2v6,1,chrisbee.bsky.social
did:plc:q6azacqwb7mlbwqrumuhludf,1,miraschino.bsky.social
did:plc:q6bs5rcwctydnsmfu24qggua,1,cvenash-vishneri.bsky.social
did:plc:q6j66z2z7hkwjssiq7zzz3ej,1,chrisbee.bsky.social
did:plc:q6nowc7gu37pjeuaxzh7tmj2,1,miraschino.bsky.social
did:plc:q6r6eroyjixgm4nqri3nvb2r,1,miraschino.bsky.social
did:plc:q6vlqeskkx67cz4eccbx2cr2,1,myosot.bsky.social
did:plc:q6wkrpq6msjqrvf24wnaezhh,1,markthemark.bsky.social
did:plc:q7iggtywwxvr7hr7axinzt6q,1,joat3.bsky.social
did:plc:q7nnkvmvu4xuejaebfidwsxf,1,ceona.bsky.social
did:plc:q7ok32i7bjkav64lokkz34ll,1,cnr-isp.bsky.social
did:plc:q7p6sosfh6yd2f25yg4uu4vm,1,cvenash-vishneri.bsky.social
did:plc:q7u62sddkh3xoeun7csg5kfj,1,chrisbee.bsky.social
did:plc:q7vkt4wbnkcq6r5ol3ii75yo,1,markthemark.bsky.social
did:plc:q7xshdpjwjaxqmywklc3ztj6,1,cnr-isp.bsky.social
did:plc:qa4qrqtk2wpx5wwqgam7vy74,1,ceona.bsky.social
did:plc:qadzypc7qzfngc2qbyitoksa,1,myosot.bsky.social
did:plc:qaf6aweinw27eevrjihugxci,1,markthemark.bsky.social
did:plc:qafzsnwotq24shcfkcwbyalc,1,puppymelia.bsky.social
did:plc:qaihkv6c5svg5it5z5twwdbe,1,cnr-isp.bsky.social
did:plc:qalwahc2gne6lycqqnwanjva,1,markthemark.bsky.social
did:plc:qbbagn4mylg3wssfatbrdjxb,1,puppymelia.bsky.social
did:plc:qbgjcp6ke7zzqtscctj7zsrp,1,puppymelia.bsky.social
did:plc:qbozcybsjd6j2f7ax4d4v4ye,1,ceona.bsky.social
did:plc:qbsegnh27to27qu7w36ros64,1,miraschino.bsky.social
did:plc:qbtjb26eqbpasxhyoyl2lzh5,1,joat3.bsky.social
did:plc:qbuua7brteax6jaxujh7natp,1,myosot.bsky.social
did:plc:qbwm3it2b24miisxaaz4ma7i,1,miraschino.bsky.social
did:plc:qbxlkjazazxcsozqnbr4f4wq,1,cnr-isp.bsky.social
did:plc:qbyyw3xyuqnxdemos663hrku,1,convenor.bsky.social
did:plc:qccoiagkjl4pk7qnaiimd4lf,1,chrisbee.bsky.social
did:plc:qceastzlweterpzjcfey6drw,1,miraschino.bsky.social
did:plc:qcewg72bljexb4zyv7tpzg7g,1,markthemark.bsky.social
did:plc:qcnyz4einvy2snq6rjykmays,1,chrisbee.bsky.social
did:plc:qddhk5tchy7gdyws2l4srl47,1,miraschino.bsky.social
did:plc:qdebhcrsuopxkzeifrgwfe5b,1,chrisbee.bsky.social
did:plc:qdhgkvnrnrngsw6swqdgy6ds,1,cvenash-vishneri.bsky.social
did:plc:qdjjkinm6lrcogkc5gfeiwk4,1,convenor.bsky.social
did:plc:qdlujixsazqdubnv6pqs5s37,1,miraschino.bsky.social
did:plc:qdm4fybwlkz7zia7b7v7veu3,1,cvenash-vishneri.bsky.social
did:plc:qdmq2wr2gth4dpj2gtexndx4,1,convenor.bsky.social
did:plc:qdu4g4n4eniupf5jf5yfsxo3,1,cnr-isp.bsky.social
did:plc:qdwpyj5i3c2mzedvljv72v3z,1,joat3.bsky.social
did:plc:qed67d2sst5xqsbuveiv7fjp,1,ceona.bsky.social
did:plc:qeekfvmphphyljqurret2j4o,1,cnr-isp.bsky.social
did:plc:qejc5g3on7wkr5axbvnraaml,1,markthemark.bsky.social
did:plc:qel2soglme62bjoxyzmdnpmw,1,myosot.bsky.social
did:plc:qequeo3ega5piczfpts4xlq4,1,chrisbee.bsky.social
did:plc:qer4kmopdanwviytm642qiaa,1,puppymelia.bsky.social
did:plc:qeubhfaeofpk57thctcwwwpd,1,convenor.bsky.social
did:plc:qevbw6d6yp3gqyjszdx3vgue,1,markthemark.bsky.social
did:plc:qeytqxxpoezegc3vlsjvq3vm,1,myosot.bsky.social
did:plc:qez5nl3envh4pecmmlbrf2va,1,chrisbee.bsky.social
did:plc:qf2wkswq7aau3s5szn2vn7im,1,convenor.bsky.social
did:plc:qfdq62442rjnfxixf6gi52xj,1,puppymelia.bsky.social
did:plc:qfflfersmonljuxmm6iyb445,1,ceona.bsky.social
did:plc:qfgbf5cjut3ajgqw4ubklopb,1,cvenash-vishneri.bsky.social
did:plc:qfltlwf4uy5tdxfkxeobf7lp,1,myosot.bsky.social
did:plc:qfno2hq7u4n2vrka3iebvexh,1,cvenash-vishneri.bsky.social
did:plc:qfqv7n52fwkkxbr4xbmuw7uk,1,chrisbee.bsky.social
did:plc:qfuwajjtwzhsxkyfalnv32xs,1,puppymelia.bsky.social
did:plc:qg6aj2ryckff6areegodnkws,1,myosot.bsky.social
did:plc:qgdabeovxmxxdp2i3un3k2h4,1,myosot.bsky.social
did:plc:qgevg4jzxlmdwmkzzvqgdlfc,1,convenor.bsky.social
did:plc:qgfjamnkhecywgih4z4ozwlv,1,convenor.bsky.social
did:plc:qgittxawiksqk35mt6zlrne4,1,ceona.bsky.social
did:plc:qgvrupop6mxmyqczc62czljs,1,convenor.bsky.social
did:plc:qgyysshx36cue3udzczdxi5e,1,miraschino.bsky.social
did:plc:qh4odfwxubnzhfu45s3kv36y,1,puppymelia.bsky.social
did:plc:qh7m3ci5ojqas3rqi4mdx5d6,1,miraschino.bsky.social
did:plc:qhjcviw5a3olnoaur2wrvtfv,1,convenor.bsky.social
did:plc:qhjqxqu3c23xmiu6ql2fdwup,1,joat3.bsky.social
did:plc:qhodqnj5t4bn4idaicfkuutt,1,ceona.bsky.social
did:plc:qi45mrxlubpfoavracolzbjc,1,cvenash-vishneri.bsky.social
did:plc:qi66peu6czj6uxggtu3bcdeg,1,cnr-isp.bsky.social
did:plc:qicz774lidigugmz43d5byyf,1,ceona.bsky.social
did:plc:qiird77cklpny35h3s3mojxy,1,ceona.bsky.social
did:plc:qiotvrtcrqlcpk3ejv26lj6w,1,convenor.bsky.social
did:plc:qiqjtbt62iqcxzuuh5hweagq,1,joat3.bsky.social
did:plc:qj5xwyem6bgaaivvsbbfhkgu,1,ceona.bsky.social
did:plc:qjc62s4a3dnpvq3o4ech2464,1,ceona.bsky.social
did:plc:qjcx6tj42nlwjn3we2lg6ndp,1,puppymelia.bsky.social
did:plc:qjeavhlw222ppsre4rscd3n2,1,cvenash-vishneri.bsky.social
did:plc:qjgb2p4pnn7t5y6khvhsrjlv,1,convenor.bsky.social
did:plc:qjiu3nlssre2edejvkmysjsf,1,puppymelia.bsky.social
did:plc:qjjjin2lqc42ofjh2xw7lykp,1,joat3.bsky.social
did:plc:qjrllo5qxi7pc6ya3mh4vz5h,1,cvenash-vishneri.bsky.social
did:plc:qjrton6bqgt4hgrveju7ppz7,1,chrisbee.bsky.social
did:plc:qjzrpzlcmir3bkss4b5nh6ox,1,markthemark.bsky.social
did:plc:qjzutue73lc6hktyepavryjy,1,chrisbee.bsky.social
did:plc:qk2mvqh5x7sw5kszgobmkaqq,1,markthemark.bsky.social
did:plc:qk42zifr4o6awmtdrpa5f5wo,1,markthemark.bsky.social
did:plc:qkeobld2ko436oq5grwrxfrt,1,cnr-isp.bsky.social
did:plc:qkianruhxutbtawab34fxpw7,1,convenor.bsky.social
did:plc:qkjtrbhyq7uvhjn75klkk7eo,1,chrisbee.bsky.social
did:plc:qknd5qptbvuootoegwt46ygt,1,chrisbee.bsky.social
did:plc:qkpjdwvxxv4tsgjoeatpmgtg,1,miraschino.bsky.social
did:plc:qkqxjkb5y3vssqnkr56g3qnf,1,joat3.bsky.social
did:plc:qkr35nmtjqyc35hp5y6tqylr,1,joat3.bsky.social
did:plc:qkvrdia4v6trmmyls56fatbh,1,miraschino.bsky.social
did:plc:qkylgl7wxccptkz66bdwnt3w,1,chrisbee.bsky.social
did:plc:ql25ngsdix3owgntaui7khex,1,markthemark.bsky.social
did:plc:ql4ebmeynbtt3vniuxbc6rys,1,cnr-isp.bsky.social
did:plc:qldongh6mepca5hak7fh4pfw,1,myosot.bsky.social
did:plc:qlgot7ujetm32rbezal5wtoa,1,cvenash-vishneri.bsky.social
did:plc:qlnakawelorv2r4j5etqrysp,1,chrisbee.bsky.social
did:plc:qlq3ea6jp3ivneirykwfodia,1,joat3.bsky.social
did:plc:qlwm4ymzqfjlm5zw2utmwue2,1,puppymelia.bsky.social
did:plc:qlxgxm7fqszfgowm347s2q4t,1,chrisbee.bsky.social
did:plc:qmajrxvehl6ss6w2h4uuv5bg,1,myosot.bsky.social
did:plc:qmckdkio45aenrxsqof77ell,1,markthemark.bsky.social
did:plc:qme5meerkuqemmfj5gw4kx3z,1,joat3.bsky.social
did:plc:qmnbycd5lqbr4ynny5oqj5l6,1,cvenash-vishneri.bsky.social
did:plc:qmneuzciz4jevhlkqadyxmug,1,miraschino.bsky.social
did:plc:qmrsn572b6lzkwlcy4kk3w4f,1,myosot.bsky.social
did:plc:qmwmpsie5iqf2x65bxna3cwx,1,cnr-isp.bsky.social
did:plc:qmz4x7himn4shw5b5fcw4xfx,1,convenor.bsky.social
did:plc:qn7fwa4ud34qucqlbbh7iw3q,1,cvenash-vishneri.bsky.social
did:plc:qncdpfirpbdvlrw5jtgsxb5q,1,miraschino.bsky.social
did:plc:qncmtszvmchqncrjl637b6cy,1,chrisbee.bsky.social
did:plc:qnhdtijx4ypyym4hobibtspc,1,miraschino.bsky.social
did:plc:qnp46ewuysrkfza7cpa4oghn,1,convenor.bsky.social
did:plc:qntfltffl6nmh6monco5anwt,1,cnr-isp.bsky.social
did:plc:qnwbdw6q2n3znga6ghiqrw7b,1,chrisbee.bsky.social
did:plc:qnwrertmdznkkexzktkweuvb,1,markthemark.bsky.social
did:plc:qnxedvuuvsvb7jpefxkrqcft,1,cvenash-vishneri.bsky.social
did:plc:qnyq7wies2uc56bzqmfz4q25,1,chrisbee.bsky.social
did:plc:qobjqd75shifxcwq27fpnk5d,1,cvenash-vishneri.bsky.social
did:plc:qoig3fjqoizxnthcl4ejxbre,1,joat3.bsky.social
did:plc:qomds3n4llmy3e7sw4pgbg3g,1,ceona.bsky.social
did:plc:qoo23aojg7nglmtty677hm65,1,puppymelia.bsky.social
did:plc:qowvsajlaoyhzuesk37edcvj,1,joat3.bsky.social
did:plc:qpcxcskuucficyhldiuheqkq,1,chrisbee.bsky.social
did:plc:qpepuopk7h3xik2gplcgi4yy,1,convenor.bsky.social
did:plc:qpjkfyoqw3cvlg6tow2adcgv,1,convenor.bsky.social
did:plc:qpsddok3cg7r5cl2mhwv72lr,1,cnr-isp.bsky.social
did:plc:qpwqyr7hpaw2abkhak2ur77o,1,convenor.bsky.social
did:plc:qpymorfugogq7ab455qsmjuf,1,ceona.bsky.social
did:plc:qq6ow4x32iwdluqf3vglajy2,1,cnr-isp.bsky.social
did:plc:qq7ck3q6hdkyfpskrs5hywwm,1,puppymelia.bsky.social
did:plc:qqcsbs5wanu6tmurq7qoqea2,1,markthemark.bsky.social
did:plc:qqgh4s5ehb7c5usirczkiqtb,1,joat3.bsky.social
did:plc:qqli62hhli7se24lkriude7z,1,joat3.bsky.social
did:plc:qqmcqcbphh57vnsuy62bgeal,1,miraschino.bsky.social
did:plc:qqsyx7otajyfeteo655v37xd,1,chrisbee.bsky.social
did:plc:qqt5c3suhrcnlpcqrgfazsfb,1,ceona.bsky.social
did:plc:qqtec4m24agio7lgr23szqwk,1,myosot.bsky.social
did:plc:qr3hg56of3beoarucejnickq,1,myosot.bsky.social
did:plc:qrkx6dzrq3qdfaek2prulc46,1,chrisbee.bsky.social
did:plc:qrllvid7s54k4hnwtqxwetrf,1,cvenash-vishneri.bsky.social
did:plc:qrocn3cix26pcikisj3nx7kg,1,cnr-isp.bsky.social
did:plc:qrp4cypji5lt4k3rr2yee5qb,1,ceona.bsky.social
did:plc:qrp4dbiqhv67c7ercaaxwvu7,1,chrisbee.bsky.social
did:plc:qrpjlmlswk2oisi4mhccajn5,1,cnr-isp.bsky.social
did:plc:qrt5rykojeg5sbsajbu4zdke,1,cnr-isp.bsky.social
did:plc:qru7nc6garioah3ti5qqgirr,1,cnr-isp.bsky.social
did:plc:qruaxn2eewkli7hsvzxo5hwf,1,myosot.bsky.social
did:plc:qryhhf7teyv5jkjxpvair6dv,1,ceona.bsky.social
did:plc:qrzipbkdct5hmobk57vkfsqw,1,cnr-isp.bsky.social
did:plc:qs3ersmlaa3hcijkwzsjbfdb,1,convenor.bsky.social
did:plc:qsllkcuektaoegm2g5xkpkvq,1,myosot.bsky.social
did:plc:qt4j4lm2am2owv3oj57g6kr5,1,convenor.bsky.social
did:plc:qtbd54mh26xi6pf26ywvjwgi,1,convenor.bsky.social
did:plc:qtdiqew3mhaupxnryr533ei7,1,convenor.bsky.social
did:plc:qtdxh4lq4xxqegkxu2xu57ke,1,convenor.bsky.social
did:plc:qtpocn7zc5j25v6j25ydpuac,1,joat3.bsky.social
did:plc:qtsxc5kqqjfeq3sqifc6ci3b,1,chrisbee.bsky.social
did:plc:qttqvv4n3vqqu35qajhcuqlq,1,myosot.bsky.social
did:plc:qtult4rnx4tdu27ufrvsjkte,1,joat3.bsky.social
did:plc:qtuursbdld45szkmbaids3h7,1,chrisbee.bsky.social
did:plc:qtuznpbrazpjusjitbo4b37u,1,ceona.bsky.social
did:plc:quj6tximauuyrbluveedislo,1,miraschino.bsky.social
did:plc:quoledqunsopheif7n647dpt,1,cnr-isp.bsky.social
did:plc:qut5myo23afai4odf3z25trw,1,joat3.bsky.social
did:plc:qutlfhbcso7kh3gv5jgjo442,1,chrisbee.bsky.social
did:plc:quvvn57atvyc2mcbjpvhwicl,1,cnr-isp.bsky.social
did:plc:quwcokuhlfrvjhdudnmoifi4,1,miraschino.bsky.social
did:plc:quyzopr6sinfhd5uubbuqdhl,1,convenor.bsky.social
did:plc:quzpcqvasjgnb6bh5n4pmawr,1,cvenash-vishneri.bsky.social
did:plc:qv44paybrk23kyleqxrvckql,1,joat3.bsky.social
did:plc:qv46gzi62pcc325bejqomlru,1,joat3.bsky.social
did:plc:qvet26i63pjudujagzepap7t,1,puppymelia.bsky.social
did:plc:qvh5trjm2vsrgp2g5ky2rucg,1,puppymelia.bsky.social
did:plc:qvoenb2pbvpolmv3zrl32hbg,1,puppymelia.bsky.social
did:plc:qvrxuuecqegl6ikn6f7tmfn7,1,ceona.bsky.social
did:plc:qvtnj2fwmvqqwozq4bdhnryb,1,puppymelia.bsky.social
did:plc:qvvou7x5jp7anyjnjwhuigfv,1,chrisbee.bsky.social
did:plc:qw5kcg3eizdv2lq3p7qu7h67,1,joat3.bsky.social
did:plc:qwa5vyhtwa6fkdqwaamwmcg4,1,puppymelia.bsky.social
did:plc:qwlplc2qno35vehj3pdbsor5,1,joat3.bsky.social
did:plc:qwph4rxoi2sp6apo7bmju4pc,1,joat3.bsky.social
did:plc:qwqxs5sd2qm5gznhtkzcoijo,1,cvenash-vishneri.bsky.social
did:plc:qwrdhpq6uweymuw5kaehozpq,1,cnr-isp.bsky.social
did:plc:qwuj6foyai44scywtuaumxlp,1,cvenash-vishneri.bsky.social
did:plc:qxco5im7lbfjcpu6jqlf55tb,1,cvenash-vishneri.bsky.social
did:plc:qxcoohtt2fzkdguwtlapegjn,1,ceona.bsky.social
did:plc:qxleuhwelj5mcwp33djqvi5a,1,chrisbee.bsky.social
did:plc:qxthqde2moie6yb3yxdzqjva,1,puppymelia.bsky.social
did:plc:qxtrls3zy2ykmcrsbzjzndao,1,chrisbee.bsky.social
did:plc:qxx5ni6mokwpbmtmdtfvtbw7,1,convenor.bsky.social
did:plc:qxxmk6uyqhncp7uvkgpep74x,1,joat3.bsky.social
did:plc:qy2kaatiukmvmbpbbv5dv6cs,1,myosot.bsky.social
did:plc:qydwhuceyaicg2jc43lzpcqb,1,joat3.bsky.social
did:plc:qyhkpmqrr4h3euha4uq4ilwx,1,convenor.bsky.social
did:plc:qyjmvr5vtzpyik7xccftshmj,1,cnr-isp.bsky.social
did:plc:qyjnqansfqxmywwbvumiygns,1,chrisbee.bsky.social
did:plc:qyo2jygesi63jcjb56iyhfm6,1,markthemark.bsky.social
did:plc:qyoporld433moyr5ljga2cww,1,ceona.bsky.social
did:plc:qyplxeo7t45fzpypryc5auy6,1,markthemark.bsky.social
did:plc:qypso2cf64nmau5rdxm4fchq,1,convenor.bsky.social
did:plc:qyqp5uv6jdmvvpvlbbdnnv3i,1,chrisbee.bsky.social
did:plc:qyux57cxsot3buvdbwkq6tuf,1,chrisbee.bsky.social
did:plc:qywkw3zcseppvgflhaczcoyd,1,convenor.bsky.social
did:plc:qywybrbr5ykxbdmoetsbvdsq,1,cvenash-vishneri.bsky.social
did:plc:qyz6ciuq6hqq557dzh3rxdbm,1,cnr-isp.bsky.social
did:plc:qz3kl6yacwk2aw4bvdm34ujm,1,cvenash-vishneri.bsky.social
did:plc:qzbmgmbkncgr52fhxjitqxky,1,cvenash-vishneri.bsky.social
did:plc:qzh5cay5bi7j3435gunr2vte,1,cnr-isp.bsky.social
did:plc:qzjefl3bdef5wtxrsc3wubfh,1,puppymelia.bsky.social
did:plc:qzwzxf5nmwxb2bbgx4lyuqqj,1,miraschino.bsky.social
did:plc:qzx4bqu5jltmiieashuxaq4i,1,miraschino.bsky.social
did:plc:r25e3w2lnctxjokep5j756yn,1,ceona.bsky.social
did:plc:r26kafci7uvxuhht5g2ldwqc,1,cvenash-vishneri.bsky.social
did:plc:r2ph4nd6v5k2wqulyh76snh4,1,chrisbee.bsky.social
did:plc:r2rkuepmbp4xn4avn3hnxdap,1,markthemark.bsky.social
did:plc:r3htjwgx26m4cjibj5cm7sgl,1,puppymelia.bsky.social
did:plc:r3p6m7wcummxswzzqagrumgi,1,puppymelia.bsky.social
did:plc:r3w2vnqzxgvnvpgu67wseghk,1,convenor.bsky.social
did:plc:r47vmgsgqszkupwfsqj5etj2,1,miraschino.bsky.social
did:plc:r4e3ckevceyc624yzxeiuq7n,1,joat3.bsky.social
did:plc:r4hti2tgpmg7uzbeldk6zx3t,1,convenor.bsky.social
did:plc:r4lkvvg34a3aet3aufaijrin,1,cnr-isp.bsky.social
did:plc:r4nzzsdilfwyiwhv2ts4wvky,1,miraschino.bsky.social
did:plc:r4uetw7unkbc62ea2v73bfwq,1,myosot.bsky.social
did:plc:r4usqgjne7udwac33ndsyfs7,1,puppymelia.bsky.social
did:plc:r4y2doxogh7v6s65r5lwjqou,1,markthemark.bsky.social
did:plc:r56xhry2yg2rsbyed5mm3jud,1,puppymelia.bsky.social
did:plc:r57nxal3gigd5i25luikfiar,1,markthemark.bsky.social
did:plc:r5c3aaq5bmdbnpvmgthmuzvn,1,myosot.bsky.social
did:plc:r5ebk2kjl4wsg27o2y5macbh,1,joat3.bsky.social
did:plc:r5egvoieudo4pj3sk4gmuoef,1,convenor.bsky.social
did:plc:r5ovs3634obpzyif7upu4j6b,1,cvenash-vishneri.bsky.social
did:plc:r5tkbec5n4a2jgrw2c6zow7q,1,markthemark.bsky.social
did:plc:r5vh5nmufilqewlxqgugz7qc,1,puppymelia.bsky.social
did:plc:r5yhqfcpjyldh3ss5wfwyfhp,1,markthemark.bsky.social
did:plc:r643qxafn6b3pxfffiodojbn,1,puppymelia.bsky.social
did:plc:r65zt3s3zhbpr7zko3zegjuo,1,markthemark.bsky.social
did:plc:r6bmdl22o4s5fwr57sxwcif6,1,markthemark.bsky.social
did:plc:r6jmzkrbjwbcqaby272qql2h,1,ceona.bsky.social
did:plc:r6l4qps5eb4rrvaazggwvkvg,1,myosot.bsky.social
did:plc:r6ofmtjsitjyym2gc6wdi7am,1,markthemark.bsky.social
did:plc:r6pzff5xmclb5paj2sddkwta,1,convenor.bsky.social
did:plc:r6t2fqlg2i5ptcjwhyxdsz3e,1,cvenash-vishneri.bsky.social
did:plc:r6vnoykdvl6pdavfxt6xmigk,1,miraschino.bsky.social
did:plc:r6wlyfeumg5rv63l4iex7uph,1,joat3.bsky.social
did:plc:r6xvutjnl4n4m4pwm4aszl2s,1,puppymelia.bsky.social
did:plc:r6yc5sixf4etf5vobo2vo25h,1,markthemark.bsky.social
did:plc:r75pgmpmkpiyeu5d7znvptb7,1,myosot.bsky.social
did:plc:r762cm74rj5jo2rsdjaoson4,1,convenor.bsky.social
did:plc:r76wunfqa3j5u4ewskea5s3c,1,cvenash-vishneri.bsky.social
did:plc:r7d7ohwjtgwb63t6md34jqpo,1,puppymelia.bsky.social
did:plc:r7myusvj3lp4o5d6telcqfp5,1,miraschino.bsky.social
did:plc:r7qitvohhlzoflmog6vrj5wr,1,miraschino.bsky.social
did:plc:r7yorw5gkk46bvl7if7degnf,1,puppymelia.bsky.social
did:plc:ra4br7djbwd7qg6cqp2ynp6q,1,puppymelia.bsky.social
did:plc:ra5d2c45eijiwqavnnsakx6w,1,cvenash-vishneri.bsky.social
did:plc:rabsyta3uknrd5ngoop7ookb,1,markthemark.bsky.social
did:plc:rada2hqb6nk4ymqgm2gmthsx,1,chrisbee.bsky.social
did:plc:rafuudgy4wrxvb4h4bsqox4t,1,puppymelia.bsky.social
did:plc:rahmgkn3mp4d3jsphyr5n4ae,1,puppymelia.bsky.social
did:plc:rajutd3eurzxeo54xvm23vly,1,convenor.bsky.social
did:plc:ravm34wjesangut7423iq7q7,1,cvenash-vishneri.bsky.social
did:plc:raxq3ugjbligefc2ogseylpd,1,convenor.bsky.social
did:plc:razbfuam7cohduzs36zuzbp5,1,ceona.bsky.social
did:plc:rb5jdzcndfpejbkllkrjfvp2,1,markthemark.bsky.social
did:plc:rbffgd2zo6r7rmnklo2nlyy5,1,chrisbee.bsky.social
did:plc:rbftmrlfcemtu2dqkyywtazu,1,myosot.bsky.social
did:plc:rbfzsa2wowfvth3orbzzr4qi,1,ceona.bsky.social
did:plc:rblrk4udhlwiirzlak6qcacr,1,ceona.bsky.social
did:plc:rbwnh4wkwsbjramcvrmr7hcd,1,cvenash-vishneri.bsky.social
did:plc:rbwu4ztdxtk65tlrye2g6gz7,1,ceona.bsky.social
did:plc:rby6slwxm2rs4rnyrefjfdyh,1,puppymelia.bsky.social
did:plc:rc3px2klghojg4bvqoexyxyc,1,convenor.bsky.social
did:plc:rcd5wvdw7m2pktltxq36lfoi,1,ceona.bsky.social
did:plc:rcetk47n6hybe57ou4m36jf6,1,myosot.bsky.social
did:plc:rcu563ktik2x3jexubu2sfgk,1,ceona.bsky.social
did:plc:rcu7ybho7gdw3x3cxp64jnue,1,convenor.bsky.social
did:plc:rcyyjldt7topi6fz3dxnsaxx,1,convenor.bsky.social
did:plc:rd4rw4tbt33ub6fjmen3z4dq,1,joat3.bsky.social
did:plc:rdgv7mbkq4as4vnezrgiukkl,1,chrisbee.bsky.social
did:plc:rdgxx5znlw5nchko5rbw7kvh,1,cnr-isp.bsky.social
did:plc:rdis6sh6brlehmjdfzpy6scq,1,miraschino.bsky.social
did:plc:rdjblb56pc5qwvhvagj6x66a,1,joat3.bsky.social
did:plc:rdmnts55cqq76chrozpqs6lw,1,miraschino.bsky.social
did:plc:rduwirzagwjaiy7xuiclcdp2,1,ceona.bsky.social
did:plc:rehxpusdqmrkjf3j77qdyhrx,1,chrisbee.bsky.social
did:plc:rejgx3lki6ypdydk3bqstanc,1,miraschino.bsky.social
did:plc:reoem5xv6ndmkyzzzw24776u,1,myosot.bsky.social
did:plc:revjuqmkvrw6fnkxppqtszpv,1,cnr-isp.bsky.social
did:plc:rez4qtx7ikdcsdyfr2wip53v,1,cnr-isp.bsky.social
did:plc:rfag7jqrpfrjek2uwmwtoxwq,1,miraschino.bsky.social
did:plc:rfeka47istbilfspgwww2yge,1,cnr-isp.bsky.social
did:plc:rfr3haofpuvqkxujfpprnjrb,1,puppymelia.bsky.social
did:plc:rftj2tcjojacunzwpqhvh4ov,1,joat3.bsky.social
did:plc:rg3a6jatkazhrfrcwjv77g7f,1,miraschino.bsky.social
did:plc:rgcyqjx7y6rtj7g3v6jiaxif,1,puppymelia.bsky.social
did:plc:rgdgic2uqfmaonmrp377yxwx,1,ceona.bsky.social
did:plc:rgozubagknrs3xq6uhqwy7xr,1,cnr-isp.bsky.social
did:plc:rgshnvzkricipx2vzumshgyz,1,chrisbee.bsky.social
did:plc:rgsvo5rgyp3wr5cor2izmlt2,1,puppymelia.bsky.social
did:plc:rh7peoqn74cxre6oru5gjnkc,1,puppymelia.bsky.social
did:plc:rhlc3aaofvkcomtfe7dm5pqw,1,myosot.bsky.social
did:plc:rhmku3twwsqmsfwthxde2he5,1,joat3.bsky.social
did:plc:rhsbjtxf4cc4hi73lfw3jakc,1,joat3.bsky.social
did:plc:rhy4ywviwhsclsiwqqalge6q,1,joat3.bsky.social
did:plc:ri3bywelqyrnasnrubq3y7go,1,puppymelia.bsky.social
did:plc:ri6rezd5shntqpzvtb45zy4i,1,miraschino.bsky.social
did:plc:ribah5xy4f6zf6zn4egh4bjw,1,cnr-isp.bsky.social
did:plc:rint6j2liywpxrlr2jfz3ogx,1,markthemark.bsky.social
did:plc:rio6kuitgj7iv6ghdcqdm6te,1,ceona.bsky.social
did:plc:rip5odjsxio52is22anzrgdm,1,puppymelia.bsky.social
did:plc:rircwek3opgzkczeap43qu3g,1,joat3.bsky.social
did:plc:rite3hercwehj5lmbml6dm2v,1,cnr-isp.bsky.social
did:plc:rivna5fvy5b327nebqyud6kf,1,ceona.bsky.social
did:plc:riyjry3d4gqogbgse6u24mcu,1,cnr-isp.bsky.social
did:plc:rj3uqi4zdui7mbedbhim7zaf,1,cnr-isp.bsky.social
did:plc:rj53hsw4kyhkuhdqdfxijgul,1,chrisbee.bsky.social
did:plc:rj5ktmzve6rb5yjqmhfqk4eb,1,convenor.bsky.social
did:plc:rj7gcscy3x3vskk7y6f2nbx6,1,chrisbee.bsky.social
did:plc:rj7muyiq5by6pfp7vv4s5g4v,1,myosot.bsky.social
did:plc:rj7zv7h367rk4vj7liwsqbrv,1,miraschino.bsky.social
did:plc:rj7zy2kvxhs6yeyjnjp7ha6q,1,cvenash-vishneri.bsky.social
did:plc:rjcjs4yvydskeq4mvxlmphv6,1,puppymelia.bsky.social
did:plc:rjdak5wkop3fwxgkzupgma6i,1,convenor.bsky.social
did:plc:rjpoidjnzhsdwy3naq4fd4vq,1,myosot.bsky.social
did:plc:rjpxsunquuknqkp77yqrrtwy,1,ceona.bsky.social
did:plc:rjtifgmgwnacwa24lqp4tpsy,1,cnr-isp.bsky.social
did:plc:rk2ng63hebbzqbxzg7tcpmeg,1,myosot.bsky.social
did:plc:rkbpxscjiy7sc2vbm7vdzppq,1,joat3.bsky.social
did:plc:rkbuvoim6t2hphvfvb6nwpph,1,miraschino.bsky.social
did:plc:rkdprqcoa5lvmqwpgcmzgby5,1,cvenash-vishneri.bsky.social
did:plc:rkfxazqpgyzgjlfakzrigpzn,1,miraschino.bsky.social
did:plc:rkkpwknf5uexlmavjldgczvp,1,cnr-isp.bsky.social
did:plc:rkp6ymomt7ywkxy74t3swky7,1,cnr-isp.bsky.social
did:plc:rkpgafoyusiqn2caepnuvqm7,1,cnr-isp.bsky.social
did:plc:rksdkpyvje653dz7y66ibjs5,1,ceona.bsky.social
did:plc:rksvqenjqykrqkpsmgtxcgo4,1,convenor.bsky.social
did:plc:rkwp2hqircz32nwqzizb6wle,1,markthemark.bsky.social
did:plc:rl3bifgzw3un2rx4ftp2fylv,1,cnr-isp.bsky.social
did:plc:rl3jzowtwckd2dcd32ldfmzf,1,joat3.bsky.social
did:plc:rl4ai5vwn6xq4avham63z2wv,1,ceona.bsky.social
did:plc:rlevq66pvzneuonj424s7c2l,1,cvenash-vishneri.bsky.social
did:plc:rlhg7dumfilwsdx6rupgti7v,1,markthemark.bsky.social
did:plc:rljtrhdf6fm7pxwqhoiywe5l,1,joat3.bsky.social
did:plc:rln5hjoeenwdvdxxwhmz57ll,1,convenor.bsky.social
did:plc:rlrt6lbt2rfaa46iv5o7wvr5,1,miraschino.bsky.social
did:plc:rlssycyoreofnvn6jb3ygrnv,1,puppymelia.bsky.social
did:plc:rlu4lnfyfwgw3haqqqllmrqo,1,ceona.bsky.social
did:plc:rmd63kkh56gldx6hvtam2vr4,1,puppymelia.bsky.social
did:plc:rmkt7il36mwjkdewhuym2oih,1,cnr-isp.bsky.social
did:plc:rmnefjdlagarypuzeblo4qje,1,cvenash-vishneri.bsky.social
did:plc:rmnop6cvpg2jhah7wk56zamp,1,chrisbee.bsky.social
did:plc:rmpjriyohahjliiesn2lrjr4,1,miraschino.bsky.social
did:plc:rmxeixunmwvpxyppzruy3mqa,1,myosot.bsky.social
did:plc:rn4fz347kjx3yfbjb6xgt2je,1,miraschino.bsky.social
did:plc:rn5gmznszaykiv7qkhinexky,1,ceona.bsky.social
did:plc:rnco62xajbjb2rlbui547p5m,1,chrisbee.bsky.social
did:plc:rndntvldqxu7pakrb3x5vqjs,1,chrisbee.bsky.social
did:plc:rnma6rthdc6ro5giv3xq2hda,1,markthemark.bsky.social
did:plc:ro3ei2p7enbhdksdkcyzwtxf,1,convenor.bsky.social
did:plc:ro4hexvf5t2rtmcxwzv3hc3a,1,myosot.bsky.social
did:plc:rozyqg7p64o2wuywr6bpvyec,1,cvenash-vishneri.bsky.social
did:plc:rp3biqorcb2le4qiycmv7c3q,1,joat3.bsky.social
did:plc:rpbcrfqcj5fc3fybugwm3kc6,1,joat3.bsky.social
did:plc:rpd75akfqpibmck2opolsj44,1,cvenash-vishneri.bsky.social
did:plc:rpe6pcxtult5zx2ossmkqxp3,1,joat3.bsky.social
did:plc:rpmanl6nqmhedot52frlu2os,1,cnr-isp.bsky.social
did:plc:rpqoctcwqea2x25jkyhchumv,1,convenor.bsky.social
did:plc:rpwduj2dvwfb3qkzev3eraad,1,ceona.bsky.social
did:plc:rq6c5g2r6jfnjwjibdtjzcyi,1,miraschino.bsky.social
did:plc:rq6tw257ojhzsuzhdgq4ajgm,1,ceona.bsky.social
did:plc:rqa7ek7hk7myz5fcj7ekj6qm,1,cnr-isp.bsky.social
did:plc:rqbmbnxim3lb7grcj2e656ga,1,markthemark.bsky.social
did:plc:rqflvgrlhlhx2vpgppu5rtd2,1,miraschino.bsky.social
did:plc:rqhvthd4qags7ecoa2ahezk2,1,cnr-isp.bsky.social
did:plc:rqjqwcpcwlaekhavhk2gd6e5,1,puppymelia.bsky.social
did:plc:rqmcbeqbybvgja4e5eokzhud,1,cnr-isp.bsky.social
did:plc:rqrwotxyfioha5qx645okxqh,1,convenor.bsky.social
did:plc:rqwjapdrl24dxe63dtihywnb,1,cvenash-vishneri.bsky.social
did:plc:rqz3wpsb55mmms456jd4fbwb,1,miraschino.bsky.social
did:plc:rr4spiawc2ygvaaomqhyj7tb,1,myosot.bsky.social
did:plc:rr6lmsil3rcp5j2x7q5vdo5e,1,joat3.bsky.social
did:plc:rrfsy7upxelwmqgb32nq536y,1,chrisbee.bsky.social
did:plc:rrietfjfpx4lefshe3wf67z7,1,cnr-isp.bsky.social
did:plc:rripmnmsyo2vb4c6hccja3my,1,cvenash-vishneri.bsky.social
did:plc:rrjvo5jwuateqep2i7ih5ckl,1,joat3.bsky.social
did:plc:rrk2yp76h5aftkbkhbp5irhd,1,cnr-isp.bsky.social
did:plc:rrlh3iqoxdf2ngk543vggk3g,1,myosot.bsky.social
did:plc:rrnffhvbadtjdihmeeurfim7,1,cvenash-vishneri.bsky.social
did:plc:rrpo3pdz43ob72rwtjieiblv,1,ceona.bsky.social
did:plc:rrv6l2tfnbvruywixj6pq43w,1,markthemark.bsky.social
did:plc:rs7jvv4carbljwdtp5yncyyr,1,chrisbee.bsky.social
did:plc:rs7tx6rdu73tzrxlnf6s4alm,1,myosot.bsky.social
did:plc:rsas35cgcwhy746cccm33j5h,1,cvenash-vishneri.bsky.social
did:plc:rsiolr6bxnnrq4wpjqhljuz4,1,joat3.bsky.social
did:plc:rsmhtfowzhxaivg7nanfgs3w,1,myosot.bsky.social
did:plc:rstob22jg4epfq7gesrptz5j,1,myosot.bsky.social
did:plc:rsup7nzumdqgq5ujgcqhorg7,1,cnr-isp.bsky.social
did:plc:rsxxbfgs6jh5u6633eupbwgg,1,cvenash-vishneri.bsky.social
did:plc:rt2inx7nwmypim4fc3wtsy7j,1,cnr-isp.bsky.social
did:plc:rt2wewj6s32ldemohavet7jz,1,markthemark.bsky.social
did:plc:rtmjrktyqq3seraoo2omev3e,1,convenor.bsky.social
did:plc:rtsb76mbp2setqajgs46ixc5,1,puppymelia.bsky.social
did:plc:rtswrhwscovxlvqqpkb55xk2,1,joat3.bsky.social
did:plc:rtygyvnzch3w5uiigvhx6bpd,1,cvenash-vishneri.bsky.social
did:plc:rtzy473zhdacwvot4crcrii6,1,myosot.bsky.social
did:plc:ru65ozb5qqwignfv2gk5bm4z,1,miraschino.bsky.social
did:plc:rv2kjf5dz2ebioyiviww32aq,1,cnr-isp.bsky.social
did:plc:rvbadgvrafx3glamipm6jhzg,1,markthemark.bsky.social
did:plc:rvehf5y4im2e3ovi65o2qlpa,1,cvenash-vishneri.bsky.social
did:plc:rvgw6lzk6p7k34bnkilsykrc,1,ceona.bsky.social
did:plc:rvj3kf4h4pgcnjbfa4ohq62p,1,miraschino.bsky.social
did:plc:rvqnjzvqqkjj47sow523lyvm,1,puppymelia.bsky.social
did:plc:rvso2itxklrx7kn5qrwtkuy6,1,miraschino.bsky.social
did:plc:rvuee746th6j5qacfrfc7jed,1,ceona.bsky.social
did:plc:rwagsy7pvlw5vs4de56ofgvr,1,joat3.bsky.social
did:plc:rwfkibrvcmrz4dwk62ld3xu3,1,miraschino.bsky.social
did:plc:rwjpfb5qasf4eo7t2qyf7vg5,1,joat3.bsky.social
did:plc:rwjr33coj642xq7zxjbr3jn5,1,convenor.bsky.social
did:plc:rwpkg5irdcbucmk5dfwwdmua,1,joat3.bsky.social
did:plc:rwshgxatfkhzyntcwpfp55h5,1,joat3.bsky.social
did:plc:rwwffrdsbcz6e5w23qgdeswk,1,ceona.bsky.social
did:plc:rwzls6w6m3qnaah56fwpdqqk,1,miraschino.bsky.social
did:plc:rx3mdsvu4iar73u6kfue22zu,1,convenor.bsky.social
did:plc:rx523zhsyxwvjr34fz7vual3,1,joat3.bsky.social
did:plc:rxa6ikgetmq3eq5iysvw7wdp,1,markthemark.bsky.social
did:plc:rxgeadpy4gsscluxqzrw5qpj,1,cnr-isp.bsky.social
did:plc:rxgypil5pkwmgvnyljapyd5y,1,chrisbee.bsky.social
did:plc:rxhqe6s3hvcwaucqqmhkr5wh,1,cvenash-vishneri.bsky.social
did:plc:rxpi5obgfxrl2onlyg3pf7zo,1,puppymelia.bsky.social
did:plc:ry2ztnho4t7eywfivg4gcq4p,1,puppymelia.bsky.social
did:plc:ryavgqaxsa2ob76ymsbzw72j,1,ceona.bsky.social
did:plc:ryghenqytmypv7vv2fg43pup,1,cnr-isp.bsky.social
did:plc:ryku3zw5wsf76ofvn4tjtx4s,1,cvenash-vishneri.bsky.social
did:plc:rylez2igl54zjm6crbistybu,1,puppymelia.bsky.social
did:plc:ryretpnv2mnbu6nycsx3rczq,1,convenor.bsky.social
did:plc:ryyyuw2uf7mba2stfqwo335n,1,convenor.bsky.social
did:plc:rz3w2lavyjozt7i6cjhpnzmq,1,joat3.bsky.social
did:plc:rz6grfppdzkzytcwnb66nldn,1,myosot.bsky.social
did:plc:rz7icwh7zavinwz4rnsy6m76,1,cnr-isp.bsky.social
did:plc:rzljwp5qpdak4fllnnoma7a6,1,ceona.bsky.social
did:plc:rzn6yramffebefeitqifiqqz,1,cvenash-vishneri.bsky.social
did:plc:s23bifpekspdvuwebkdldyih,1,puppymelia.bsky.social
did:plc:s2ahnyyou2ocsnkyjai3u3na,1,ceona.bsky.social
did:plc:s2esyvxdshsz5t64io6y4kzf,1,joat3.bsky.social
did:plc:s2impx2j3jr2xmrwe5rbvitm,1,chrisbee.bsky.social
did:plc:s2jdqj52nq7e7qmvkmvfnbah,1,markthemark.bsky.social
did:plc:s2jt225rbhwqjh5qq6vggcb4,1,markthemark.bsky.social
did:plc:s2rue7bw6mjbreyazkswdp2k,1,ceona.bsky.social
did:plc:s2vecbywjiixr7od3kxpldja,1,miraschino.bsky.social
did:plc:s2xvhsr35b3ws4vmz777k3e4,1,puppymelia.bsky.social
did:plc:s326cjaykxxfbca5mmsptnqw,1,puppymelia.bsky.social
did:plc:s35rqnegodg7yh7jncs7hqyh,1,chrisbee.bsky.social
did:plc:s3gubg37t26gibuhtwbby6lt,1,joat3.bsky.social
did:plc:s3gytuckvaashybl247oxrnz,1,joat3.bsky.social
did:plc:s3j23egkbrh3a6j5ijeeb35i,1,cnr-isp.bsky.social
did:plc:s4ad7z5jsu47f3fhygtidauy,1,convenor.bsky.social
did:plc:s4hw5wygac7g3kcoezj6idp7,1,puppymelia.bsky.social
did:plc:s4y4plt4qjkpyb5ogscsq5y7,1,myosot.bsky.social
did:plc:s53xigqclj2dqmywhvbtmgqt,1,chrisbee.bsky.social
did:plc:s544ou3ci3yxvmoxo3ltlzfb,1,convenor.bsky.social
did:plc:s56exbenoqmxz6iihbhpvpej,1,chrisbee.bsky.social
did:plc:s5bkdaho5nkdg4wqs6eiale6,1,ceona.bsky.social
did:plc:s5br5iqnzmjvbihs2u7koyjo,1,markthemark.bsky.social
did:plc:s5fi6htc7xhnshxxn37dg65c,1,convenor.bsky.social
did:plc:s5gdjb7mdkdnrluembrgjmho,1,myosot.bsky.social
did:plc:s5j3ei64o3cpoubcivubmxmk,1,markthemark.bsky.social
did:plc:s5k2fdjbe23xz6v75nzudc6n,1,joat3.bsky.social
did:plc:s5m6j22w2x2btnmsdmxxrj2v,1,cvenash-vishneri.bsky.social
did:plc:s5olh6qs2nopbsxwayif2ad5,1,puppymelia.bsky.social
did:plc:s5tihdkhmusrhlsvntgxjx62,1,markthemark.bsky.social
did:plc:s5xvwzyhy352e3yguorxm53o,1,myosot.bsky.social
did:plc:s62emgsn5lh2sr7yzaylbnyo,1,cnr-isp.bsky.social
did:plc:s62xusiub4kjfwgysb2tjvh7,1,joat3.bsky.social
did:plc:s6cng32bwojuu4jwuttch2u5,1,miraschino.bsky.social
did:plc:s6gdrng4tc6eljsse64mx2ux,1,myosot.bsky.social
did:plc:s6qvcgd7h7uedau5gz4jsvzk,1,myosot.bsky.social
did:plc:s6shxmyje3ytdrhjgqb6xhe6,1,chrisbee.bsky.social
did:plc:s6sz26g6o3unspiust4g5twr,1,chrisbee.bsky.social
did:plc:s6thnapzvbim4hyu6jgz4e6f,1,chrisbee.bsky.social
did:plc:s6uvdjpbaxvrmjobeljmhkhv,1,miraschino.bsky.social
did:plc:s6vzvqfjmjtia3g6vgempufp,1,myosot.bsky.social
did:plc:s73ejyulktlslpahtqttsdnt,1,cvenash-vishneri.bsky.social
did:plc:s7bxonmjje3t5kw2dmj26mfk,1,convenor.bsky.social
did:plc:s7dhr53war7rgxm2mail6xvy,1,cvenash-vishneri.bsky.social
did:plc:s7e2pgitidbupzya3eujgz2c,1,cvenash-vishneri.bsky.social
did:plc:s7uayagc3l35lw5qsqyufzzv,1,myosot.bsky.social
did:plc:sa7msyj53e24gritbmr6rbdc,1,markthemark.bsky.social
did:plc:saaiyyrdho4lgd6xmpdjuql2,1,miraschino.bsky.social
did:plc:sadohffvzlwvxds2scjiekib,1,cvenash-vishneri.bsky.social
did:plc:sagc2ib3ztottoxd7hhisedy,1,joat3.bsky.social
did:plc:sajwk2kma5oeryy6odgweciz,1,puppymelia.bsky.social
did:plc:sarrniko3z3hbrslrts63ep2,1,myosot.bsky.social
did:plc:sauu665gjpunlshqv22gwnki,1,myosot.bsky.social
did:plc:sayarj2h4xspuzcwshjbzihk,1,markthemark.bsky.social
did:plc:sayd7sy4btfjfr2bvevtim7m,1,convenor.bsky.social
did:plc:saz7zddfdmwnjpznkpdks2te,1,chrisbee.bsky.social
did:plc:sbasfjrcszsjld6qyta6nboy,1,chrisbee.bsky.social
did:plc:sbhw3des2nsf5hsl3bgiqc5b,1,cnr-isp.bsky.social
did:plc:sbic7kgsgds6zcdlr63ljpq4,1,markthemark.bsky.social
did:plc:sbjdfmn6ttcskoxwrn2yc45f,1,cvenash-vishneri.bsky.social
did:plc:sblju4a66qwthmosnm4m7k4e,1,puppymelia.bsky.social
did:plc:sbwmcjvntqwa3lpb3stutzbq,1,cvenash-vishneri.bsky.social
did:plc:scaqnpaxh3664fbhebr7mpex,1,ceona.bsky.social
did:plc:scbsenwwgxb34wbsnk5v2t7y,1,miraschino.bsky.social
did:plc:scby54ck3bhtzvgapiozabmt,1,cnr-isp.bsky.social
did:plc:scmd2qwx22e4juwafmurnwtt,1,convenor.bsky.social
did:plc:scmypm5uhjoraihskqewd33b,1,chrisbee.bsky.social
did:plc:scrqq5j4gmerx5cpuxxo6sxf,1,miraschino.bsky.social
did:plc:scw3thtwt3raf3irrcbjux6o,1,joat3.bsky.social
did:plc:sdeazca42ycfvy25ws5d6x77,1,ceona.bsky.social
did:plc:sdj35csa7s772klnrwfe4q4k,1,convenor.bsky.social
did:plc:sdjy7v3yrsvudv5exq6prama,1,chrisbee.bsky.social
did:plc:sdnwzcwpxbykhufbu2nfgbz7,1,chrisbee.bsky.social
did:plc:sdpcll5b2salx43azd6m5zri,1,markthemark.bsky.social
did:plc:sdq4w6twhdnechel3zytyasb,1,cnr-isp.bsky.social
did:plc:sdti4udovd75tyzz2w45oytj,1,puppymelia.bsky.social
did:plc:sdu4rudzew7rtf26u5o4bdf7,1,markthemark.bsky.social
did:plc:sehe5pdc7ptfh5ayttdusqpp,1,cnr-isp.bsky.social
did:plc:semtl4d4s2dlfnylpshzznz7,1,cnr-isp.bsky.social
did:plc:sexf5wpz635rcqzqcruronod,1,markthemark.bsky.social
did:plc:sfjhatb4xl76ufpeoou6zemu,1,puppymelia.bsky.social
did:plc:sfkenhs7cks34wadrk4pt3mg,1,cnr-isp.bsky.social
did:plc:sfvpv6dfrug3rnjewn7gyx62,1,chrisbee.bsky.social
did:plc:sg5iis7i6a5rlfevfxsxsp32,1,myosot.bsky.social
did:plc:sgdtr5pk56cn2tmptk4msohl,1,myosot.bsky.social
did:plc:sgennjcaon5jfeucbb23wosg,1,puppymelia.bsky.social
did:plc:sggu3sdsec2czdysb4xro3u5,1,chrisbee.bsky.social
did:plc:sghe7apqdkp4jq7l6iwho6qs,1,markthemark.bsky.social
did:plc:sgncmpjxoa5b7omh5vyxsjjg,1,chrisbee.bsky.social
did:plc:sgqlb2os5537waze4wjtfprl,1,chrisbee.bsky.social
did:plc:sgs34t63jwgdjetgf33qstxx,1,convenor.bsky.social
did:plc:sgvavy4v2zw7dpff5vvhucp3,1,ceona.bsky.social
did:plc:sgztplfa6q6n23nuqh5n3htk,1,cnr-isp.bsky.social
did:plc:shbrsjbjrqrsnjxwniprp6s6,1,chrisbee.bsky.social
did:plc:shpl2mqsbnuriauvja67v2tu,1,joat3.bsky.social
did:plc:shtjnk3ltpfepspkmx5vpxki,1,ceona.bsky.social
did:plc:shvcch6zidwvxiu4nqt54vmx,1,ceona.bsky.social
did:plc:sicp3hqm6e4d4w75eqgaam7m,1,cvenash-vishneri.bsky.social
did:plc:sicrze73fnfen7lp5nf427om,1,markthemark.bsky.social
did:plc:siffxwdwvrfmfkgu5rq3jnqs,1,myosot.bsky.social
did:plc:sikb7awvbhsw2suaq7jkthrl,1,puppymelia.bsky.social
did:plc:sikoz2slyl5n3xjy7kdvout6,1,cvenash-vishneri.bsky.social
did:plc:sip7ou7ani4zjtwzzuu5byz5,1,puppymelia.bsky.social
did:plc:siq66nk4h2izdd2yspsvt76g,1,markthemark.bsky.social
did:plc:sj5dhvqkvbe5ypjeye35b2ya,1,joat3.bsky.social
did:plc:sj7ub6e7qkrwjx5hdozgmcny,1,joat3.bsky.social
did:plc:sjaq5j6zeauhh5ae23hwovqk,1,chrisbee.bsky.social
did:plc:sjbhutt4v7ejfxkdact37nhy,1,puppymelia.bsky.social
did:plc:sjfzrcbmuion6723ocvb65qk,1,ceona.bsky.social
did:plc:sjgizigq5lpoor3vs7q4comt,1,cnr-isp.bsky.social
did:plc:sjkejq265pwuuofz64oy5av6,1,markthemark.bsky.social
did:plc:sjklm7waiw6mohglf346cdub,1,miraschino.bsky.social
did:plc:sjnpa4qhzokaq7rcnmhqbdbu,1,myosot.bsky.social
did:plc:sjzzgvpkgvihtkc436p4t4uf,1,ceona.bsky.social
did:plc:sk66blfv4ylvtfc3arhkhe5x,1,ceona.bsky.social
did:plc:skdzb3h536wjnuo4daobrlpe,1,convenor.bsky.social
did:plc:skf244z64dfa5yvynksq65ij,1,chrisbee.bsky.social
did:plc:skikew7rrrfr5rmmimbluyyo,1,markthemark.bsky.social
did:plc:skocrn3iadj7gw3ymipso6ec,1,cnr-isp.bsky.social
did:plc:skp3qm4uzzfz2koq2elzufyb,1,cvenash-vishneri.bsky.social
did:plc:slkw3k6tv3ts3nm7dzmxxx4w,1,ceona.bsky.social
did:plc:slo6mpsu7oytu6i5qt5cfeoo,1,ceona.bsky.social
did:plc:slthkck7i67mmtktuasxul4y,1,chrisbee.bsky.social
did:plc:slyoj3s2yjf37ahwnvn6yg7b,1,miraschino.bsky.social
did:plc:smaif2yqhnkw2uumjal4nc34,1,chrisbee.bsky.social
did:plc:smgp2jzrs2wjprizbgyno24y,1,ceona.bsky.social
did:plc:smmj6cow4m6wgtqgypsrhwbq,1,myosot.bsky.social
did:plc:smtwdru6b2puve4sxhtrvzry,1,cvenash-vishneri.bsky.social
did:plc:smwduuoirvwdkmmbn7ujhtq5,1,markthemark.bsky.social
did:plc:smyquqoqwtofsketywvxnqr4,1,joat3.bsky.social
did:plc:snbbshdgooh6o34iu4m34cgp,1,markthemark.bsky.social
did:plc:snharmz3zov7tw4qvrj7ioq5,1,cnr-isp.bsky.social
did:plc:snloisw6wzfidjtmc7s4pjqo,1,ceona.bsky.social
did:plc:snnoii4ou7st6jyfisizeguy,1,markthemark.bsky.social
did:plc:snr5yk37j7ezcyxvhschmrn5,1,joat3.bsky.social
did:plc:snybjce33eqh2we2gjubg4pz,1,ceona.bsky.social
did:plc:soqo5xlnapdduc4ul2jp2zen,1,miraschino.bsky.social
did:plc:sostfwoo34hkha6ewiqap7m2,1,cnr-isp.bsky.social
did:plc:sotpdkkretr3btmgogr6pzit,1,chrisbee.bsky.social
did:plc:sov7xs5hxquxak3pqaxwu672,1,chrisbee.bsky.social
did:plc:sovgsflc5s7yrp6zhhoz66ge,1,ceona.bsky.social
did:plc:sp4ywsk4ykfkw2cshoqo3s7p,1,puppymelia.bsky.social
did:plc:spllaoguucgi5uzvmvjtq6py,1,puppymelia.bsky.social
did:plc:sprjkeji3u6egamgt52fq7kh,1,cnr-isp.bsky.social
did:plc:spz7xtxwn7tareapqzouydsh,1,ceona.bsky.social
did:plc:sq3zfdglhx3t4y4e3topnjv7,1,joat3.bsky.social
did:plc:sqjam2y7la5xzsatra56z5ew,1,chrisbee.bsky.social
did:plc:sqnnthrwp3apucyy35jw4dqz,1,miraschino.bsky.social
did:plc:sqq7k5a5w7kc7w2fdfmiv34n,1,cvenash-vishneri.bsky.social
did:plc:sqqrm2pdjjmfqovxmj6of5wz,1,cvenash-vishneri.bsky.social
did:plc:sqrlgbxlx5kpcyaknm6m3xi5,1,ceona.bsky.social
did:plc:sqs63jdfm7poxlphd6o3k4bk,1,chrisbee.bsky.social
did:plc:sqtd523tloa7uhnq26atlq32,1,markthemark.bsky.social
did:plc:squtskn6vj2kdfebwuypkbig,1,puppymelia.bsky.social
did:plc:sr2h5scosxjrshhv27vwcy4p,1,joat3.bsky.social
did:plc:sr653z6perga5tmyhlaiwazb,1,miraschino.bsky.social
did:plc:sra2l3ngc44ykcj3andvu52k,1,miraschino.bsky.social
did:plc:srj4txskrvhmf3kfme7kvug2,1,cnr-isp.bsky.social
did:plc:srrq5hq7tkyurjtvrjg5pikt,1,markthemark.bsky.social
did:plc:srzxzxazca4ldcbgndcz54oq,1,cnr-isp.bsky.social
did:plc:srzymqzqmylynq5em3ieuemq,1,convenor.bsky.social
did:plc:ss2xhickf6y5brx3r2yqxoac,1,cnr-isp.bsky.social
did:plc:ssb6xcc5kcg4znnockp7gkwq,1,myosot.bsky.social
did:plc:ssbtsn5xtuswicqpivh5zsci,1,ceona.bsky.social
did:plc:ssgxobswpw6qj5lt7xr3dj2a,1,chrisbee.bsky.social
did:plc:sslhdlodnlt6wl557fvibgdx,1,cvenash-vishneri.bsky.social
did:plc:sst7xacuw73i756gzgiq5orw,1,convenor.bsky.social
did:plc:ssx6ctk6tuw7xusc2syhh2tq,1,cnr-isp.bsky.social
did:plc:ssxnmhdtz6le6nxu7jfhglz6,1,myosot.bsky.social
did:plc:sszxar2ic254k5j5mmkwyvqy,1,miraschino.bsky.social
did:plc:st455qfrdvn4gxk67kbyml2p,1,convenor.bsky.social
did:plc:st4ie2bbwnnwjh73ep7i5td2,1,miraschino.bsky.social
did:plc:stkrxqen552h7okw3abk7q44,1,miraschino.bsky.social
did:plc:stq45dchpb5iht5u4ug2to3i,1,ceona.bsky.social
did:plc:stsfvc3wy7pkija3fjzwttpu,1,convenor.bsky.social
did:plc:stvanrh7ffo7hlec436hxhhp,1,chrisbee.bsky.social
did:plc:stzfzgkgxmvt4jxxo7ofyv4p,1,myosot.bsky.social
did:plc:stznz7qsokto2345qtdzogjb,1,puppymelia.bsky.social
did:plc:su4suiigxxcmr2kwqbgk62cb,1,cnr-isp.bsky.social
did:plc:su55c6xta2z343l6xza5bkyz,1,ceona.bsky.social
did:plc:su7q6jngaiyjueenbbabq43s,1,joat3.bsky.social
did:plc:suc2vtqcqer34dz3pazkaj23,1,joat3.bsky.social
did:plc:suhzwo6gi4qqqrei47uecudc,1,puppymelia.bsky.social
did:plc:sutfnbxgmadz3iyibouch4em,1,miraschino.bsky.social
did:plc:suvi3yatcgcfl32ebfp2g7lp,1,ceona.bsky.social
did:plc:svajrqyh6nd6rxa2ksfanobd,1,miraschino.bsky.social
did:plc:svawqo4jxobyyuqmixplvcux,1,ceona.bsky.social
did:plc:svdxymfh6iqmphusmvfwr6zk,1,miraschino.bsky.social
did:plc:svh6dgjnpkdl4dhxahj4xvkv,1,convenor.bsky.social
did:plc:svj5xlrdsy7lyljls4kmaqmg,1,ceona.bsky.social
did:plc:svlh756v7w5syng3ykbpvawp,1,cnr-isp.bsky.social
did:plc:svop52s6cguzoup2ut652yxd,1,chrisbee.bsky.social
did:plc:svqnlmnmvjr2744wt3k7bdzb,1,cvenash-vishneri.bsky.social
did:plc:svwjhifqgtyzg654c3kv2zum,1,puppymelia.bsky.social
did:plc:sw4zioqvd3nmsdhg4l2nxoxr,1,puppymelia.bsky.social
did:plc:swihqwy34h3j327ecoh775uk,1,joat3.bsky.social
did:plc:swkbrttvk52ovdxtnzadqbf7,1,convenor.bsky.social
did:plc:swysys72eqlzcflimtafshu4,1,markthemark.bsky.social
did:plc:sxcxieubxbpxpttqbdsxju2r,1,chrisbee.bsky.social
did:plc:sxp2y3lti3vjimzjdv54udjj,1,miraschino.bsky.social
did:plc:sxpjalh62nw32zfxu7i75lmc,1,joat3.bsky.social
did:plc:sxtc5qdwj7luqpnpzgqp4vyq,1,puppymelia.bsky.social
did:plc:sxttw4f3ket2uyrrtc5ou4n2,1,convenor.bsky.social
did:plc:sxuckgrlkb4n5jfjhzbkwy5e,1,joat3.bsky.social
did:plc:sxwvbdrclbll6tocbudkerii,1,puppymelia.bsky.social
did:plc:sxycbdpn26p57ezdfavvlsdc,1,puppymelia.bsky.social
did:plc:sydgch52imx6ti3dgceuaoxo,1,markthemark.bsky.social
did:plc:synyggc2ezclwmp2e4st2xij,1,cnr-isp.bsky.social
did:plc:syrpfadt4tjvp3v26nguadwp,1,cnr-isp.bsky.social
did:plc:syy3p4up3jkclmhetjnvby4g,1,convenor.bsky.social
did:plc:szasbq36ixe2yxldh7aibv4v,1,joat3.bsky.social
did:plc:szekkzpnz3f4rmvw2iicgfdp,1,chrisbee.bsky.social
did:plc:szfranvpcsglqyzj5ayuqnmq,1,joat3.bsky.social
did:plc:szfybyj7t6g4awhgukcor4eu,1,markthemark.bsky.social
did:plc:szgpwspblz7t77ido4tpq6id,1,myosot.bsky.social
did:plc:szhwwnsveoemr6yqzrztrxgh,1,ceona.bsky.social
did:plc:szpanvczvxnu25lbg6uolxbf,1,myosot.bsky.social
did:plc:szszhxvp46zm3f5bqe4eye73,1,puppymelia.bsky.social
did:plc:szviw2goiw6kjdjgqbnfp2p2,1,cvenash-vishneri.bsky.social
did:plc:szyhlcmd2j7ylef3lq35qsxn,1,joat3.bsky.social
did:plc:t2cn2v3p67gmbimhb5rg4xso,1,convenor.bsky.social
did:plc:t2dwczu74c4h6kvsp2l7vtqo,1,myosot.bsky.social
did:plc:t2j6esoa44goyt2lmslrfh64,1,cvenash-vishneri.bsky.social
did:plc:t2nghebarpv57qy36bjfftz6,1,markthemark.bsky.social
did:plc:t2olko445fdv6sysjusj3zwf,1,cnr-isp.bsky.social
did:plc:t2t6buwwc5g6zrp2nfgzjhp4,1,miraschino.bsky.social
did:plc:t2xamneh7vuhno6anazpuokz,1,convenor.bsky.social
did:plc:t2ylcyj4rfbzxutepimowxkl,1,cvenash-vishneri.bsky.social
did:plc:t2zspmoxpsiftgzecdejaf6c,1,miraschino.bsky.social
did:plc:t32btcidwxnzt67whmgvgiqv,1,puppymelia.bsky.social
did:plc:t36ovzt6zk3n37a2ljwphu2y,1,ceona.bsky.social
did:plc:t3azqiusamnnb7jchpmeyu2z,1,joat3.bsky.social
did:plc:t3btwsojdogkrap3g5pwl4dw,1,cvenash-vishneri.bsky.social
did:plc:t3rlpvj5m6ad5cojmejw6vrl,1,cvenash-vishneri.bsky.social
did:plc:t3ybkiicxvv5324wy4adw2ib,1,miraschino.bsky.social
did:plc:t447jzkbhevkcgcd6q7355el,1,markthemark.bsky.social
did:plc:t46mdf5a6siwvph6fzacd3lq,1,myosot.bsky.social
did:plc:t4davgjnme2m2ae4wowejz5w,1,cvenash-vishneri.bsky.social
did:plc:t4dgvmh7no4ebfkgql5on27m,1,markthemark.bsky.social
did:plc:t4e3htorgl2hcko4z3xnz4mt,1,myosot.bsky.social
did:plc:t4i3a4fawuzge3dsw2i2h2fw,1,puppymelia.bsky.social
did:plc:t4ikp74czh4bakyi6vuqhiql,1,cnr-isp.bsky.social
did:plc:t4ntntmrwjvaasgdadkepvo2,1,joat3.bsky.social
did:plc:t4szalin5ishmsf7lpyadbpl,1,ceona.bsky.social
did:plc:t4ugv6iefacyjydoheigp4ju,1,ceona.bsky.social
did:plc:t4ulzfxqbwh6ted5in6rsp7x,1,cnr-isp.bsky.social
did:plc:t4x2ruk2qmob2b2cx55h4v7r,1,markthemark.bsky.social
did:plc:t527twpbkjjypbfhifhshlvz,1,convenor.bsky.social
did:plc:t56dluqkcinxwcepofodntcb,1,markthemark.bsky.social
did:plc:t5bbi33ouvvqpms7te3667jq,1,ceona.bsky.social
did:plc:t5eubisva56wptsne4eyru2z,1,cnr-isp.bsky.social
did:plc:t5ghc7dukfzr5rn27545laoy,1,miraschino.bsky.social
did:plc:t5gldd6bdkwyyqc7hq2yiojg,1,markthemark.bsky.social
did:plc:t5njpqp5tiax6kkofbu3d2rf,1,chrisbee.bsky.social
did:plc:t5pdaa4ft35prjjwt22aw5fj,1,miraschino.bsky.social
did:plc:t5qzqbg5pdfdi4fe75otfnh3,1,myosot.bsky.social
did:plc:t5sm3tlhgmegqmgknvig763q,1,markthemark.bsky.social
did:plc:t5yhral75hjd25rwoiuxcber,1,joat3.bsky.social
did:plc:t5yjf3iirxqctylclrawr4ew,1,cnr-isp.bsky.social
did:plc:t6afkfo4zybgbcg67uvo7ug3,1,convenor.bsky.social
did:plc:t6k7n7v7tk3fhkfy3bjpdedr,1,myosot.bsky.social
did:plc:t6rxo5sc2e6c5vr5mdoyftrb,1,myosot.bsky.social
did:plc:t6usvmimnapxol3arhn7fwla,1,markthemark.bsky.social
did:plc:t6vit4td376qe4iu4sxodnnv,1,markthemark.bsky.social
did:plc:t6y56blxqjtxyvabbbeanw5m,1,markthemark.bsky.social
did:plc:t7hbszkxe24vljslilowu436,1,miraschino.bsky.social
did:plc:t7kprqn6zg72khc672basiol,1,miraschino.bsky.social
did:plc:t7zop77dwbqjsxb46mqwkdbn,1,myosot.bsky.social
did:plc:ta2rtlhmdnwuszkrpjeb5adu,1,markthemark.bsky.social
did:plc:ta5pjzrauhhsydet7y3zmhhi,1,puppymelia.bsky.social
did:plc:tar4wbp265b3n2tehdnwdogu,1,cnr-isp.bsky.social
did:plc:taywbalsyhwq7lqt7hmgqnda,1,convenor.bsky.social
did:plc:tb2bwzxom5qv4542ru3zqcgu,1,myosot.bsky.social
did:plc:tb2zeul2jfeqaldyf4bu4xi7,1,cnr-isp.bsky.social
did:plc:tb4yuezxg5kryexkvoq6mtt6,1,joat3.bsky.social
did:plc:tb6qkixb4wiizjaaeiucwuas,1,ceona.bsky.social
did:plc:tbk2ewnmjsvwbw4cnrnsgedt,1,convenor.bsky.social
did:plc:tbnrtasq73cfnuwyl6in3rhl,1,myosot.bsky.social
did:plc:tboclm23pzrjlhnihwirwmpo,1,miraschino.bsky.social
did:plc:tbqqvyv6pjjww44glrmycaxl,1,markthemark.bsky.social
did:plc:tbr4cunn6r4hox73ybzjfwt3,1,cvenash-vishneri.bsky.social
did:plc:tc3fs3kclx3guxehbolesc3d,1,joat3.bsky.social
did:plc:tczqg3f3dgws2capon74dufj,1,cnr-isp.bsky.social
did:plc:tdpqk6tysgktc7oxzysbjove,1,myosot.bsky.social
did:plc:tdra7t3s746ydjy7k4ohobjx,1,myosot.bsky.social
did:plc:tdrhqvewfjmm4kbmyahvuqxp,1,puppymelia.bsky.social
did:plc:tdtimcnvktlldjazzcccmtky,1,myosot.bsky.social
did:plc:tdzygxnczanj2lbawsxy7ay6,1,puppymelia.bsky.social
did:plc:te3rqfjzvze355bnq5zpd7fx,1,miraschino.bsky.social
did:plc:teodkqnn72mq66rpu7gdbksc,1,chrisbee.bsky.social
did:plc:teugamdi4b3k2eavn3jtbyix,1,miraschino.bsky.social
did:plc:tezsl6gexbdjcwznslm3snhi,1,cvenash-vishneri.bsky.social
did:plc:tfcfinlt55bchirdqxsjbat4,1,convenor.bsky.social
did:plc:tffovqfturjnyi3ma2z5ggvg,1,ceona.bsky.social
did:plc:tfg772wapzhpzg623axwsa45,1,joat3.bsky.social
did:plc:tfizrcwbbvnm737nncps6of2,1,joat3.bsky.social
did:plc:tfogkr5kg4fdbc6h5ex6s4ww,1,cvenash-vishneri.bsky.social
did:plc:tfr22aab6bexti4dffr4vj7z,1,chrisbee.bsky.social
did:plc:tg4ft2pjurulz2n4uivokbm4,1,cvenash-vishneri.bsky.social
did:plc:tg755kkwd4zswmfkl6nmw7ai,1,convenor.bsky.social
did:plc:tg7vmm72ocl6pnjsmjowwpis,1,puppymelia.bsky.social
did:plc:tgcxu7gkn4gmz6wyscgjr4xt,1,puppymelia.bsky.social
did:plc:tgdrim4xj7vjs76ley7umke2,1,cvenash-vishneri.bsky.social
did:plc:tgpooilij5ef5e5hbtwrcxye,1,chrisbee.bsky.social
did:plc:th5bdufvz6uorujhrtpm35x7,1,puppymelia.bsky.social
did:plc:thaps5z5iplsefk7gl57fsrv,1,convenor.bsky.social
did:plc:thcjgf2zsglspjpbudhg2jhp,1,miraschino.bsky.social
did:plc:thcy7trxwpcypoic2dkqg2d7,1,miraschino.bsky.social
did:plc:thibvit7r743tnlh5kthwlzb,1,markthemark.bsky.social
did:plc:thigatosnyxffhfeyxgaahdf,1,puppymelia.bsky.social
did:plc:thma5z5im2d4q4sogkwnynqk,1,cnr-isp.bsky.social
did:plc:thornjry5av3mtaikriu7hnp,1,ceona.bsky.social
did:plc:thryfn6ycubsrsjctahopq4e,1,myosot.bsky.social
did:plc:ths4pbkz3oykmr23mu72mv3z,1,miraschino.bsky.social
did:plc:thsfjytao2n34idcor6b3smz,1,cvenash-vishneri.bsky.social
did:plc:ti2og3ptb3ydqvqgkrftfqna,1,markthemark.bsky.social
did:plc:ti6bcd66xje2or4el7cvewux,1,miraschino.bsky.social
did:plc:tiaodgr5mu3iyiqiwfunedxw,1,cvenash-vishneri.bsky.social
did:plc:tier6vro6q7ygxmgzokvdbn7,1,puppymelia.bsky.social
did:plc:tifnqwnzjluw6c4vedxpexlv,1,ceona.bsky.social
did:plc:tiiu37evub6lcxb3rjm5rltm,1,miraschino.bsky.social
did:plc:tijzm6y2expaxusvjuip2reh,1,puppymelia.bsky.social
did:plc:tikwnqk2anjkxkmt3ktznkmd,1,cnr-isp.bsky.social
did:plc:tinb6sqpuyrobl5ybj2qitzh,1,cvenash-vishneri.bsky.social
did:plc:tios4yrkfvy3z64ntdjivvch,1,joat3.bsky.social
did:plc:tioszw5tu2l7drrn7ifkqjrb,1,convenor.bsky.social
did:plc:tip7cuymsroodvayhidj6oox,1,ceona.bsky.social
did:plc:tixyo3eqxqxd4mbuxndjhfql,1,markthemark.bsky.social
did:plc:tj36jzftbkywne7hu3kzilfn,1,markthemark.bsky.social
did:plc:tj464inwziqfkun4e6wyumcm,1,joat3.bsky.social
did:plc:tjd26tjkiacc3kmmyjnnnikf,1,ceona.bsky.social
did:plc:tji36hxljzds7dyhzmzwmhrw,1,markthemark.bsky.social
did:plc:tjpslqen7btstw7smn2prtgp,1,convenor.bsky.social
did:plc:tjqlsrsls5tmqft27fs2m5zh,1,myosot.bsky.social
did:plc:tjrczgbda3estmbansluhwut,1,myosot.bsky.social
did:plc:tjugpqcqj4zhgnc2dw6iezwj,1,cnr-isp.bsky.social
did:plc:tjvm4hlnlg6ici5zmxdy64u4,1,convenor.bsky.social
did:plc:tkczr4vbqfwnfcwxl4cib7nf,1,markthemark.bsky.social
did:plc:tkl7hsgudz7kjsbaprrgz72y,1,puppymelia.bsky.social
did:plc:tkwg6dlplxunexhoj7vuojkb,1,miraschino.bsky.social
did:plc:tkwws5bwhlibz332qr43qsno,1,markthemark.bsky.social
did:plc:tkyepti3nubblbfgjuluqkwa,1,puppymelia.bsky.social
did:plc:tlcvcf5eqju6ccmdsrzxw72a,1,miraschino.bsky.social
did:plc:tlefyjalvwfihhddeqznqthz,1,miraschino.bsky.social
did:plc:tlntuxcagiflpa5pyv4zfgpn,1,markthemark.bsky.social
did:plc:tlojz56rvey26hcckyhhfvzb,1,ceona.bsky.social
did:plc:tlsum37i4vz4uq6z3fxd556n,1,joat3.bsky.social
did:plc:tlurdf37br2sy35eoit6lzhs,1,ceona.bsky.social
did:plc:tm7p6vdst4yap6smjve4cxwt,1,cnr-isp.bsky.social
did:plc:tmbqz45l6mbfo7lugwcjzn6g,1,puppymelia.bsky.social
did:plc:tmll5ar254zm7udqdaug4gd3,1,ceona.bsky.social
did:plc:tmnddtemeiacznaj74xm72tq,1,convenor.bsky.social
did:plc:tmot5hkshkucrfkpy3rfl5qa,1,cvenash-vishneri.bsky.social
did:plc:tmrmxq4dlqmtasm2vi4lpb62,1,cnr-isp.bsky.social
did:plc:tmue33iquiza4feuki3rm2c4,1,puppymelia.bsky.social
did:plc:tmvk3zbv5uvbayntwkaqwchc,1,puppymelia.bsky.social
did:plc:tn4xkqr4xxgdm5gxtu5pvujm,1,joat3.bsky.social
did:plc:tn54edx7z324qfpt5hc7nal5,1,miraschino.bsky.social
did:plc:tnctrxi2kyn7hodov6qbkyf2,1,cvenash-vishneri.bsky.social
did:plc:tnjrns5qq6c7gjjpmy5rdxmx,1,cvenash-vishneri.bsky.social
did:plc:tnl5zdqcn6bnac23nbpil5z5,1,puppymelia.bsky.social
did:plc:tnlpwg55pvz2uzifndvevv3j,1,puppymelia.bsky.social
did:plc:tnmp6467ipf6zorn2ett5vhy,1,cvenash-vishneri.bsky.social
did:plc:tnp55l2ohqqrcbuqqyskyuxg,1,cvenash-vishneri.bsky.social
did:plc:tnswcensnnlzuh7vaq6jercx,1,myosot.bsky.social
did:plc:tnukkn7prgcvapxm4cdty4pz,1,ceona.bsky.social
did:plc:tnuw3sjw6k5uxziaaegc3sof,1,joat3.bsky.social
did:plc:tnwfklc6hpsx4v6hll2vwzcp,1,myosot.bsky.social
did:plc:toaeutxkrs6asr2oswsawuhu,1,cvenash-vishneri.bsky.social
did:plc:toesne2wwtcbboxgjhk65pz4,1,chrisbee.bsky.social
did:plc:toh3yvdx3t62qlnkpd5dbkxx,1,miraschino.bsky.social
did:plc:tolkgo54oqlupopja5h5proj,1,myosot.bsky.social
did:plc:tolteij453osgpn546szzt5m,1,joat3.bsky.social
did:plc:toqpmyvxycw2gzlyld47qfne,1,cnr-isp.bsky.social
did:plc:tp3o56dfm76fuumpavhxoty3,1,cvenash-vishneri.bsky.social
did:plc:tpcaxjdiczol6z4u67e666bw,1,cnr-isp.bsky.social
did:plc:tpg3qzw3niphci6ne5wdprfr,1,miraschino.bsky.social
did:plc:tpg43qhh4lw4ksiffs4nbda3,1,miraschino.bsky.social
did:plc:tpivasbsbgyisawsw46heknj,1,chrisbee.bsky.social
did:plc:tpmdaefvofx4wpmoj5chtxel,1,cnr-isp.bsky.social
did:plc:tpud26bjuur3nhqruizvzwbb,1,ceona.bsky.social
did:plc:tq2td7o5tpmwpds6t2dgfbza,1,miraschino.bsky.social
did:plc:tq5zqcolrpsfry7a33qcqr7i,1,convenor.bsky.social
did:plc:tq7ayxz7jpws7dtes73nkm35,1,ceona.bsky.social
did:plc:tqd5nxeev5uh47nfjrpxhcci,1,joat3.bsky.social
did:plc:tqfhz4bpwhami2sds4yyd5pd,1,cvenash-vishneri.bsky.social
did:plc:tqlxuvuwac6clygtjgkm6mh7,1,miraschino.bsky.social
did:plc:tqrnczbdqsx3pdt4pjccx5yh,1,cnr-isp.bsky.social
did:plc:tqtql3wz6rgeiyteh2drjgw2,1,cnr-isp.bsky.social
did:plc:tqw3lx5qjzea6eawvpmqls52,1,miraschino.bsky.social
did:plc:tr6sqzgbqud6tjj23e7fygnq,1,joat3.bsky.social
did:plc:trahspa4abclaaljygnsngc5,1,ceona.bsky.social
did:plc:trarvfxbg55cedjervx3one5,1,chrisbee.bsky.social
did:plc:travdv7iuhj6liipmvasaqkw,1,ceona.bsky.social
did:plc:trjaqvpxbhcheqnr5fv6tkpm,1,joat3.bsky.social
did:plc:trjdisomnt7lhjepbor3uxgx,1,markthemark.bsky.social
did:plc:trnp2g5anemt3n6efd4e5h5k,1,cnr-isp.bsky.social
did:plc:trqqcu6a3xwkmserqrohveu5,1,cvenash-vishneri.bsky.social
did:plc:trrdyldt5culei742w6y3ncl,1,convenor.bsky.social
did:plc:trthd6nil535thsezck2wdrb,1,puppymelia.bsky.social
did:plc:trwu6pf5e5uazcr373cpn36y,1,cvenash-vishneri.bsky.social
did:plc:tsawugnp5byrgh6njykyhc47,1,cvenash-vishneri.bsky.social
did:plc:tscnpjuphm2npc3bezrhkkrq,1,cnr-isp.bsky.social
did:plc:tse6jcwydwtqc4xofg3esvgy,1,convenor.bsky.social
did:plc:tsivweubwfhtz5nu3k7kxi2m,1,ceona.bsky.social
did:plc:tsmqhdskjtvcm4k5nqujiapm,1,miraschino.bsky.social
did:plc:tsn2cioo4scvqsmcbpthvozf,1,cvenash-vishneri.bsky.social
did:plc:tsnb4454pqxiqnk2laguweh2,1,myosot.bsky.social
did:plc:tsqtrub2qqfugzyo6kvwgfqw,1,cnr-isp.bsky.social
did:plc:tsrxco5vokcekbx2cgtfpruu,1,cnr-isp.bsky.social
did:plc:tss3pnxwmvejy4jxh5ig4i4z,1,chrisbee.bsky.social
did:plc:tsx6to43yyillzaplegtgrit,1,miraschino.bsky.social
did:plc:tsxwqj3hljjlnxbxgxi2ulj6,1,convenor.bsky.social
did:plc:tt2yp35emoa5oxpg2xbnzawg,1,markthemark.bsky.social
did:plc:tt2zq6yn4oxvkt2n6j5usuil,1,convenor.bsky.social
did:plc:tt3yahx4uxkbunm76yjydcnu,1,chrisbee.bsky.social
did:plc:ttjirktc6gvlmewtvqjlro25,1,chrisbee.bsky.social
did:plc:ttl4pps44653u7od5naa6lim,1,myosot.bsky.social
did:plc:ttlo47nsxjsrcoph5rzsejc5,1,markthemark.bsky.social
did:plc:ttmijboii4ni6lhyaa2ovw6z,1,cvenash-vishneri.bsky.social
did:plc:ttnjjwyfpplpl6qyynvt3tbw,1,cnr-isp.bsky.social
did:plc:ttum7yaf2ow3vicglhxg7cde,1,chrisbee.bsky.social
did:plc:ttxxnn4i6efjj5ntpynaby3o,1,myosot.bsky.social
did:plc:ttyy2lt77bzolb3fkl3bj534,1,joat3.bsky.social
did:plc:tu6l765rvc4vwgmovjmrt344,1,cvenash-vishneri.bsky.social
did:plc:tu6te6jqlaqylgntzgakgnq5,1,markthemark.bsky.social
did:plc:tucg7scqa7ziypdumf7d2kbc,1,chrisbee.bsky.social
did:plc:tuf7zkuz6iwxcxphqq2yns4l,1,chrisbee.bsky.social
did:plc:tugzjkxloeshg4co6v6py5pq,1,cnr-isp.bsky.social
did:plc:tuhkkdgxrq2sm3b3pl2id4h2,1,cvenash-vishneri.bsky.social
did:plc:tuj6mkflxwz22klbftqd6mwt,1,cvenash-vishneri.bsky.social
did:plc:tuomv6oarybpichn32ltez4o,1,convenor.bsky.social
did:plc:tuxs46rncpoq3z6eyvfmhfnc,1,chrisbee.bsky.social
did:plc:tv33pt42ds3tdyqz4ev2eydn,1,convenor.bsky.social
did:plc:tv77wul4psopmfikz57c4ys7,1,cnr-isp.bsky.social
did:plc:tvgyo6upyjrwejoa6dffzhh7,1,cnr-isp.bsky.social
did:plc:tvj3a3balr2pzhw4mqjpxh3g,1,miraschino.bsky.social
did:plc:tvk6ppqivftdgq5vv7fznboi,1,cnr-isp.bsky.social
did:plc:tvmqr7lkhplvakmsgug45iau,1,puppymelia.bsky.social
did:plc:tvqm6ps4vnefk3wh4jdxev5r,1,myosot.bsky.social
did:plc:tvxv6w2kq2m5ltsnlzphciav,1,cnr-isp.bsky.social
did:plc:tvytg5lxpwyq75iidifndh3q,1,miraschino.bsky.social
did:plc:tw3w77lbjqm5362tgrxllrwq,1,myosot.bsky.social
did:plc:twasya42lpacrrncfhcrbjyv,1,miraschino.bsky.social
did:plc:twd2gx4k2f2s56gdqtsnjiol,1,miraschino.bsky.social
did:plc:twg6xce6q6hmbndti6dofpwk,1,cnr-isp.bsky.social
did:plc:twhuwtmlsafbrm5eu5q2zq4v,1,cnr-isp.bsky.social
did:plc:twyd3kl5cok4t62v4cyicx3c,1,cnr-isp.bsky.social
did:plc:txbgsm7cqdritsy75j2bx7gn,1,chrisbee.bsky.social
did:plc:txgypjlcyv3mxvcrod2gsucs,1,miraschino.bsky.social
did:plc:txls35kympbe3bqqpl5n77kk,1,cnr-isp.bsky.social
did:plc:txro3pnrp4hokibno544udmd,1,convenor.bsky.social
did:plc:txunjzfjwli3czy6g2lef3ex,1,miraschino.bsky.social
did:plc:txwgchcpmwe7ra6is63trfta,1,joat3.bsky.social
did:plc:txy2f3nghqhc3eqlawtv752t,1,convenor.bsky.social
did:plc:tyga2jcde7owdzvmp2y7uula,1,cnr-isp.bsky.social
did:plc:tyiicaln6jxzsdipavjji42t,1,cvenash-vishneri.bsky.social
did:plc:tynuis3lipq36glpydrnddjz,1,convenor.bsky.social
did:plc:tyowv5az2f3ri6suhj4xma2i,1,puppymelia.bsky.social
did:plc:tysk4louxzrg6mqjfovgwuvv,1,ceona.bsky.social
did:plc:tytmj5bjsfq7iefhjeajpwee,1,joat3.bsky.social
did:plc:tz2txxug6glu7rpd2knvevfe,1,puppymelia.bsky.social
did:plc:tz3ivebgacsxrkjctdjyizb3,1,ceona.bsky.social
did:plc:tz4qwsja6sorwktisleztbml,1,cvenash-vishneri.bsky.social
did:plc:tz4wzl2yjgd3xfr6b63ksjnw,1,cvenash-vishneri.bsky.social
did:plc:tz6hn7iyzbljfdcy6yuqho2y,1,convenor.bsky.social
did:plc:tzbmahezbxuo3ezwlaczwsp3,1,ceona.bsky.social
did:plc:tzc4liux326gyrwwpus7gqpy,1,convenor.bsky.social
did:plc:tzicyqlcq77mtumvsrgt4auy,1,chrisbee.bsky.social
did:plc:tzjea5mitdcm7bba7576pwxl,1,joat3.bsky.social
did:plc:tzk2m4t5iid4v4nojrsrbxc4,1,chrisbee.bsky.social
did:plc:tzn5le7p6s736nptvosamz4m,1,chrisbee.bsky.social
did:plc:tzngua7r6fperepa5op64pku,1,chrisbee.bsky.social
did:plc:u244vwn7k52fi4pgbhgjjyoz,1,markthemark.bsky.social
did:plc:u264szpr5enjucsfhe7t6bak,1,convenor.bsky.social
did:plc:u2qfzv5ejuydwflhry4ma5ds,1,joat3.bsky.social
did:plc:u2uoppmztybaiw4pls4aw4eu,1,puppymelia.bsky.social
did:plc:u2zjvwiyyiezc6hlxypomtj4,1,joat3.bsky.social
did:plc:u3a5ktzza7k24jpeu676oesb,1,puppymelia.bsky.social
did:plc:u3f62hvuxln5gcucu6wf75pd,1,miraschino.bsky.social
did:plc:u3nyyfxv7rjd4dkhuwg3q5wa,1,markthemark.bsky.social
did:plc:u3ozb6kj4tef6aw6jgdkgcvt,1,joat3.bsky.social
did:plc:u3r5nef4ex2f22apc4xm2hnn,1,ceona.bsky.social
did:plc:u3zf5pfzbnpw4q4y2z6xu273,1,ceona.bsky.social
did:plc:u42gzhpowubxhnghvndefrx4,1,markthemark.bsky.social
did:plc:u45hqzk7counfbwyg5edhmvi,1,markthemark.bsky.social
did:plc:u4c2ibnfzs2r3pkqyxddvwaj,1,miraschino.bsky.social
did:plc:u4cthtbwzvojohnlzdezl6zd,1,chrisbee.bsky.social
did:plc:u4mhq3eenudrtyveldm3pkoi,1,chrisbee.bsky.social
did:plc:u4pqkztloaf7bwxfpdgfjtte,1,cvenash-vishneri.bsky.social
did:plc:u4sbut4lul6phvif5ggefeav,1,cvenash-vishneri.bsky.social
did:plc:u4x4w362cvwgvpbfpmzg2usp,1,joat3.bsky.social
did:plc:u5g6ygxanypu2ggzpdzhpfmk,1,convenor.bsky.social
did:plc:u5li2lklya7lyytsqbryyxco,1,miraschino.bsky.social
did:plc:u5llvgrv2uolle2ufteeuepg,1,markthemark.bsky.social
did:plc:u5tmwv26zfbhieepfoxtfuau,1,miraschino.bsky.social
did:plc:u5wq7wyoy54iddk2otjdcujq,1,puppymelia.bsky.social
did:plc:u62hqttqogj4hzshee7skhf4,1,ceona.bsky.social
did:plc:u6kzvqcvqz2wba2k2mayoqhp,1,cvenash-vishneri.bsky.social
did:plc:u6p4zr5yoeukiplp37lhsjmt,1,joat3.bsky.social
did:plc:u6rlaz3af36enzt23ytzjarf,1,cvenash-vishneri.bsky.social
did:plc:u6smggzyxp6zdnzso3hj5pzc,1,cnr-isp.bsky.social
did:plc:u6tpzqcr3q5emggl2s5nqup4,1,joat3.bsky.social
did:plc:u6yl2igw6bxyp4hag7nqwgdf,1,ceona.bsky.social
did:plc:u725peyjpkvhd67ljboafvg5,1,myosot.bsky.social
did:plc:u72ufblxbfmwrg3yyzvs3c2r,1,puppymelia.bsky.social
did:plc:u75dzingoes47w2n57qksnbq,1,puppymelia.bsky.social
did:plc:u75zyfjzpwr34wucddgyr4hm,1,myosot.bsky.social
did:plc:u77gyutvsyoa36kmz2wj4cmw,1,myosot.bsky.social
did:plc:u7alwxxtf5tlndqgdh47iqkc,1,joat3.bsky.social
did:plc:u7avh6fq34ywbvwez4v7fv2o,1,cnr-isp.bsky.social
did:plc:u7iv5ofvo7tpffwaw37ei23b,1,myosot.bsky.social
did:plc:u7opaneywjbdwxpehny5txpk,1,puppymelia.bsky.social
did:plc:u7weypg647i7in3zdddiazil,1,ceona.bsky.social
did:plc:u7x7lujm5mxy25eeepqgu3nk,1,convenor.bsky.social
did:plc:u7zdeks3xzxh5bejefdiel3v,1,ceona.bsky.social
did:plc:ua2espevp6qvyovae5iv3e3e,1,chrisbee.bsky.social
did:plc:ua6l5skdcbkbu5nd23qp6oni,1,puppymelia.bsky.social
did:plc:uaas4mfcaprmsfxwxroryafq,1,chrisbee.bsky.social
did:plc:uabrjr5kme2wfaskk56o2ais,1,convenor.bsky.social
did:plc:uacctp3vxyrgkdhqn37hlyvp,1,cvenash-vishneri.bsky.social
did:plc:uan3ql7k426h24lrcirjlmd3,1,puppymelia.bsky.social
did:plc:uantximxtd26kicjd5yt47cg,1,ceona.bsky.social
did:plc:uayevtgtbwot25zhocjzb6lv,1,myosot.bsky.social
did:plc:ub7uisgrodlytixnple7bdvd,1,cvenash-vishneri.bsky.social
did:plc:ubdeopbbkbgedccgbum7dhsh,1,chrisbee.bsky.social
did:plc:ubism5krjvktd32724wbqe5b,1,markthemark.bsky.social
did:plc:ubj2iin4wbhx7pw4k4thkdgy,1,cvenash-vishneri.bsky.social
did:plc:ubjzsyfwv3dca7p6zxhzhjry,1,markthemark.bsky.social
did:plc:ubpa7xyv7bwtkm5jnru3dksl,1,ceona.bsky.social
did:plc:uc2dimxyaq2urnkeytu3wf3u,1,cnr-isp.bsky.social
did:plc:ucbe7jbu3bkv2f637ihp343p,1,markthemark.bsky.social
did:plc:ucct3fwwarzd7rety6nzq4cc,1,joat3.bsky.social
did:plc:ucczbmjpvu3p2tpqqlvblwbv,1,puppymelia.bsky.social
did:plc:ucjqs5d4mfb2bii7ta7cpur2,1,joat3.bsky.social
did:plc:uckll5ouxfboaqj5z3fajemf,1,joat3.bsky.social
did:plc:udbge7klmgugsezvjwowyo3p,1,chrisbee.bsky.social
did:plc:udbz774qehq4hvaco7s2ane3,1,markthemark.bsky.social
did:plc:udlm3lozfe2suyuttvsrevgm,1,chrisbee.bsky.social
did:plc:udlwu4aiuy77h6c2gr2xmvfs,1,cnr-isp.bsky.social
did:plc:udzkh2jubo3w6ei42ftanhhj,1,markthemark.bsky.social
did:plc:ue6etorcemn4vncaog6j54yu,1,joat3.bsky.social
did:plc:ue6vqmhvc7ndcxopbmpffyiq,1,chrisbee.bsky.social
did:plc:ued7muflpg7shinmghjfkhhe,1,joat3.bsky.social
did:plc:uemns7yqb62n5kpwe34wgdhs,1,puppymelia.bsky.social
did:plc:ueocfv2ea76lzxvms7poi42v,1,joat3.bsky.social
did:plc:ueowjg7jo4s4tqalhjqkhs4u,1,ceona.bsky.social
did:plc:uequhtdwqt6aaheix4vttkf7,1,cnr-isp.bsky.social
did:plc:uf4drtqdo3rwgu7ssb4gyn7w,1,cvenash-vishneri.bsky.social
did:plc:uf57ju6bi4ktx36fmrekqjea,1,cnr-isp.bsky.social
did:plc:ufbm5z5buthvz45b6h5o7shc,1,miraschino.bsky.social
did:plc:ufctzomjpzjye6rmjynscxrt,1,joat3.bsky.social
did:plc:uftfptmc5ugvwqldt6lbbf2h,1,ceona.bsky.social
did:plc:ufufhaxc74cfl7fpjccykkyh,1,puppymelia.bsky.social
did:plc:ug2b452yfil4vkoevupcdgfm,1,myosot.bsky.social
did:plc:ugdqixlzplhwh7vvt5p5er5x,1,markthemark.bsky.social
did:plc:uggov2moc6ge2hybyewzzgsl,1,miraschino.bsky.social
did:plc:ugtg2fd653fnbfedmkxiicxs,1,ceona.bsky.social
did:plc:ugtulcml7ptsivphrwpigrb6,1,myosot.bsky.social
did:plc:ugxwsqhcwiohknntnkwygfyp,1,miraschino.bsky.social
did:plc:uh35sse62boovf4xenlbsgo2,1,myosot.bsky.social
did:plc:uh3g6sgs4d574tfgej7pxb3d,1,puppymelia.bsky.social
did:plc:uhbpmlbrv5jhhlalbzbhzep6,1,puppymelia.bsky.social
did:plc:uhfmcrnunkr3whev3momfchq,1,myosot.bsky.social
did:plc:uhmfxx77m27qtdgudfhw6ag7,1,miraschino.bsky.social
did:plc:uhmms3ikwqborssz7cs2fzo2,1,puppymelia.bsky.social
did:plc:uhuqehdjwphvfgebcqao46qo,1,markthemark.bsky.social
did:plc:ui2cmdd34ogumuxx5ag7fs5j,1,myosot.bsky.social
did:plc:ui6ywo7takhwe3hu6afgyv7i,1,ceona.bsky.social
did:plc:uiki5hxkhmwabptzhmo2xpcp,1,joat3.bsky.social
did:plc:uimr47eak66pbt3rmby2is6o,1,myosot.bsky.social
did:plc:uj2htlvlw565vaw6l2plv4yv,1,miraschino.bsky.social
did:plc:uj2x5wqgdb4wt66adywezh3x,1,joat3.bsky.social
did:plc:uj64efhvgty2lbuhwtqa33cq,1,myosot.bsky.social
did:plc:ujju6d236fz2slntmcazltyd,1,convenor.bsky.social
did:plc:ujkbqza2woexp22nn4zfr6tw,1,cvenash-vishneri.bsky.social
did:plc:ujl5t6zewc7ua4od3i6ltyge,1,cnr-isp.bsky.social
did:plc:ujqpypkldota7myqbh2dedwq,1,chrisbee.bsky.social
did:plc:ujubrnrip6odacoy2yhtiplg,1,joat3.bsky.social
did:plc:uk35kd2zz5ggj4wpj4tzpq33,1,miraschino.bsky.social
did:plc:uk36kxn5vrdsgypzf32ab5yo,1,joat3.bsky.social
did:plc:ukbi2hmg6qvonczjib4qv5ui,1,puppymelia.bsky.social
did:plc:ukdxbsecw7kqjecvv3lvabor,1,miraschino.bsky.social
did:plc:uke42zkqj6n3poc7u7vlrfbl,1,cvenash-vishneri.bsky.social
did:plc:ukgns4jdrkycmrezrc6gdafx,1,miraschino.bsky.social
did:plc:ukhaigpilraq5laa2pdmrwph,1,puppymelia.bsky.social
did:plc:ukplva22uatyoecfkamflinf,1,joat3.bsky.social
did:plc:ukqf5rrr3sbsdbpt2bimxpgm,1,convenor.bsky.social
did:plc:ukrciwo6rdwvonmgfplvbq75,1,convenor.bsky.social
did:plc:uksf57rsykqmojqq64rhzzcn,1,cnr-isp.bsky.social
did:plc:ukug5pwesybdv65hl7bnmo66,1,chrisbee.bsky.social
did:plc:ul5etilu6cjfmuy3uigz5dfp,1,convenor.bsky.social
did:plc:ul5n745uxwymqppvpiwtpoa5,1,markthemark.bsky.social
did:plc:ul5qxpq5jniaxawvjydc2du6,1,joat3.bsky.social
did:plc:ul5soge5q3ksdewzzzm5dpbl,1,puppymelia.bsky.social
did:plc:ulgi3lvbdt3fuakuofdhcpll,1,ceona.bsky.social
did:plc:uli2rqyfqasvuawksu2z5jkc,1,ceona.bsky.social
did:plc:ulkkyzo5hnu2oczifqgpj5w2,1,chrisbee.bsky.social
did:plc:ulkubys2x7xcnlgqzzakxzhr,1,cvenash-vishneri.bsky.social
did:plc:uls375qykp4opskaliucp4xh,1,markthemark.bsky.social
did:plc:ulytagarpi6fiooxj4z4id2k,1,ceona.bsky.social
did:plc:um66u2hzxt5u7chzu7ieq7yd,1,chrisbee.bsky.social
did:plc:umbdtstcw65wefjz4ijvxixh,1,joat3.bsky.social
did:plc:umwh22qjiyn4nutpaiqwupox,1,miraschino.bsky.social
did:plc:umwx3qucb3cm4wymfpzbwnea,1,cnr-isp.bsky.social
did:plc:un2tdfik72v6v7zjgxpwr62i,1,ceona.bsky.social
did:plc:un3uyqbcgtthozfmqhrzmjrs,1,joat3.bsky.social
did:plc:una762edah6bgu527fzyqv7x,1,cvenash-vishneri.bsky.social
did:plc:uneymv5tz6kytm4dypn37il5,1,puppymelia.bsky.social
did:plc:unhxjsoaqb6jj7nqa7h6iuzj,1,miraschino.bsky.social
did:plc:unihmij7565agtvvpjerrzme,1,joat3.bsky.social
did:plc:unjvwwrumwky6ja7vkwrfn7n,1,joat3.bsky.social
did:plc:unuc6ioit66ckyo5v3mkvzi7,1,miraschino.bsky.social
did:plc:unxuncqxkmlzhd44qrp7tc2t,1,myosot.bsky.social
did:plc:unyu5jerh7bxygvvrb3qdsao,1,puppymelia.bsky.social
did:plc:uo6kxvtcbdt5iedwkirmi47h,1,markthemark.bsky.social
did:plc:uona2yvtq32dykhdxnbmburn,1,cvenash-vishneri.bsky.social
did:plc:uoqgkywdxyzj6x7m6itwo5q3,1,cvenash-vishneri.bsky.social
did:plc:uoxd4a7w2izlstb7ac2lvgp5,1,cnr-isp.bsky.social
did:plc:uoza5yqhsvdtnmdgozvfs6nr,1,chrisbee.bsky.social
did:plc:up4d7djjfzixzxfbmphzt6he,1,chrisbee.bsky.social
did:plc:up4u5facc2uzz7i5pcrfu3eh,1,puppymelia.bsky.social
did:plc:upddrlu3ciregrm5xuwtt7in,1,chrisbee.bsky.social
did:plc:upfddh6zjk3uejxqcsel27gt,1,myosot.bsky.social
did:plc:upyx3raxzpwlnzojrncogd7y,1,ceona.bsky.social
did:plc:uq4rl5ozgfkyujw4ejela3l7,1,ceona.bsky.social
did:plc:uqabpdu6g4gk5cee267eanuk,1,joat3.bsky.social
did:plc:uqcoweznlflfemkdxmwx5fqv,1,puppymelia.bsky.social
did:plc:uqf2k5s55zjqqheftlixqrao,1,convenor.bsky.social
did:plc:uqmqc3otpumijlkpnfm5we6f,1,ceona.bsky.social
did:plc:ura5bzxkgargnfwmpr5xmydc,1,miraschino.bsky.social
did:plc:ura5gz6ycpemvegc7xzfrhci,1,convenor.bsky.social
did:plc:urblbdcz5mxqcsjs3h5oq3gx,1,chrisbee.bsky.social
did:plc:ureogmlbmycy7obbsv3scnuo,1,cnr-isp.bsky.social
did:plc:ureortimtvr6yb2hyjqyrmoc,1,cnr-isp.bsky.social
did:plc:urf4q2unlckkhrez2yej63nn,1,ceona.bsky.social
did:plc:urhr5kgid2q5wlnuzbxfcuar,1,joat3.bsky.social
did:plc:url2gxx57ps6r4g22pj6eu3f,1,myosot.bsky.social
did:plc:urm76tvksnoz7ruhr3k4jwqh,1,cvenash-vishneri.bsky.social
did:plc:urqx5ybhij5nyrd4rbfgcezi,1,markthemark.bsky.social
did:plc:urugxcfh5ycwipptkfirhow2,1,myosot.bsky.social
did:plc:urvj7u2ntnoq3egijryauvvj,1,cvenash-vishneri.bsky.social
did:plc:us3zdbmowcjjaobhnlialoyi,1,joat3.bsky.social
did:plc:us6utfeid4utxxitoccb67ap,1,cnr-isp.bsky.social
did:plc:us7a2datxuko2muqskvervga,1,cvenash-vishneri.bsky.social
did:plc:usbulziv4ck5omo2bf32hpc4,1,joat3.bsky.social
did:plc:usc2d6aauksw2z6yjzxt2vwj,1,convenor.bsky.social
did:plc:usejsur2vlbqxjzxytxl47wg,1,cvenash-vishneri.bsky.social
did:plc:uslpbqzeoipvyopixxmobew3,1,cvenash-vishneri.bsky.social
did:plc:usmck6f5hguffe2txugdxmwq,1,ceona.bsky.social
did:plc:uss4oh5o2h34vgopnoksm6wt,1,cnr-isp.bsky.social
did:plc:usu7k3ncgoanyktsajl4lrlw,1,ceona.bsky.social
did:plc:uswe4rwfzi3iacoyorwofipg,1,markthemark.bsky.social
did:plc:ut42x3b636n2pedgpa6swasb,1,puppymelia.bsky.social
did:plc:ut5utpkpbqkxbvznrnma5xtj,1,joat3.bsky.social
did:plc:utayilnoteqp5vfxbet7p75x,1,joat3.bsky.social
did:plc:utetnvjvy4s2byowcdbgqdyp,1,miraschino.bsky.social
did:plc:utqypyo2jqpg4od6fvlbmy4f,1,ceona.bsky.social
did:plc:utu7bvwg5oka4nd3pgpotdfj,1,myosot.bsky.social
did:plc:utvjfth5krd2743544yfs3zi,1,joat3.bsky.social
did:plc:utw3xsrrcjhopxplmn5zkjpo,1,myosot.bsky.social
did:plc:utwi2suvbiogk7m52xupzstx,1,cvenash-vishneri.bsky.social
did:plc:uu25ygvr3sadsviabbkpjwbk,1,joat3.bsky.social
did:plc:uubtjcwckyxptfnvlkgzgeq7,1,myosot.bsky.social
did:plc:uud2mthkusmosrerlsxgh57q,1,cnr-isp.bsky.social
did:plc:uugo3a7l4nqapf32r522ywtk,1,cnr-isp.bsky.social
did:plc:uuhoxjadteygh25vm32robp4,1,convenor.bsky.social
did:plc:uusx3renygjrwdi4ie2n2ecu,1,cvenash-vishneri.bsky.social
did:plc:uutlyclknwveitcebm66prqe,1,ceona.bsky.social
did:plc:uuyrh72skmwjar3b4uq4melc,1,miraschino.bsky.social
did:plc:uv4th437lfammvcgk2655enc,1,myosot.bsky.social
did:plc:uv5wigyjjmfjd2iiywxbxjfy,1,convenor.bsky.social
did:plc:uv6nihn3vv3p2inx4aha7746,1,convenor.bsky.social
did:plc:uvdzeifbjw33yqpdvs7kblgm,1,ceona.bsky.social
did:plc:uvhtqlf2lnpxilszteynolpt,1,puppymelia.bsky.social
did:plc:uvrjvhay2hs7ohyqudgqicvv,1,joat3.bsky.social
did:plc:uvuzsptk4b22b63xowm62chr,1,miraschino.bsky.social
did:plc:uwctsvfubng2lnafm7e2ohvk,1,myosot.bsky.social
did:plc:uwe7uhjncj4ducqvn5xmma7b,1,miraschino.bsky.social
did:plc:uwgherdknc2u5nvm4nttunvu,1,chrisbee.bsky.social
did:plc:uwp6wd2ai4ymha5xzsjq7fgn,1,chrisbee.bsky.social
did:plc:uwru3p2qbdrpboat3orcvosh,1,myosot.bsky.social
did:plc:uwscsrt6wq2pahbzef2ncann,1,cnr-isp.bsky.social
did:plc:uwwtwodghs6btukiadkhr2ve,1,ceona.bsky.social
did:plc:ux72xh73j2mgj6ffjchvct3g,1,joat3.bsky.social
did:plc:uxg2d3knt2sk5f52binuyuow,1,miraschino.bsky.social
did:plc:uxhh2z76zmbyu3ov2d4q7fw2,1,joat3.bsky.social
did:plc:uxmp3lgnfy46wqk3iuvhs4zr,1,cnr-isp.bsky.social
did:plc:uxvdusz3e6eqapsbaf7eue5u,1,myosot.bsky.social
did:plc:uy7flnr6qwihivwqmnu4i4km,1,ceona.bsky.social
did:plc:uycomeaydxw45gurj3sp2ptk,1,cnr-isp.bsky.social
did:plc:uyemf6niinxjzirk7pbzzt3j,1,puppymelia.bsky.social
did:plc:uyfbd3ahyoxrfpstcesahh2j,1,markthemark.bsky.social
did:plc:uyjz2ncnxleabkut565hzzfp,1,cvenash-vishneri.bsky.social
did:plc:uyqnubfj3qlho6psy6uvvt6u,1,myosot.bsky.social
did:plc:uyqz2nkbli6otogvabjw46rn,1,ceona.bsky.social
did:plc:uyrvpm3gq5y3svse735sgmdd,1,myosot.bsky.social
did:plc:uyunq4komqfu36di2f3y5sh3,1,convenor.bsky.social
did:plc:uyydbjp4bwskpjkao4cj4tro,1,puppymelia.bsky.social
did:plc:uyzpyovcd7jjwcstsj57k3xu,1,puppymelia.bsky.social
did:plc:uz3idia75nkszo5nlx4bsb47,1,cvenash-vishneri.bsky.social
did:plc:uz45oc5cxniwwa2u65thqlv3,1,cvenash-vishneri.bsky.social
did:plc:uzcbz3hsqpwdv5ulkxqa2ubn,1,ceona.bsky.social
did:plc:uzdb3qwycjfu73muwblkowmp,1,cvenash-vishneri.bsky.social
did:plc:uzfpx5ebylcrtpsjzjp2ug7x,1,cnr-isp.bsky.social
did:plc:uzk4535pkgtudgs6ec4oflet,1,myosot.bsky.social
did:plc:uzs7wbybi26odu7efsooilrp,1,cvenash-vishneri.bsky.social
did:plc:v22iwfjbazxwnx75ao7djix5,1,convenor.bsky.social
did:plc:v2a2ndv7f5zhuv5hbmwr5ztf,1,miraschino.bsky.social
did:plc:v2cazyymqxrpmj5rb3jumqmy,1,chrisbee.bsky.social
did:plc:v2dhcxmzkcse6ufkbmhqlj2o,1,myosot.bsky.social
did:plc:v2fppzuxo2z65iasqhwammyb,1,chrisbee.bsky.social
did:plc:v2i25uvial3o2j33yozcv6ot,1,cvenash-vishneri.bsky.social
did:plc:v2irtqukwylc3i6co3jmlahh,1,joat3.bsky.social
did:plc:v2n2f6u5dcpegnvjdr2tmflo,1,miraschino.bsky.social
did:plc:v2q3z3ptfsx4a55e3ebgmd7b,1,convenor.bsky.social
did:plc:v2qcal6s4wyl77xqfkwia47z,1,chrisbee.bsky.social
did:plc:v2u2xs6li6mkys7m6hkufwgb,1,cvenash-vishneri.bsky.social
did:plc:v2uve2svvby2vetgtdntrn2g,1,miraschino.bsky.social
did:plc:v355cxwygykmo2wr4xrz4qs3,1,miraschino.bsky.social
did:plc:v3d6rpo4h62zftc76cbqom23,1,miraschino.bsky.social
did:plc:v3ibi4s72mwzzuwwy5tv77pq,1,miraschino.bsky.social
did:plc:v3jdbrnvtfry32x4kkgfrbju,1,convenor.bsky.social
did:plc:v3kmv73wmcqr56jww2p5jexw,1,joat3.bsky.social
did:plc:v3m3n2nfpmcawdmbs5yiit2m,1,cnr-isp.bsky.social
did:plc:v3taducektfehhlpj4xijvu3,1,convenor.bsky.social
did:plc:v3tkvzqfdgqyyrdjgcutzuw2,1,cvenash-vishneri.bsky.social
did:plc:v3ywroekon3m46ziybpazktb,1,myosot.bsky.social
did:plc:v4mtuliye2txupnyhuzicebt,1,ceona.bsky.social
did:plc:v57dxvrmaxyprrwdixuva7ux,1,ceona.bsky.social
did:plc:v5bwu6scenytaplwmow2mglk,1,chrisbee.bsky.social
did:plc:v5lva2nt2ehprw5uvz3zt3mb,1,miraschino.bsky.social
did:plc:v5mnhg4um4stba2yhsjdw7sw,1,cnr-isp.bsky.social
did:plc:v5wbnqthg5g375crcfk4gino,1,convenor.bsky.social
did:plc:v5wrdmcbgxxxnjbghgsrd7h5,1,chrisbee.bsky.social
did:plc:v5xvt7rg7po4pbx237epivqf,1,convenor.bsky.social
did:plc:v5zpzo2nqzjysbjdocyuxerv,1,ceona.bsky.social
did:plc:v63y3emmbz5dlvzkejca2mcc,1,chrisbee.bsky.social
did:plc:v66lywxwbqv7hc6kdjhaluaz,1,convenor.bsky.social
did:plc:v6qkhsbtzilyyvrtkhzktpsn,1,cnr-isp.bsky.social
did:plc:v6qwaqo24zfrq5fj7ceibxqk,1,cvenash-vishneri.bsky.social
did:plc:v6tbiv75fe4ftc3maullgdw7,1,convenor.bsky.social
did:plc:v755bgggg7rzcuehxuqhmief,1,myosot.bsky.social
did:plc:v76bm4pwxegvl7gixqzam7hh,1,cvenash-vishneri.bsky.social
did:plc:v7caupszq7r34wpvkazf3gdg,1,ceona.bsky.social
did:plc:v7i7p2ebbwawxu2nqeeitaz5,1,cvenash-vishneri.bsky.social
did:plc:v7jgar346cce5qjkp3qovz2x,1,myosot.bsky.social
did:plc:v7tmxdew6bb5kxioqsvuacae,1,myosot.bsky.social
did:plc:v7xmpqrwjzatsb2hif6lducn,1,markthemark.bsky.social
did:plc:v7yc746mj7rsyald7qhrgrut,1,convenor.bsky.social
did:plc:v7zhi5jtvirsxlvoixvt672w,1,joat3.bsky.social
did:plc:va2g2l376hgm4v7wrftsp4yd,1,puppymelia.bsky.social
did:plc:va4cisw4gdzx5kvndcay3opx,1,ceona.bsky.social
did:plc:vahnt2b3rqwdhce3ykgognl2,1,cnr-isp.bsky.social
did:plc:vai4npwkbfowyz2eaukzgbew,1,ceona.bsky.social
did:plc:vairuyyp4iqgwjkpz5mcjjrm,1,convenor.bsky.social
did:plc:vajhmfn22zbg4zxxyw3mzp2c,1,myosot.bsky.social
did:plc:valfczivq4jyo7llqrlbbgzv,1,convenor.bsky.social
did:plc:vamazwestdgp6mblnlg7qcrf,1,convenor.bsky.social
did:plc:vasj36btw4ua2inzocqrmq44,1,convenor.bsky.social
did:plc:vasjpi2442szvrczytymfvxt,1,convenor.bsky.social
did:plc:vavedcex7kfly24u6hyqhqyk,1,markthemark.bsky.social
did:plc:vbctstnycppcfuncbqjd3aqw,1,joat3.bsky.social
did:plc:vbgmdfqp5gnir7snp4psb6vv,1,myosot.bsky.social
did:plc:vbjfimpiprx6owgjdkxfejda,1,markthemark.bsky.social
did:plc:vbln3jhxr2gunhapkzsmpmjm,1,chrisbee.bsky.social
did:plc:vbn6k6igzk35j7dgfgfk4nyj,1,chrisbee.bsky.social
did:plc:vbsg7lgk6avst2yflwxvcsfw,1,cvenash-vishneri.bsky.social
did:plc:vbttuiis47dt7emnk3lev2km,1,joat3.bsky.social
did:plc:vbwjmhf73amz35fbihg5bjrf,1,joat3.bsky.social
did:plc:vc5hacoafbzkv7ull4cx4cgt,1,ceona.bsky.social
did:plc:vc6v3u5agn2xot6dofgzzes4,1,ceona.bsky.social
did:plc:vc7aaputv3a7fecaizc4gwla,1,chrisbee.bsky.social
did:plc:vcmfcy764iawptcywvg3vybd,1,convenor.bsky.social
did:plc:vcrxgrk7qttaunjut34oe5oq,1,miraschino.bsky.social
did:plc:vcvmi6adbzn6rtksqhjogq73,1,chrisbee.bsky.social
did:plc:vdaf2gbasrrcroeop677ruj6,1,cnr-isp.bsky.social
did:plc:vdgdivu55a6q572j7zzgrro5,1,miraschino.bsky.social
did:plc:vdjnfgsvymp27c5s22lsxomb,1,cvenash-vishneri.bsky.social
did:plc:vdpmho72ymct5pmdjaj3zoa4,1,joat3.bsky.social
did:plc:vdvocgedrzfy3fctroac4mmv,1,chrisbee.bsky.social
did:plc:ve7ih3kjjf4chijcizipfutj,1,puppymelia.bsky.social
did:plc:vebettqmyywklngg5xi6zirx,1,markthemark.bsky.social
did:plc:veezg2xx2cdjgj6y2rxeeguc,1,myosot.bsky.social
did:plc:vekpcyivkfyvmqcvlgxnuedk,1,markthemark.bsky.social
did:plc:velidezthus2vi22pv7l2m6p,1,cnr-isp.bsky.social
did:plc:vemehardegee5fepin2k23bs,1,cvenash-vishneri.bsky.social
did:plc:vep6counnesgzpovxb6k3ymn,1,miraschino.bsky.social
did:plc:vequxbnqthnhqbyxm5wb7kli,1,cnr-isp.bsky.social
did:plc:verdlvpligzxdge4pnacr5mr,1,cvenash-vishneri.bsky.social
did:plc:vettqnyc57gmue2pyxegyt6y,1,ceona.bsky.social
did:plc:veubyjtcrw46xoqardvyfahy,1,joat3.bsky.social
did:plc:veuvhayagnas73g7d4mvtd7m,1,chrisbee.bsky.social
did:plc:vew5ludtr67ktab6dxg4245d,1,myosot.bsky.social
did:plc:vew6p3uemohny4hwwheearey,1,puppymelia.bsky.social
did:plc:vex2e4cngfssl3v4bqbew4gk,1,miraschino.bsky.social
did:plc:vf5iumdf2ajhfshllpddm7tl,1,cnr-isp.bsky.social
did:plc:vf6ft5s7d7pidcywoav45caa,1,cnr-isp.bsky.social
did:plc:vf6mzwmzobomiwsat4nsbhqg,1,miraschino.bsky.social
did:plc:vfcthzaaq5am2kt5nq4jo3wy,1,chrisbee.bsky.social
did:plc:vfdokb4vcmpep5p7rrpg62bg,1,miraschino.bsky.social
did:plc:vfe6s2pn55st5xkmlptwvdv5,1,ceona.bsky.social
did:plc:vfkk3quowy4hp6idk5qoo76c,1,cvenash-vishneri.bsky.social
did:plc:vfktz6qe6vy7serr3wqutpzt,1,cnr-isp.bsky.social
did:plc:vflwoambksa22xqiy4ormhml,1,chrisbee.bsky.social
did:plc:vfq2agslg2sbjzekt7tnist7,1,chrisbee.bsky.social
did:plc:vfqdo4m25xuhzu3f7w5m2j3u,1,miraschino.bsky.social
did:plc:vg3thtvfbgfrr3u6pf6hy3yk,1,myosot.bsky.social
did:plc:vg7towatjmgmssixgce6ierm,1,convenor.bsky.social
did:plc:vgousl4v3mk5wya6gzoyfh7v,1,ceona.bsky.social
did:plc:vgpwbwh5e3rlkfvkw6mwypz2,1,cvenash-vishneri.bsky.social
did:plc:vgu6bu72nbg4vyufuon5mdfv,1,markthemark.bsky.social
did:plc:vh4bxjha5bgpkdenbodssvwg,1,chrisbee.bsky.social
did:plc:vh5kse66fwzwewvqfhdaqqfl,1,joat3.bsky.social
did:plc:vh5lwavczie56sygjt352xor,1,ceona.bsky.social
did:plc:vhcjnub4mvpfoj3txpcm2hht,1,chrisbee.bsky.social
did:plc:vhemrktesfutudnuz4o7b7e4,1,chrisbee.bsky.social
did:plc:vhkajb6fu4vak7aoprghk5pq,1,convenor.bsky.social
did:plc:vhl656i5x5inbgy5g42vj36o,1,cvenash-vishneri.bsky.social
did:plc:vhn7l5xevw5s5smpmva4svtu,1,miraschino.bsky.social
did:plc:vhvqvmtij2br5y3d2hstxj5w,1,puppymelia.bsky.social
did:plc:vhwq2ow6lofbcaphmb7vniz7,1,chrisbee.bsky.social
did:plc:vhxfnrfirwxyftmvcssg7lsm,1,miraschino.bsky.social
did:plc:vhysx7zgsarect6xzojab3n7,1,joat3.bsky.social
did:plc:vi2grzfali5xn5rh2ny2n4d4,1,markthemark.bsky.social
did:plc:vi6u2pqbru5y4dwusx64ni2v,1,miraschino.bsky.social
did:plc:vi7trsqfzvfoqf5dbxmr7ad2,1,ceona.bsky.social
did:plc:vinz7g35oszwkr2jex2pf6hc,1,joat3.bsky.social
did:plc:visdeiz7gkrk742rmwrkc2sd,1,miraschino.bsky.social
did:plc:vitjby2yukz3hm5w2s3dzua3,1,chrisbee.bsky.social
did:plc:vj2tpnbgusm3whrqrebrdqiu,1,markthemark.bsky.social
did:plc:vj7ubhlvqltyqg7djdthtydm,1,cvenash-vishneri.bsky.social
did:plc:vjgtjcimdykyfxxoreb7rwvq,1,myosot.bsky.social
did:plc:vjlavdtu2tpmsy63akdhptqk,1,puppymelia.bsky.social
did:plc:vjqobe4krkeouhqqkmyqla54,1,markthemark.bsky.social
did:plc:vk7rduhvom3rq6dyluce5wzf,1,joat3.bsky.social
did:plc:vkjn6inhvhtffzggosvdmnjr,1,cvenash-vishneri.bsky.social
did:plc:vktsaojvisoeq5t73qd6tgk5,1,miraschino.bsky.social
did:plc:vkvzzc3bbvvoafzpwfro5pzy,1,miraschino.bsky.social
did:plc:vkxxgttt2tewb523jjnkyoii,1,convenor.bsky.social
did:plc:vkyzkaelisir4z6a44plrfzc,1,myosot.bsky.social
did:plc:vl7xfk75ufxgmolpoect47ez,1,chrisbee.bsky.social
did:plc:vlcpevg5o5ccxwctcg7hjr7i,1,ceona.bsky.social
did:plc:vlktdhvuq2nde45bjpuollhc,1,chrisbee.bsky.social
did:plc:vlmmme6vz7hvqjzg57b7lsvs,1,joat3.bsky.social
did:plc:vln3r75uvu5lyc7sjngxrdvs,1,cvenash-vishneri.bsky.social
did:plc:vlpy6zuqqum5tumv7b6dw5fp,1,puppymelia.bsky.social
did:plc:vlsr3tgxhmgpjptulgpg4ujq,1,chrisbee.bsky.social
did:plc:vm3iepy54hjyq3tnrnc5xje4,1,puppymelia.bsky.social
did:plc:vmaa275bmnrksir7y6muzkkf,1,joat3.bsky.social
did:plc:vmafnhcurcfeyvq5uc7blwv4,1,cvenash-vishneri.bsky.social
did:plc:vmfrfqm4zbtawnx6ywl7dhrh,1,markthemark.bsky.social
did:plc:vmjk6qz7zei43jpnguoepz3b,1,joat3.bsky.social
did:plc:vmk7fxmcsxoyw5262ixvlqb2,1,puppymelia.bsky.social
did:plc:vmnv23hjfzfo5zi6uozfrdb4,1,cnr-isp.bsky.social
did:plc:vmoxwmv6edwb6gp6iiu4rwut,1,ceona.bsky.social
did:plc:vmrvfcdfx2yi2b2attuigson,1,puppymelia.bsky.social
did:plc:vmwe6vjxxunxccoypks3jeyc,1,myosot.bsky.social
did:plc:vmzziia6l44w3sj6f5uu5jei,1,ceona.bsky.social
did:plc:vn3g7p5upykakqehavljlfxf,1,ceona.bsky.social
did:plc:vn4qhu5punq6tjbcahg5lh5a,1,miraschino.bsky.social
did:plc:vna4jd722eey47y545unm3lb,1,convenor.bsky.social
did:plc:vnhqh7qgmdaoefjalkqqztaa,1,puppymelia.bsky.social
did:plc:vnoomqlwu6vx4axpwue4g74k,1,myosot.bsky.social
did:plc:vntitfsg4txtyreyoudpgic6,1,convenor.bsky.social
did:plc:vo6vcebrko7dqgfctpipejys,1,markthemark.bsky.social
did:plc:vohl4caepqvayx2fj7namksn,1,cnr-isp.bsky.social
did:plc:voi77qylhek7naxz3ajghrls,1,ceona.bsky.social
did:plc:vomhatomsn5rwlxamtiwk7wp,1,miraschino.bsky.social
did:plc:voulyeq7ipcj74upkizieyob,1,ceona.bsky.social
did:plc:vov45y44svn6vplzzamqarkm,1,myosot.bsky.social
did:plc:vp4ms3kva4vz3bayq2hmeml4,1,ceona.bsky.social
did:plc:vpbrsh46rvwnxg6rdtppjdhc,1,ceona.bsky.social
did:plc:vpcj4nyu7lwt2zyl5s457apn,1,myosot.bsky.social
did:plc:vpjl57picmj7t4nr7gcii3en,1,markthemark.bsky.social
did:plc:vpkhqolt662uhesyj6nxm7ys,1,markthemark.bsky.social
did:plc:vpl5kyqr65koesvt6hp2qsek,1,ceona.bsky.social
did:plc:vpr2tetp6tuduw2omhvzilbk,1,convenor.bsky.social
did:plc:vpxsrk6dlfzxtuish4wljuih,1,myosot.bsky.social
did:plc:vq5cogibijmfcyg67sremqsr,1,puppymelia.bsky.social
did:plc:vq634dyyplrztlsjoywf4zvv,1,ceona.bsky.social
did:plc:vqa2mjfckvns4a4uxwzbithd,1,myosot.bsky.social
did:plc:vqi5rom6mbwud2or6etqixsu,1,miraschino.bsky.social
did:plc:vqjyqz4szluudtoju5pyrk4u,1,myosot.bsky.social
did:plc:vqkprzr3x7o7doulp7tr7hhz,1,miraschino.bsky.social
did:plc:vqp5zaobgqswzihx7da62mld,1,myosot.bsky.social
did:plc:vqvcia2t7yq42ynkeddejs7j,1,cvenash-vishneri.bsky.social
did:plc:vqvprhajxxli5vnhr4indkoh,1,puppymelia.bsky.social
did:plc:vr5p33abyt7a5pifjykoshuv,1,cnr-isp.bsky.social
did:plc:vr7awcesvyw6vuggzdicf6ot,1,miraschino.bsky.social
did:plc:vrbzmgxtos3lah57muguvulc,1,puppymelia.bsky.social
did:plc:vrmx2e5gsi23srsy2n7vljvb,1,convenor.bsky.social
did:plc:vrplddi6z5eph23xtiv473jq,1,convenor.bsky.social
did:plc:vrsppvjc5fysqnm2zshiirey,1,ceona.bsky.social
did:plc:vsabnvf2df7jpqbe5ld5becx,1,joat3.bsky.social
did:plc:vsdx4zyapbfpdhufzkez7mvs,1,markthemark.bsky.social
did:plc:vsrrf5pasd3ocw6o6ilrbmd6,1,chrisbee.bsky.social
did:plc:vssbm7r3ekpp5uxbfbemjy65,1,miraschino.bsky.social
did:plc:vsumu6csfmj7r7pvdknl4zd2,1,miraschino.bsky.social
did:plc:vsyx4qlw3ztv7ohhyfzdm72d,1,joat3.bsky.social
did:plc:vt4lf3bfckvwjyo3umf6k7r2,1,myosot.bsky.social
did:plc:vt7vkidpb374dq7j37g2e7db,1,ceona.bsky.social
did:plc:vt7wefsz42b4ohuh4j724rb2,1,markthemark.bsky.social
did:plc:vte5vcuvxo4gcgntw5fa4m5s,1,chrisbee.bsky.social
did:plc:vtfp232bbvsn2fhepobvbvad,1,convenor.bsky.social
did:plc:vth6nor3jyocbspcnp7ckmcp,1,chrisbee.bsky.social
did:plc:vthtsgmd2mmiqdzl32kthj3j,1,puppymelia.bsky.social
did:plc:vthxrtkws6i4m5euwzz3wnyw,1,convenor.bsky.social
did:plc:vtm7ckovdfkbdjeuqdvybn7i,1,joat3.bsky.social
did:plc:vtqnljqluw2msptsbrehfqm5,1,markthemark.bsky.social
did:plc:vtroe3vx43ypg55fs7kjbroi,1,puppymelia.bsky.social
did:plc:vtxrhbn2s7qx6qozfkt3l3sg,1,myosot.bsky.social
did:plc:vu43mvdv7v42gpzcei7ex2fr,1,convenor.bsky.social
did:plc:vucjwok4b47hyxxbmhl6is4w,1,markthemark.bsky.social
did:plc:vuf5psfcm3yipk6fdqudtvow,1,miraschino.bsky.social
did:plc:vugluxnqrxztqzv6rdarjp4k,1,puppymelia.bsky.social
did:plc:vugvoydfznlkhi4yipb5nihd,1,chrisbee.bsky.social
did:plc:vumqrlcwuynfompma74r6575,1,cnr-isp.bsky.social
did:plc:vuuah6mjwi5x7hb6ax7j3wt5,1,convenor.bsky.social
did:plc:vuveux2uqldih5zkcfkint54,1,markthemark.bsky.social
did:plc:vuxpd3gs2yfbf4bn4kibzhmx,1,cvenash-vishneri.bsky.social
did:plc:vuxypjty2gnfx5cnwnrycqqz,1,convenor.bsky.social
did:plc:vv2pad4uhexsmt6pqvd3wnz7,1,ceona.bsky.social
did:plc:vv6sohk4v63c427ksoatmbaf,1,puppymelia.bsky.social
did:plc:vvgtxbqrbimpa3aqojt3n2ca,1,markthemark.bsky.social
did:plc:vvir2sk6wpserz6u5bbojbqu,1,cnr-isp.bsky.social
did:plc:vvjw357bv26es364wjkmplli,1,cnr-isp.bsky.social
did:plc:vvlvmesjyrc5xipno5fvdxko,1,cvenash-vishneri.bsky.social
did:plc:vvmjrrinkhipcicjb7u7fl5f,1,cnr-isp.bsky.social
did:plc:vvqlzzvjjj2wa7pbyf5jdoqh,1,ceona.bsky.social
did:plc:vwfi255czdabnw27lszzh2qd,1,markthemark.bsky.social
did:plc:vwheolqq2kl5xw3rmmsh4jhx,1,joat3.bsky.social
did:plc:vwjokuwxkj4nj5ju2yx7mjpg,1,chrisbee.bsky.social
did:plc:vwloutkfwq7ipz57ubyi64xb,1,ceona.bsky.social
did:plc:vwzwgnygau7ed7b7wt5ux7y2,1,miraschino.bsky.social
did:plc:vx3l7lk76w7mqsskcxvx5ivv,1,cvenash-vishneri.bsky.social
did:plc:vx3zgeegd75sljjojxxlgs32,1,ceona.bsky.social
did:plc:vx7e2lcry43tf7agcigib3kt,1,chrisbee.bsky.social
did:plc:vxmdh2whpv6k3ejdav25maqx,1,markthemark.bsky.social
did:plc:vxpbqky6dsgs2vnedakzfusk,1,myosot.bsky.social
did:plc:vxth3valwqzmiocgupslbsbf,1,cnr-isp.bsky.social
did:plc:vxwhoagmnghofl6w5wiotm2z,1,convenor.bsky.social
did:plc:vycnfv2hd67gketyo7gpin7d,1,markthemark.bsky.social
did:plc:vyg6kta5cynyxczvxbkktnym,1,myosot.bsky.social
did:plc:vyohb5e6a3oojdtxqoeywcin,1,miraschino.bsky.social
did:plc:vyri3i7y575btw7wfyontqd5,1,miraschino.bsky.social
did:plc:vyufjtyd3inivvijpwhey34o,1,joat3.bsky.social
did:plc:vyw266dzoelrdb3g2yeax6cm,1,miraschino.bsky.social
did:plc:vzayo3t2s4qjtkjizjwimfgl,1,cvenash-vishneri.bsky.social
did:plc:vzjzdoglycxofjfopmflkwaz,1,joat3.bsky.social
did:plc:vzmlifz3ghar4cu2hj3srga2,1,miraschino.bsky.social
did:plc:vzr4w5bfsdu6b23vavtariql,1,chrisbee.bsky.social
did:plc:w2b5ftat5wluvugidn6xpepy,1,joat3.bsky.social
did:plc:w2fzxx6ffjvy2edxa5swabmy,1,markthemark.bsky.social
did:plc:w2jujqedsm6kqfamnhzlml6b,1,ceona.bsky.social
did:plc:w2kenuzo2ljloka54os66yoh,1,cnr-isp.bsky.social
did:plc:w2nc6mqf7qguvzwzj5y25xid,1,miraschino.bsky.social
did:plc:w2nzlr7tzb3seczjui4vw2ho,1,puppymelia.bsky.social
did:plc:w2v53dxb2tpolqx6lq2upjwb,1,miraschino.bsky.social
did:plc:w2zbjlzppflvygsnpttvj45h,1,ceona.bsky.social
did:plc:w35ioc2gjr37fak4d2wfb4kf,1,convenor.bsky.social
did:plc:w3h7wecan3nfsbdviznwkvyo,1,markthemark.bsky.social
did:plc:w3l5eytbpvrqsaagg3z3n4or,1,cnr-isp.bsky.social
did:plc:w3odozmlba5umet7bdg7ucih,1,chrisbee.bsky.social
did:plc:w3sbvfsdqmbzf4yq4okcifww,1,cvenash-vishneri.bsky.social
did:plc:w3w6vucfgxs3adilx445i3ui,1,chrisbee.bsky.social
did:plc:w3z7pwz4lu3ntjtmcktyhbwo,1,puppymelia.bsky.social
did:plc:w4ixebqlvte6vyo225tljtmk,1,ceona.bsky.social
did:plc:w4ksowar2qvmctukfb477x2k,1,markthemark.bsky.social
did:plc:w4ldll4djkh36vk2bsj37l2x,1,convenor.bsky.social
did:plc:w4omj6swcdwocq3bifijcmoi,1,myosot.bsky.social
did:plc:w4xos4c7q2azdio7yuwd6vwy,1,markthemark.bsky.social
did:plc:w53ugkdy674dqmggiu6jjl65,1,cnr-isp.bsky.social
did:plc:w5yh7otnpp6k4n77hhfs5km7,1,myosot.bsky.social
did:plc:w63nhuahh6egr2ht6gybdy7b,1,cvenash-vishneri.bsky.social
did:plc:w63xnxtepu4wcguohklpkact,1,puppymelia.bsky.social
did:plc:w67j5hgwko6jhvfu24gcrwbt,1,puppymelia.bsky.social
did:plc:w6c2pvjqyckbpcesgvse66r6,1,cnr-isp.bsky.social
did:plc:w6c5moqce7wnzy7huexfoyk4,1,cnr-isp.bsky.social
did:plc:w6emm3joedcqyrpylg6sgxzz,1,convenor.bsky.social
did:plc:w6i356k5h2c2rulkxd22hhuf,1,myosot.bsky.social
did:plc:w6qnoy2rsxrwod74vvyhdh6f,1,joat3.bsky.social
did:plc:w6sekou3ypg54qqwqylgftjt,1,chrisbee.bsky.social
did:plc:w6ssuin4axvr2dos2lndbtro,1,ceona.bsky.social
did:plc:w6z4sjno3iwscmg6zhmqqsc4,1,ceona.bsky.social
did:plc:w73aah6qmpcy5pk4obxed5cj,1,markthemark.bsky.social
did:plc:w75rgwflf7k56ovfm2i4rmrc,1,convenor.bsky.social
did:plc:w7bnkvrxhlpdb5hxgxjdtvnq,1,convenor.bsky.social
did:plc:w7gxr3vfekgq5k4t2lvqgqx5,1,puppymelia.bsky.social
did:plc:w7i325yqpddlc7vbjfqdpchp,1,chrisbee.bsky.social
did:plc:w7natuwqtotqtpgzkx7neb7d,1,cnr-isp.bsky.social
did:plc:w7ygg7o46gzvswpestf3wq7u,1,markthemark.bsky.social
did:plc:wa7liwgohltxez6gkvesq4xo,1,myosot.bsky.social
did:plc:wa7ym5ijdfo4doa7zxx3eexg,1,markthemark.bsky.social
did:plc:wab47nm35weziuxot4mgr6f4,1,markthemark.bsky.social
did:plc:waoxtoj7342xkpen7phiidus,1,cnr-isp.bsky.social
did:plc:waqcj2z46cyumxj33r5ne3e4,1,markthemark.bsky.social
did:plc:warhh6vmuem3bwu6rbmlgebv,1,miraschino.bsky.social
did:plc:watja4s5qriyyzgwltsugvdd,1,ceona.bsky.social
did:plc:way66ohwmunkep6wo6gap3vl,1,convenor.bsky.social
did:plc:waz5fe4eyo4r37li6jgj533u,1,cvenash-vishneri.bsky.social
did:plc:wb4judvgfjbiqu646hkggjxc,1,miraschino.bsky.social
did:plc:wb5hqujq6hht5qwseflspbgf,1,myosot.bsky.social
did:plc:wbglmvz7yr3nogrcbe3ji4i3,1,ceona.bsky.social
did:plc:wbmb5oqpfitzp6kvwl4mtfak,1,cvenash-vishneri.bsky.social
did:plc:wbn5ojsdopvh4p6tf7amcbyk,1,cnr-isp.bsky.social
did:plc:wbpjhdry2la6ozeiqrdmpmms,1,chrisbee.bsky.social
did:plc:wbsyxxtht2fli5uvix6l55d4,1,joat3.bsky.social
did:plc:wbt5dqadg5zi7itdgn5fnv2o,1,convenor.bsky.social
did:plc:wbtuuw7ckwtmnkfxbt5yrv76,1,convenor.bsky.social
did:plc:wbvqv5jjfmj3ip627ln4pl7r,1,miraschino.bsky.social
did:plc:wc34jybm3w5z6w434ey6kq5o,1,myosot.bsky.social
did:plc:wc5zgqxdjwg3fl4b4xtxonol,1,miraschino.bsky.social
did:plc:wcbo5nurx6locjyureoqc2mf,1,ceona.bsky.social
did:plc:wckkixabqyxfeb2dlcb2ylza,1,chrisbee.bsky.social
did:plc:wcqcgtizvcxkjkddecxvg25y,1,cvenash-vishneri.bsky.social
did:plc:wcqup7szwqn6mvj3pc6pnxsh,1,chrisbee.bsky.social
did:plc:wcqznu56ie5wncrki3m3rfaf,1,markthemark.bsky.social
did:plc:wcsgejgbaqnn6g553jiudwvl,1,myosot.bsky.social
did:plc:wcslarfeolsmj2ootvmdfmja,1,miraschino.bsky.social
did:plc:wcu4e3v45agqytvhfjk2od4d,1,miraschino.bsky.social
did:plc:wcywgpknq5ovvpjbmymrdavr,1,markthemark.bsky.social
did:plc:wd75nat445oz37snhp3s7s2l,1,myosot.bsky.social
did:plc:wd7bdxw36copeanukirmspct,1,convenor.bsky.social
did:plc:wd7tcbxtnmgl4gcxelmldek3,1,miraschino.bsky.social
did:plc:wdhbfenuyqxqsdrd2zrsumsd,1,miraschino.bsky.social
did:plc:wdj5xqp2vansvnbxugyxujwg,1,myosot.bsky.social
did:plc:wdpn2dcasqz74tnfhrbdytaj,1,convenor.bsky.social
did:plc:wdq55hvadtj6k4e6iu4lzw3m,1,cnr-isp.bsky.social
did:plc:wdtekc3mdidukxluvj3cxx7o,1,puppymelia.bsky.social
did:plc:wdykfpfp2yoguqk77jlshv27,1,chrisbee.bsky.social
did:plc:we2butxgfrqjxqxztwznhrrv,1,miraschino.bsky.social
did:plc:wefma6djng42g7dauns2lnc2,1,puppymelia.bsky.social
did:plc:wehd25kuqgwyv2w3fwev7ndz,1,puppymelia.bsky.social
did:plc:wehpwli2hjsyej7w4jr3z4gz,1,cvenash-vishneri.bsky.social
did:plc:wev3krjakmbin5yyl57fmriw,1,chrisbee.bsky.social
did:plc:wevcdritf4vyoj736jwre3qe,1,puppymelia.bsky.social
did:plc:wf24ok2liiyzb633fe34dsel,1,chrisbee.bsky.social
did:plc:wf7xzsulfzp4zspggnsdyphu,1,chrisbee.bsky.social
did:plc:wfazvjpjvvoax4lokxsi2nsc,1,cnr-isp.bsky.social
did:plc:wfgimnex65nkvcypk456izdh,1,chrisbee.bsky.social
did:plc:wfj6xs74kaih6ew2ylofmmc6,1,myosot.bsky.social
did:plc:wfukwqu6ghc3ijroxc472cmb,1,myosot.bsky.social
did:plc:wg3awo5vbsozjdjymgdhkh5u,1,ceona.bsky.social
did:plc:wg6qss4yw6pk4ce6k6hurc7b,1,miraschino.bsky.social
did:plc:wgb7t66ulakks6alyo6cl45v,1,cnr-isp.bsky.social
did:plc:wgeg24joshlenk634mvd46b5,1,ceona.bsky.social
did:plc:wgjolezumygqbnsmh6nmngo4,1,cvenash-vishneri.bsky.social
did:plc:wgwpzos5janfn7q2276dmdej,1,myosot.bsky.social
did:plc:wgzpy4z3lfyginua6groljv4,1,chrisbee.bsky.social
did:plc:wh3iaxvwb35cynsvhlleucea,1,convenor.bsky.social
did:plc:wh4n7wewurndmaeeaxy4seur,1,puppymelia.bsky.social
did:plc:wh5vebnzohjcib7bss5ljx2e,1,miraschino.bsky.social
did:plc:wh6zohm7ngjjcp7qy6f6thee,1,chrisbee.bsky.social
did:plc:wh7f6awc7rdmuxvxarcbntds,1,joat3.bsky.social
did:plc:wh7ps3k2qt6raahheud4lzoi,1,cnr-isp.bsky.social
did:plc:whavksrvylcea25pi3robiox,1,miraschino.bsky.social
did:plc:whavwxob7rts4am7egixfpxj,1,joat3.bsky.social
did:plc:whaz7qii4pknqwxc2xalije7,1,markthemark.bsky.social
did:plc:whbzuq252kbxmoucmf7ylhys,1,joat3.bsky.social
did:plc:wholozs4zceo63wiobfvfnra,1,chrisbee.bsky.social
did:plc:whsvaeppoyvqvkgz343wkhx5,1,joat3.bsky.social
did:plc:wicj6sdmhkhkp5lrsdqs5zcl,1,joat3.bsky.social
did:plc:wid42mkjnklwo6v3yorxqdsp,1,cvenash-vishneri.bsky.social
did:plc:wihflwfsku7naljvz7rowqy4,1,chrisbee.bsky.social
did:plc:wii67cqpghrbjgakp2pzyqbz,1,convenor.bsky.social
did:plc:wijic6edao5pjoqihrftc6wd,1,markthemark.bsky.social
did:plc:win55lp7g2f6qdnfsrfkun2n,1,puppymelia.bsky.social
did:plc:wixly74chglj7h5tulltpstx,1,chrisbee.bsky.social
did:plc:wj2llh7kukc74znxxxacaodo,1,markthemark.bsky.social
did:plc:wj7hilnequ2yao7245asumuy,1,puppymelia.bsky.social
did:plc:wjeojdonqywpw5ktsernlecj,1,myosot.bsky.social
did:plc:wjnuvxq6rqp4ig3wo67aai6f,1,cvenash-vishneri.bsky.social
did:plc:wjrpkham2fhwlxkthcch2sc2,1,chrisbee.bsky.social
did:plc:wjzw74n44kuehrcwoqerbuvn,1,joat3.bsky.social
did:plc:wk47hayygiqifjqebcmqkhbv,1,cvenash-vishneri.bsky.social
did:plc:wk7arqy7426prqj4gdv7unbp,1,convenor.bsky.social
did:plc:wkkhy3sscqpka4bfalc7ljde,1,myosot.bsky.social
did:plc:wknaryp4j55n7zttahq2ehws,1,puppymelia.bsky.social
did:plc:wkqbdmu7fqz3fv2ipxwj4wyu,1,joat3.bsky.social
did:plc:wkuzclom2bd3p3577rzcdvoi,1,miraschino.bsky.social
did:plc:wkvvaiohdpgvov4stri5bwci,1,markthemark.bsky.social
did:plc:wkwyi2wl4a47xa3yarbilurv,1,miraschino.bsky.social
did:plc:wkzimwvsjeqf3524dgv3hpsj,1,puppymelia.bsky.social
did:plc:wl3wpcnfkvcxbbnbweilfl7t,1,chrisbee.bsky.social
did:plc:wlcawmor7jg6ciybs3hdqeaq,1,joat3.bsky.social
did:plc:wlfw2f7bjayfcqbgscsbx45v,1,cnr-isp.bsky.social
did:plc:wlfx6izetawarytv46owsfgw,1,miraschino.bsky.social
did:plc:wljyr3qa77eno4xyqhenhxto,1,miraschino.bsky.social
did:plc:wlpa7l3bprdgnr34fujfz77q,1,myosot.bsky.social
did:plc:wlzl46wfdvd3sp7eoz3e2l3l,1,cnr-isp.bsky.social
did:plc:wm2dud5yxkp2jcgkratgapum,1,markthemark.bsky.social
did:plc:wm4cyuqjybhiampmujpra74t,1,cvenash-vishneri.bsky.social
did:plc:wma22ydnw2xashbxekqufjlq,1,markthemark.bsky.social
did:plc:wmho6q2uiyktkam3jsvrms3s,1,cvenash-vishneri.bsky.social
did:plc:wmipzg4tuugbx3zrdmi3xppb,1,miraschino.bsky.social
did:plc:wmmgaq2qvgbvgdu2l5v2ph46,1,cvenash-vishneri.bsky.social
did:plc:wmmwij4ahscedvwcpvjvfw4s,1,cnr-isp.bsky.social
did:plc:wmqeyoxhxyod73wcot4sqhe7,1,ceona.bsky.social
did:plc:wmsjnw24mr252as5yr4a3xth,1,myosot.bsky.social
did:plc:wmty4dzbv5xwq4mmnwrdxwpm,1,cvenash-vishneri.bsky.social
did:plc:wmu36zkf536zdfixvsmk6wm5,1,myosot.bsky.social
did:plc:wmwloeqdfleiyssslslthydn,1,cvenash-vishneri.bsky.social
did:plc:wnds2e2ucg5j4gxd7ry3lrha,1,miraschino.bsky.social
did:plc:wnj2j4bi2sizgmu2k45c4e4n,1,miraschino.bsky.social
did:plc:wnjhm4stm3zu2qvm2fkfoqnf,1,ceona.bsky.social
did:plc:wnq5zrvcdraakbiw77x6atog,1,ceona.bsky.social
did:plc:wnrg344pvqq6evzmdui5xrvh,1,myosot.bsky.social
did:plc:wnwjdtrjvdthhciyfsvsx4ee,1,puppymelia.bsky.social
did:plc:woa2v3liafjairzy3ombxo7x,1,myosot.bsky.social
did:plc:woern6bgwrqcanvyo7jylsid,1,cvenash-vishneri.bsky.social
did:plc:wojsl7jmtmfumbbyiqir3m4a,1,puppymelia.bsky.social
did:plc:woqp4n65iivagbx2ci3jz35o,1,ceona.bsky.social
did:plc:wovpu3gj4gak3tv2zqr3y7hw,1,chrisbee.bsky.social
did:plc:wpapuvbe6bdh6ipb57l7vfle,1,markthemark.bsky.social
did:plc:wprrsc7jk7fb4eolbv4jrqlb,1,cvenash-vishneri.bsky.social
did:plc:wpuxq7kzqqj2r5b7munbnfcy,1,cnr-isp.bsky.social
did:plc:wpzhfcnndkfepzf7xvogfeve,1,miraschino.bsky.social
did:plc:wq6rdnuopjomwrcqqyp3qkp4,1,chrisbee.bsky.social
did:plc:wq7ivbyom52an2szoxjeaw7z,1,myosot.bsky.social
did:plc:wqd6thuftjwpzgosbl3tkp2e,1,convenor.bsky.social
did:plc:wqfz6q2q3xaaiofwmibhvq7v,1,miraschino.bsky.social
did:plc:wqiustiz2q36i3eujkioe5xj,1,joat3.bsky.social
did:plc:wqkpni37vg23hmri54e7yzo3,1,joat3.bsky.social
did:plc:wqpdahanngclwl6bpse6apg4,1,ceona.bsky.social
did:plc:wqv5vk4nvsxcfarrpi2xcqbc,1,joat3.bsky.social
did:plc:wr2mrimwzda4bytg4ycpafrs,1,markthemark.bsky.social
did:plc:wr35snwv3jhue3il5dow62ki,1,convenor.bsky.social
did:plc:wrc2fuxo7khs6zvskkbktdo3,1,markthemark.bsky.social
did:plc:wrg3rm6kwgz7upzvf74oc5n6,1,convenor.bsky.social
did:plc:ws6l6wi7mucr6tqvzumyltrk,1,convenor.bsky.social
did:plc:wschh52lujd63yhqppirhuxa,1,ceona.bsky.social
did:plc:wse265ikttxdezzgg4pmcxw2,1,chrisbee.bsky.social
did:plc:wseswy4gnkxvpmcfz44iy4mm,1,myosot.bsky.social
did:plc:wsgyf3edv5newkunnbtz3pqa,1,myosot.bsky.social
did:plc:wshw46q252aihh7n6ybghgco,1,chrisbee.bsky.social
did:plc:wsjiianavfvhauuhvblej2jk,1,ceona.bsky.social
did:plc:wskl5qfjrcvg7dyb3vk7ad7p,1,chrisbee.bsky.social
did:plc:wslcznn2g7oeuicz5mbbmpfv,1,myosot.bsky.social
did:plc:wsonvmcnpvu66lpi5rpf2js4,1,markthemark.bsky.social
did:plc:wspd7dcefu6nltvxjtu22qdo,1,convenor.bsky.social
did:plc:wsvuuk4uu7ufjron3vibqpsd,1,miraschino.bsky.social
did:plc:wszpe7fvqaby6qcyqj64ld33,1,convenor.bsky.social
did:plc:wszws7a3tk7pz63chvlt4ep4,1,chrisbee.bsky.social
did:plc:wtcu7jpr6o7vawz6m3yl5izp,1,cvenash-vishneri.bsky.social
did:plc:wtdvcnqiwpkjg24d5ia4aoxk,1,cvenash-vishneri.bsky.social
did:plc:wtf5xasvgly2vwe6qbwf4e5r,1,ceona.bsky.social
did:plc:wtgwkzplhfkf2hurvodubkpk,1,markthemark.bsky.social
did:plc:wthewzegrztbzj2ooabskhih,1,miraschino.bsky.social
did:plc:wtjov35qclx4pljgepo73c75,1,puppymelia.bsky.social
did:plc:wtlzrzmcki64x2p73rfo6yqv,1,cvenash-vishneri.bsky.social
did:plc:wtvie5ehlynmap2njw3wykw7,1,markthemark.bsky.social
did:plc:wtwpcoi6otsxpnh4xjlcprrg,1,puppymelia.bsky.social
did:plc:wubzgaccsddeyoe5oa3n5o7z,1,joat3.bsky.social
did:plc:wufsdxzvzx36d7wppganbvpw,1,miraschino.bsky.social
did:plc:wul5ybbbdrxepdwsk546ul5o,1,miraschino.bsky.social
did:plc:wulqidcnxvklbnftl5lqzk5a,1,myosot.bsky.social
did:plc:wuosn3zrz4llbbedkaf6yl24,1,joat3.bsky.social
did:plc:wureyusddctvlhjj57bnyou6,1,cvenash-vishneri.bsky.social
did:plc:wustl43brnpmenzbm5ncuig2,1,cnr-isp.bsky.social
did:plc:wuyyel2l3anlz4pcvt77t7kz,1,puppymelia.bsky.social
did:plc:wv5mhfadfpt6wmvoxedgqzyw,1,convenor.bsky.social
did:plc:wvfbvnzdjiiyze6ufphrqcuj,1,cnr-isp.bsky.social
did:plc:wvgavnzkaqcvjcewfh52ytjt,1,cvenash-vishneri.bsky.social
did:plc:wvj2k6hvu2lxq24i72wxzr44,1,cnr-isp.bsky.social
did:plc:wvjjkelmpfoh5occpsib4ep4,1,convenor.bsky.social
did:plc:wvte3ync6wn5lc25d5s6xdf7,1,puppymelia.bsky.social
did:plc:wvxgsimenfv767rure45jv44,1,puppymelia.bsky.social
did:plc:ww22ytx75tijwa47mm65ze3z,1,myosot.bsky.social
did:plc:ww6ukdreftyp2asula2trkvg,1,myosot.bsky.social
did:plc:ww7qp7fyyecfxug7paxfjfkc,1,markthemark.bsky.social
did:plc:wwbktud2d34ont3frkv73pjo,1,myosot.bsky.social
did:plc:wwewjg7zlsnblhvzf4q6wcdf,1,markthemark.bsky.social
did:plc:wwfdjcdotqndko6rhuzc7j2i,1,ceona.bsky.social
did:plc:wwlxkvom5tse5xq3323nrkhn,1,cnr-isp.bsky.social
did:plc:wwnqw7v6nenik5uizgftqhqa,1,markthemark.bsky.social
did:plc:wwufbfl72gz6az5lj3np65mp,1,miraschino.bsky.social
did:plc:wx4lxnoqgigscdxmr3phqtvx,1,chrisbee.bsky.social
did:plc:wxa6hoxm7sypaom7lhjdzlgp,1,miraschino.bsky.social
did:plc:wxdc3ryrzbegyacjyu6mgl5d,1,miraschino.bsky.social
did:plc:wxgtcqwlmhllr6lzu2ee2szu,1,cnr-isp.bsky.social
did:plc:wxgynwn7fqthv7ehf24f5za6,1,miraschino.bsky.social
did:plc:wxww2zqu5lfnhi3riyhjlncq,1,ceona.bsky.social
did:plc:wxxfojn2blihwtsnyqz3p3dc,1,miraschino.bsky.social
did:plc:wy3mcdx44psd2e7i4pb2qw3d,1,ceona.bsky.social
did:plc:wyndbgnty3qf6npsajttrucx,1,myosot.bsky.social
did:plc:wyoactb6aac5mwvlzjlohmpe,1,markthemark.bsky.social
did:plc:wysl3okabufscymv7xhope34,1,miraschino.bsky.social
did:plc:wytzxqpmj3ak5raxl33pkmok,1,markthemark.bsky.social
did:plc:wyws5utahizrxxhjqhdf25h3,1,markthemark.bsky.social
did:plc:wyx6jqc7kfp6att46juk3vc3,1,markthemark.bsky.social
did:plc:wyylw3fkelfztdgh3c3u3svw,1,cvenash-vishneri.bsky.social
did:plc:wz23gcum42mhtxkr4qizqfy6,1,ceona.bsky.social
did:plc:wz2p276fuk4hhe5izkvsprl2,1,miraschino.bsky.social
did:plc:wz3eu3fzuewjtnub4ij4ndjw,1,miraschino.bsky.social
did:plc:wz4w7vk7hhbfyfcqxhttoqg6,1,puppymelia.bsky.social
did:plc:wzg6gcejnzfnxy7ijztgjrqq,1,puppymelia.bsky.social
did:plc:wzjse2xiyhpdf5f2jjlu44si,1,convenor.bsky.social
did:plc:wznrpi4wyqhcv5onowp3lmcs,1,ceona.bsky.social
did:plc:wztlcxepfra7lehaeetl3ka4,1,myosot.bsky.social
did:plc:wzww4bpua5ntvykg74w7any5,1,markthemark.bsky.social
did:plc:x22bud6ub5w5nv3odlapmxt7,1,cvenash-vishneri.bsky.social
did:plc:x22tljx44c52hr37xo4lvu2y,1,joat3.bsky.social
did:plc:x24hvh2yweqhcqactguxicco,1,convenor.bsky.social
did:plc:x26iektupnygiutgzhfircxl,1,convenor.bsky.social
did:plc:x2lpo72uenozyjqojmma2nu2,1,miraschino.bsky.social
did:plc:x2mif4n7lxhw43bzs7j6db2t,1,myosot.bsky.social
did:plc:x2ptzzvcu3rhz6wqsqzrv3xu,1,myosot.bsky.social
did:plc:x2rhpgukhdc6a5yi3633c35m,1,ceona.bsky.social
did:plc:x2rkji6ektexjqlbwdkwqqlv,1,chrisbee.bsky.social
did:plc:x2tnycn26z26aa4eanmbrrcv,1,convenor.bsky.social
did:plc:x2urdgrdrm5yuii7li42y3k2,1,chrisbee.bsky.social
did:plc:x3365or5nae3ju6nsstzzpbc,1,ceona.bsky.social
did:plc:x37u2mgqv5n2u5s23ufus5wu,1,chrisbee.bsky.social
did:plc:x3ctujjtcwhkoswqjgs75gja,1,ceona.bsky.social
did:plc:x3fivkzc5jo63euawrmvte2w,1,markthemark.bsky.social
did:plc:x3h32aakjv6m2udiusibgobt,1,chrisbee.bsky.social
did:plc:x3ls3lxalghdgy2a7defs4n6,1,miraschino.bsky.social
did:plc:x3nzfov6233vhfy5ezwg5mod,1,markthemark.bsky.social
did:plc:x3owebgvqdlo35al7wuw3bmi,1,joat3.bsky.social
did:plc:x3wav6b5hoivgwzxrvv6yeut,1,chrisbee.bsky.social
did:plc:x42ro5ccuucw33cq3lwc3z67,1,myosot.bsky.social
did:plc:x4hcsgn5rdx2esqgehvgeys3,1,joat3.bsky.social
did:plc:x4ia2dozsot3ded54irjgfj2,1,cvenash-vishneri.bsky.social
did:plc:x4keitvdrp3vjno2e44gg5qh,1,chrisbee.bsky.social
did:plc:x4oo573lofdh6mrkwn4eyzau,1,convenor.bsky.social
did:plc:x4qlblo3bs3oqexzlmpvncbz,1,puppymelia.bsky.social
did:plc:x4trovxmvknkp24hdrg2bysx,1,joat3.bsky.social
did:plc:x4twekkcqqocum73hqn46aib,1,markthemark.bsky.social
did:plc:x4ua7ilsp7wa6karv6shrsdx,1,ceona.bsky.social
did:plc:x4zvyg7evr4577ufb75p4y6f,1,ceona.bsky.social
did:plc:x5dt7szuvoypu2d3t4yo3yj6,1,convenor.bsky.social
did:plc:x5eebj4qenpbr5tdtccsdcnb,1,miraschino.bsky.social
did:plc:x5osfqzgfqrkexw7spxroc3a,1,ceona.bsky.social
did:plc:x5pz5uv74xncsj6hgeexgykv,1,myosot.bsky.social
did:plc:x5yshntdyu4vp67k3ipxz6do,1,puppymelia.bsky.social
did:plc:x66qnnfwinx552tbbdpl7cay,1,chrisbee.bsky.social
did:plc:x6edhiwywocfsucln37zv42f,1,ceona.bsky.social
did:plc:x6l3uz63jjt43tcaif7tdvgj,1,miraschino.bsky.social
did:plc:x6nzvel4eey2dxwenosbrk4y,1,markthemark.bsky.social
did:plc:x6pr3dfzklatsgrvpgc465nd,1,ceona.bsky.social
did:plc:x6q2bs2f7rpoi7zqmhajjrg3,1,myosot.bsky.social
did:plc:x74lyo4gxavyj6rjqjkdgpj3,1,cvenash-vishneri.bsky.social
did:plc:x7b7utld4uouti4twgmacujj,1,puppymelia.bsky.social
did:plc:x7bunnjxjpyb2n23loc7q4az,1,cvenash-vishneri.bsky.social
did:plc:x7iyuu43m5uciycf6wjztizk,1,cvenash-vishneri.bsky.social
did:plc:x7mziogonsrln2pwbtxleeh7,1,joat3.bsky.social
did:plc:x7opx6hi5ixmfk5jejzcfw6f,1,miraschino.bsky.social
did:plc:x7snrglqqvbnrys7i3gokwq7,1,puppymelia.bsky.social
did:plc:x7srox3it3f7oynvzjbfeq4e,1,myosot.bsky.social
did:plc:x7xzt3fpenpzkqcqjkvyrdu4,1,miraschino.bsky.social
did:plc:xa2l7r3ibxxfgub3smopy2zx,1,puppymelia.bsky.social
did:plc:xaafvjcpl6cc5fiycdn2hi6q,1,cvenash-vishneri.bsky.social
did:plc:xaajgihkgwd4suwbbn3couur,1,ceona.bsky.social
did:plc:xalxqffcayyidntafmptzhta,1,ceona.bsky.social
did:plc:xaqytlrh64l4pvorzmxpnej4,1,joat3.bsky.social
did:plc:xaudrkwknmwvfhhwqzcco7mt,1,myosot.bsky.social
did:plc:xb5gj47gv36lbb53ihaye6wh,1,cvenash-vishneri.bsky.social
did:plc:xbmgxjichgllpjto3j7l77dk,1,chrisbee.bsky.social
did:plc:xbn66dyalzp4s2x4o7yqnhbg,1,myosot.bsky.social
did:plc:xbolkznjfnvclmsobh57u4sq,1,cnr-isp.bsky.social
did:plc:xbpyx56h3wejz5n7rqflr5of,1,puppymelia.bsky.social
did:plc:xbu3gvuye727azkobro2v3xf,1,ceona.bsky.social
did:plc:xbxxijwgr7owd4kguycu45kp,1,markthemark.bsky.social
did:plc:xbzhibi5bxhtb7ospvl5ljct,1,puppymelia.bsky.social
did:plc:xc6adckj562ucm3l5cm2myen,1,myosot.bsky.social
did:plc:xcartzokjauxh7zwzq2xsgwl,1,cnr-isp.bsky.social
did:plc:xcndjz3zi3yeuctkr7x7ocsl,1,cvenash-vishneri.bsky.social
did:plc:xcxh7xjeoq4sqpyjt2idmbqn,1,miraschino.bsky.social
did:plc:xd5i5ehtgsuphkmhauwhip4d,1,chrisbee.bsky.social
did:plc:xdccerb5uc6y24hok6hcqnxj,1,myosot.bsky.social
did:plc:xdgnaqfma4sjv6bcqr76pagw,1,myosot.bsky.social
did:plc:xdgykhewhnhoe637s26h3q6m,1,myosot.bsky.social
did:plc:xdkjkhfue6mys32rwxu6epza,1,puppymelia.bsky.social
did:plc:xdn7nouoszwugdsg53kkm2pi,1,cvenash-vishneri.bsky.social
did:plc:xdr5afgwondir6s5xjp45nkc,1,convenor.bsky.social
did:plc:xdx6wtmx4ehu2m3eyenwvrjm,1,myosot.bsky.social
did:plc:xdxkzjjpf7xoxozgaf2o2uko,1,puppymelia.bsky.social
did:plc:xe23hvx4s6mhbychis27mjpd,1,myosot.bsky.social
did:plc:xeatapnimmgju3a55eluse4r,1,miraschino.bsky.social
did:plc:xeicly5q2oc56csoyg7glf6g,1,myosot.bsky.social
did:plc:xekjfqko3pzhbdajdoqehfjc,1,puppymelia.bsky.social
did:plc:xelsftznu2uhmelnw334vhwt,1,chrisbee.bsky.social
did:plc:xeouxzeriix7bz7pccfqgxal,1,puppymelia.bsky.social
did:plc:xeq64h2lt7lpvtcc76c36r3d,1,markthemark.bsky.social
did:plc:xerxinyfkz52jnn4irnn7xoq,1,convenor.bsky.social
did:plc:xevvtoiei6hbjjlklgtx6goe,1,convenor.bsky.social
did:plc:xez5ea3uzgxl427hymvslwvq,1,cvenash-vishneri.bsky.social
did:plc:xf5n2qeqcnoxtv6ixh464hap,1,ceona.bsky.social
did:plc:xfa6ugfh2rzaacftnx4o3gh5,1,cnr-isp.bsky.social
did:plc:xfb7x7ordh4tovmbth3h3zg2,1,cnr-isp.bsky.social
did:plc:xfcb662ujtpfl2a73bkehqjy,1,cnr-isp.bsky.social
did:plc:xfjwmzzo6x7cpg6y6y2skvhc,1,puppymelia.bsky.social
did:plc:xfqcsi7wuwedeqaa5m7aih44,1,markthemark.bsky.social
did:plc:xfso25lsifkjzv7ueebqwchf,1,puppymelia.bsky.social
did:plc:xfwxh3czbf226r2itmipkq3e,1,convenor.bsky.social
did:plc:xfxojo77ubt6tklfhzgzvr5h,1,cnr-isp.bsky.social
did:plc:xg2vq45muivyy3xwatcehspu,1,convenor.bsky.social
did:plc:xg5onr4luzs7o36b3yvvbg3n,1,joat3.bsky.social
did:plc:xg7qwm3m436qpcxcavahy44v,1,joat3.bsky.social
did:plc:xga72qh7ry3kntskcwighdtx,1,convenor.bsky.social
did:plc:xgiwtxbtt6xc7low5vdz7dq4,1,puppymelia.bsky.social
did:plc:xgmy6mdqwejaeusadrgejy3w,1,chrisbee.bsky.social
did:plc:xgqdb557rbnmy25pmwuchxwf,1,miraschino.bsky.social
did:plc:xgrlmb2prvldndg32zwvmrhn,1,puppymelia.bsky.social
did:plc:xgv77yilpdg53on363vzli67,1,puppymelia.bsky.social
did:plc:xgwkwn66b5gzf37n4wwrq4qd,1,ceona.bsky.social
did:plc:xh3s2tqlhd3nemo4u35si5p3,1,puppymelia.bsky.social
did:plc:xhmwhdq4pj2wh5jeucxjhay2,1,convenor.bsky.social
did:plc:xhzwa2kiuh3i7dcs6maxul46,1,cvenash-vishneri.bsky.social
did:plc:xi6eg2cjzhlkpeae5ur3yiyp,1,chrisbee.bsky.social
did:plc:xibtmabrb5li5yiuqlegxjjh,1,joat3.bsky.social
did:plc:xif4zmgxdht7oie2is3gb3bf,1,ceona.bsky.social
did:plc:xigvki4ch23anph62nnvurbq,1,markthemark.bsky.social
did:plc:ximulq22wv5n33kkmzbi5voo,1,convenor.bsky.social
did:plc:xivhxiteo6ut5iz25jpiaa6m,1,joat3.bsky.social
did:plc:xiyerlftkhg2qyqjnhhu7otw,1,cvenash-vishneri.bsky.social
did:plc:xiyxdlnwqdosaiydsurx5b6w,1,puppymelia.bsky.social
did:plc:xiyzxpmql4r6b6hob37axspx,1,myosot.bsky.social
did:plc:xjmm5p4z25uzdieisuplduwz,1,myosot.bsky.social
did:plc:xjnsxa3q2f2vbhjrom4rpwdz,1,markthemark.bsky.social
did:plc:xjs4jbsduex77aes4yhpdsyn,1,joat3.bsky.social
did:plc:xk6c3njzm3lxyf7pdb3onz4i,1,convenor.bsky.social
did:plc:xk6czwh7cebiogsyfaquzzfo,1,myosot.bsky.social
did:plc:xkgvjbq4lp333bfl5agnrask,1,puppymelia.bsky.social
did:plc:xkk7ydb3wzd6j73syi7dp72t,1,puppymelia.bsky.social
did:plc:xkkkkwsd3fxdj4w5bbw6fa5d,1,ceona.bsky.social
did:plc:xkngkuljerb2mnflvfdolyro,1,puppymelia.bsky.social
did:plc:xknqq4l3dhv56d7zz4akx3ft,1,joat3.bsky.social
did:plc:xknwuajtezqpaqjalelgw5by,1,cvenash-vishneri.bsky.social
did:plc:xkomxt2hwlci4eqdt4sox4pd,1,convenor.bsky.social
did:plc:xkqedmrq7z26neoooaxzllme,1,convenor.bsky.social
did:plc:xkqvzftu7mwnx4vusxrq5yfk,1,miraschino.bsky.social
did:plc:xl2zlkzmy2tertwjqh74ht7d,1,cvenash-vishneri.bsky.social
did:plc:xl4emyddd5ci6gxa3x5c65dn,1,ceona.bsky.social
did:plc:xlaxvzu7ihuoowqr25nvrtsr,1,puppymelia.bsky.social
did:plc:xldhaphvj663vqtu4eeka4sm,1,miraschino.bsky.social
did:plc:xlg42duj5otjom5r2rduruhn,1,joat3.bsky.social
did:plc:xlgxvlvmb2sclayyha3q2us6,1,ceona.bsky.social
did:plc:xllqm2hg6kr2tqwp443ii5uq,1,joat3.bsky.social
did:plc:xllqvdciro67aa6g4q7c2jbl,1,puppymelia.bsky.social
did:plc:xloebnlf5jenky2zbvyj3bha,1,markthemark.bsky.social
did:plc:xlqgtzokj4dquyfx6wvao7ak,1,chrisbee.bsky.social
did:plc:xlsdoebopu573sbjfgjcauuc,1,myosot.bsky.social
did:plc:xm3nzh72bp7oimvace6q45eh,1,miraschino.bsky.social
did:plc:xm3o2tvtyydrbnhb3bh2qz73,1,chrisbee.bsky.social
did:plc:xm4hedc43ryek6dkvlxmftdr,1,miraschino.bsky.social
did:plc:xm5c3xvas3hl4kc2wt2rm23a,1,myosot.bsky.social
did:plc:xmbcmyfbfvxke54ciznq5ywm,1,markthemark.bsky.social
did:plc:xmmoiak7k6yzjimp2pj5mfo3,1,puppymelia.bsky.social
did:plc:xmpucggyk4sy3mdmeca4irep,1,convenor.bsky.social
did:plc:xmqfcnozngferecpmmu73i4v,1,cvenash-vishneri.bsky.social
did:plc:xmw2kxsisgsh5rdkmgkz6d5k,1,myosot.bsky.social
did:plc:xmydhuj4v6fegfolfwwwgou5,1,ceona.bsky.social
did:plc:xn663goii6cuwhvrk7245fuo,1,markthemark.bsky.social
did:plc:xnhjjejhveq526ffkpdtunkq,1,joat3.bsky.social
did:plc:xnlwl7bne6qtl4vfwbsv4azi,1,miraschino.bsky.social
did:plc:xnm37kao6s6i4fehk25gfeqz,1,cnr-isp.bsky.social
did:plc:xnta6xho64ck3x7zi27tx6jq,1,cnr-isp.bsky.social
did:plc:xnu35qenfffmnbrgsokk33hi,1,chrisbee.bsky.social
did:plc:xnuln3b3yfzdrz3ng32ybg4o,1,cnr-isp.bsky.social
did:plc:xnvlhxxnscb2kg4quezraokj,1,cnr-isp.bsky.social
did:plc:xnzvk2vyzmqmv4wmwnw7r6uk,1,myosot.bsky.social
did:plc:xo5qowgwnpyqj3ikqe5pph6d,1,puppymelia.bsky.social
did:plc:xo5uun2vcy55l6zm37slijef,1,ceona.bsky.social
did:plc:xof3xqdqjadmwc2vxpjrrbsc,1,puppymelia.bsky.social
did:plc:xog3k22qamkmky55t4zghjfp,1,joat3.bsky.social
did:plc:xogiyuchxv7vq63fh467pa2r,1,convenor.bsky.social
did:plc:xogstoqdc45jtxascu7zzjnx,1,joat3.bsky.social
did:plc:xoheqcgketi4ib7hxg4rfx3u,1,joat3.bsky.social
did:plc:xol3vtuay7dy3qigwdtdal3x,1,markthemark.bsky.social
did:plc:xorax2ianzh5rdgte7xmzztr,1,cvenash-vishneri.bsky.social
did:plc:xovocp26a57f2dzvoxroqhp5,1,markthemark.bsky.social
did:plc:xowvza2s7tvnhjd6irymzwrt,1,myosot.bsky.social
did:plc:xozj5kdv6a3axsn4bodsvkna,1,miraschino.bsky.social
did:plc:xp25urptbu4tjvnk64t2vuyk,1,ceona.bsky.social
did:plc:xp3nckvhnz6kbw5gyyowo7t4,1,cvenash-vishneri.bsky.social
did:plc:xpchjovbk6sxl3bv74z7cs54,1,miraschino.bsky.social
did:plc:xpgimih5jmu4d5ckicnf2jc2,1,cvenash-vishneri.bsky.social
did:plc:xpndkvdikpu5r3yvfn6cos3j,1,joat3.bsky.social
did:plc:xppnrp2l7ob5jp7zhdrvypzx,1,convenor.bsky.social
did:plc:xppxdpnmuhdz2kvnkjzkpigz,1,puppymelia.bsky.social
did:plc:xpvj23j63lrdid6didlmg5fj,1,cnr-isp.bsky.social
did:plc:xpvwd2b3s6ncbh2vaihyxmub,1,miraschino.bsky.social
did:plc:xpz6catopem27xmqyxw4l2qn,1,chrisbee.bsky.social
did:plc:xqbbs34shcevzm326a4rvftn,1,markthemark.bsky.social
did:plc:xqjci4cfodbybzaqruukkeds,1,convenor.bsky.social
did:plc:xqrd6xtqbb6lbgm2xyh5sdm5,1,chrisbee.bsky.social
did:plc:xqwbnsuvlcluezkhd6rqxknu,1,myosot.bsky.social
did:plc:xr2235nybm4xgws4ik2cfdjd,1,cvenash-vishneri.bsky.social
did:plc:xrjxgkdys2q3mjrjfdcngeud,1,chrisbee.bsky.social
did:plc:xrscs5cgdj7mn6oio7ebxfmh,1,puppymelia.bsky.social
did:plc:xs4iamrezoc5q7p5ei6lrgnn,1,chrisbee.bsky.social
did:plc:xscfpv7pq45afdgtile5d7df,1,markthemark.bsky.social
did:plc:xsfv47rdy2hcgdt2aapjndv5,1,ceona.bsky.social
did:plc:xsiz54bd7o2zmp32qkqe7jtc,1,ceona.bsky.social
did:plc:xsletpy3fhnq2ivjsi5cdjjt,1,joat3.bsky.social
did:plc:xsovnv5gjlmadxrqkpiqub4m,1,miraschino.bsky.social
did:plc:xsxjfbeakywwtkml5q5lhcrc,1,chrisbee.bsky.social
did:plc:xt2h2prq2qqzbt62pnzs3val,1,joat3.bsky.social
did:plc:xtmhahgk5b67nkwoves7npup,1,cnr-isp.bsky.social
did:plc:xtp6qyxeiydovurna5r44fca,1,convenor.bsky.social
did:plc:xu5no263fx42hap5nmuqufls,1,miraschino.bsky.social
did:plc:xuecvebvzstg6oxzicurnfh4,1,puppymelia.bsky.social
did:plc:xuiusdwwn4lnsnffuefgrcfe,1,convenor.bsky.social
did:plc:xumfzzgompecs3viil4pvfxw,1,cnr-isp.bsky.social
did:plc:xup2w7csci6khenh7lkfjrnh,1,cvenash-vishneri.bsky.social
did:plc:xuzhx2gpx7r5jmxzm5wufbg7,1,myosot.bsky.social
did:plc:xv2owvxbwz3lcexrlfhw6zqb,1,markthemark.bsky.social
did:plc:xv75xwxpa56gc4pg6dqusg66,1,puppymelia.bsky.social
did:plc:xvjjfalpjw4wgc5rhenapk3k,1,markthemark.bsky.social
did:plc:xvm3d5dazof4loxvskpjnq6k,1,cvenash-vishneri.bsky.social
did:plc:xvopzmhiczka2hxh2ikb2rna,1,chrisbee.bsky.social
did:plc:xvwbiv6p5mus5juf2pxhal3s,1,puppymelia.bsky.social
did:plc:xwaahgoeriq3neji3e6xrqf6,1,myosot.bsky.social
did:plc:xwcuyr4efryp2u2vb4g4vykc,1,markthemark.bsky.social
did:plc:xwio5z3tnzwe3rnw5rjf7i7g,1,myosot.bsky.social
did:plc:xwpxppway4obhlmrk3dpsmom,1,cnr-isp.bsky.social
did:plc:xwrk2xmkzv7xl2rnqam2tsqh,1,markthemark.bsky.social
did:plc:xwtutgjxsxibh43sgcl5g4ov,1,cvenash-vishneri.bsky.social
did:plc:xx7tlsfk7zevgj2mybq36kcx,1,markthemark.bsky.social
did:plc:xxauh66rhloglfcvbcowoxda,1,puppymelia.bsky.social
did:plc:xxcbvm4arpbg2icwxxhhhul7,1,joat3.bsky.social
did:plc:xxka4rdh5c6wbt7kaqdvxvnt,1,miraschino.bsky.social
did:plc:xxnls4uj7rmgz63w5gdmtqax,1,myosot.bsky.social
did:plc:xxzvrkozuhogl6byzilmnkbp,1,ceona.bsky.social
did:plc:xy5i7xs43vp2vbpq7qnt2tl2,1,myosot.bsky.social
did:plc:xyabw7wof6pk35uqwebkfkkd,1,joat3.bsky.social
did:plc:xyejts4q576bae5xmvhhlalf,1,markthemark.bsky.social
did:plc:xyi5huvaxpmceuu2y6o6lrdk,1,myosot.bsky.social
did:plc:xyiw7r3hw5vmp7go6p3fd4hj,1,markthemark.bsky.social
did:plc:xylbrrw4fdleivq7t54eg37o,1,cnr-isp.bsky.social
did:plc:xyn33tqfcqrjgepc5lfskptu,1,cvenash-vishneri.bsky.social
did:plc:xyok33jocf63cdm4a2qgxdia,1,cvenash-vishneri.bsky.social
did:plc:xysgc6r5l2n5pecruqujbwmt,1,ceona.bsky.social
did:plc:xzdh4uhh5ygt2djcxodxltc2,1,cnr-isp.bsky.social
did:plc:xzispcsewxyttjyxzxpopanh,1,myosot.bsky.social
did:plc:xzritgbz45miucms4cvshqd6,1,markthemark.bsky.social
did:plc:xzvjshwqrg64b2lqnsqoro5p,1,cnr-isp.bsky.social
did:plc:y2cvmlvegwcmwjmav2z2js4o,1,miraschino.bsky.social
did:plc:y2htfsihta2fw5wplavsmz5a,1,chrisbee.bsky.social
did:plc:y2wh2auohsvwyjydhoqumsnz,1,chrisbee.bsky.social
did:plc:y33rjtcwzubyl7uw4ung2rm4,1,cvenash-vishneri.bsky.social
did:plc:y35cfis6bixdm5lirqsez4ru,1,puppymelia.bsky.social
did:plc:y3bx2avgewmmowgfapqk6cof,1,cvenash-vishneri.bsky.social
did:plc:y3d6b5qxzhxhda7lmri6b7h7,1,joat3.bsky.social
did:plc:y3iigryvxs4e5khcxqnzvqrz,1,puppymelia.bsky.social
did:plc:y3kmxue645qkxg5mzgg3xo4q,1,myosot.bsky.social
did:plc:y3l73fvhurhbs7htahkwzoow,1,joat3.bsky.social
did:plc:y3suq3x6ejylmieaq2kmnnvg,1,markthemark.bsky.social
did:plc:y3xlr2i5w3oejjwmrne5w4vb,1,miraschino.bsky.social
did:plc:y3yuo5zzc2ddi47kqhoixg2d,1,cnr-isp.bsky.social
did:plc:y47lnsqkldsaprpa7zjnk46b,1,miraschino.bsky.social
did:plc:y4hhn7pe4tshnu2n4zn3hfrr,1,puppymelia.bsky.social
did:plc:y4i27icvauiqpn6lwzleta6m,1,miraschino.bsky.social
did:plc:y4jx45xrqmtq2sp5tffy55ta,1,miraschino.bsky.social
did:plc:y4lu4dq4avmtmpntb22mxeji,1,markthemark.bsky.social
did:plc:y4m2fu2kg5w5e6y4io5qn3rv,1,cnr-isp.bsky.social
did:plc:y4r5vjbmurlzi3p4mffkgnev,1,joat3.bsky.social
did:plc:y4vetu3wdstm6r2bscmycsi7,1,puppymelia.bsky.social
did:plc:y4vo55fc4p443wacugpa4l6m,1,myosot.bsky.social
did:plc:y4wuzogh5effump5pslykab4,1,convenor.bsky.social
did:plc:y52c3kimf2yzvppqhcgennus,1,chrisbee.bsky.social
did:plc:y54y4snzohazoz5wevdsbsv3,1,cnr-isp.bsky.social
did:plc:y5a37qaduaumtccmdpq4swob,1,markthemark.bsky.social
did:plc:y5nwfymhvyut5o3n2kgzddad,1,puppymelia.bsky.social
did:plc:y5ny2goyue7vyrtclrab5k3v,1,chrisbee.bsky.social
did:plc:y5pxe57cww3n46oczij3onob,1,puppymelia.bsky.social
did:plc:y62gkp2jmjeood6ow45bhc3t,1,myosot.bsky.social
did:plc:y655pqb5a3etnlz62iqgck5d,1,markthemark.bsky.social
did:plc:y65comodpndeig2serceraaf,1,convenor.bsky.social
did:plc:y6ctqii6mvezxzmggjsrfbzs,1,myosot.bsky.social
did:plc:y6dhlhtsl4ene4blwtrhtv6n,1,cnr-isp.bsky.social
did:plc:y6l7kyy6ym57qvqxuqzkowta,1,cnr-isp.bsky.social
did:plc:y6mnkfafujit6y7ugiiea3kh,1,ceona.bsky.social
did:plc:y76tncokxoqvzxmf3dsr26af,1,ceona.bsky.social
did:plc:y7edca5phkkqe2ecg7nep6rz,1,myosot.bsky.social
did:plc:y7fzt5bo3y4n6q376xmqkshu,1,miraschino.bsky.social
did:plc:y7pdiuie6p2wjc7w4j2rbjn3,1,chrisbee.bsky.social
did:plc:ya2l2btafivedwredacyo3jh,1,cvenash-vishneri.bsky.social
did:plc:ya7gfadgypyypiva5pboi6mi,1,markthemark.bsky.social
did:plc:yakdz3ne4noqsfvfob424jl4,1,myosot.bsky.social
did:plc:yampaqc4g7jqxjatg3lanxwo,1,puppymelia.bsky.social
did:plc:yanpow3hjicipbmyt5sj66aq,1,joat3.bsky.social
did:plc:yap7duimgame76ri3uip4vao,1,cnr-isp.bsky.social
did:plc:yarkvesoone3kkvle5jqqx24,1,joat3.bsky.social
did:plc:yau543ovgk4557mrsklihv5i,1,puppymelia.bsky.social
did:plc:yaucgqiawbhblww6x7us5jw2,1,convenor.bsky.social
did:plc:yb2l53aiavc2wh62akaxyb2z,1,convenor.bsky.social
did:plc:yb3535ye2sytbguaonyhxybn,1,miraschino.bsky.social
did:plc:yb53ekcqcbonvuvbend55we4,1,miraschino.bsky.social
did:plc:yb5kooschqabtindrwfzwksa,1,myosot.bsky.social
did:plc:yb6ksuq4vtzquymf3aay2j2z,1,myosot.bsky.social
did:plc:ybenincs5cqv2fui7juksdn4,1,miraschino.bsky.social
did:plc:ybhshh3jan4sflns37ptlsl2,1,chrisbee.bsky.social
did:plc:ybkvn6ysnlwgbmamcgljoa5r,1,ceona.bsky.social
did:plc:ybo4pxheeu5wcdas3ahvmogu,1,myosot.bsky.social
did:plc:ybyde6eyl6aaygkcfsyrqlb2,1,convenor.bsky.social
did:plc:yc2besqckbff337rp3jjxo2a,1,joat3.bsky.social
did:plc:ycfpiznyfjmsejdklybh4twi,1,puppymelia.bsky.social
did:plc:yciiu7bu6kuan2sg4s5pydxm,1,chrisbee.bsky.social
did:plc:ycopq77hrszbw5d3oy3otepa,1,chrisbee.bsky.social
did:plc:ycshtspccvplkatemydjvdix,1,myosot.bsky.social
did:plc:ydbfjx5kqskizmyxdeyf6d4j,1,ceona.bsky.social
did:plc:yddiyagux5ossyt5342u52fb,1,ceona.bsky.social
did:plc:yddkwrsflwjbartg4wyeaj7w,1,joat3.bsky.social
did:plc:ydgwlysciqntmnkoa5ai3itm,1,markthemark.bsky.social
did:plc:ydqzin7kctnatbefaxcp6f7s,1,myosot.bsky.social
did:plc:ydxoffl3vbbtyhztkl7tuekh,1,convenor.bsky.social
did:plc:ye2wwf65rbcvyqscc2f3de3u,1,miraschino.bsky.social
did:plc:ye6fhyor6bpm7ir3hc2xunpd,1,convenor.bsky.social
did:plc:ye7o3uvce7kiy2msqrrl32we,1,convenor.bsky.social
did:plc:yecq6nvti7zsqgabfffinzy6,1,miraschino.bsky.social
did:plc:yek5jj4d74hbwzi5hyk2xelr,1,puppymelia.bsky.social
did:plc:yeobatj43v2f526ibmpwfcab,1,convenor.bsky.social
did:plc:yeu2mgkj4c3zm3ysvhu33pce,1,ceona.bsky.social
did:plc:yeue7v7ajqb5p556xtpdst6o,1,ceona.bsky.social
did:plc:yf3us36zv65flj2um3442wf4,1,cnr-isp.bsky.social
did:plc:yffvgesl3cpax4wn2sxeemx5,1,cnr-isp.bsky.social
did:plc:yfi7zvyctvecnbvxvvjfgrsi,1,myosot.bsky.social
did:plc:yflnhg2pzkgiae343rxxh6xx,1,puppymelia.bsky.social
did:plc:yfrhvmmnedb4dknvkrq7mpzm,1,chrisbee.bsky.social
did:plc:yftpx2fpr54vcqtwyj25zeom,1,convenor.bsky.social
did:plc:yfvwmnlztr4dwkb7hwz55r2g,1,chrisbee.bsky.social
did:plc:yfyg7lj7atao6krdbaqaci35,1,myosot.bsky.social
did:plc:yg7ctysksh3dcjn6hfkbjcpb,1,cnr-isp.bsky.social
did:plc:yge3sr4i2ffsta2unrjbriy6,1,puppymelia.bsky.social
did:plc:ygrir3k3y2ytrqgb6xi3aw3k,1,puppymelia.bsky.social
did:plc:ygudtbt2omrau72xw2xn57y3,1,convenor.bsky.social
did:plc:ygxhv7kfirtusu7mcpbwmjzl,1,convenor.bsky.social
did:plc:yh2d5i3nus2h7hsto4osiw5y,1,ceona.bsky.social
did:plc:yh5cwic3dndrfnk2k7l34vhd,1,cnr-isp.bsky.social
did:plc:yhj7oqta3pw3muw3hosezk5p,1,ceona.bsky.social
did:plc:yhmr5zraulxuqn4xa7q5ssie,1,puppymelia.bsky.social
did:plc:yhugktpfj46x2uruqegzojar,1,puppymelia.bsky.social
did:plc:yhuiandwlgjrruunchrgsefe,1,ceona.bsky.social
did:plc:yhzrmaeu6frmndpicchvi5lp,1,cnr-isp.bsky.social
did:plc:yi44o5jhkuc5wittlnyrwhf4,1,ceona.bsky.social
did:plc:yiedp257joha6lqt2s4lsb76,1,convenor.bsky.social
did:plc:yiidlgzeob6vqjmidjmgch36,1,miraschino.bsky.social
did:plc:yiiu6yr64l3kd5376md3j3hj,1,puppymelia.bsky.social
did:plc:yit6pwwnhmfk73hejmfuadcl,1,convenor.bsky.social
did:plc:yivzn7kcn2ureooo7wqxft6e,1,cvenash-vishneri.bsky.social
did:plc:yiwde75clf4oyrbruphq23ua,1,cvenash-vishneri.bsky.social
did:plc:yizpnn4zo6s2zb4byljhcnhs,1,convenor.bsky.social
did:plc:yj2pd3wzceorf3bcawceoqfk,1,joat3.bsky.social
did:plc:yj7lwqgvb54njyzps2eela7x,1,cnr-isp.bsky.social
did:plc:yjae7toxrdtwinabks7dtcap,1,miraschino.bsky.social
did:plc:yjcrm7o57q2hk7lixizk5tb7,1,chrisbee.bsky.social
did:plc:yjelpgxbwsesxut2k5o763uu,1,myosot.bsky.social
did:plc:yjhuqldqee567rlmcfzhmfvk,1,cnr-isp.bsky.social
did:plc:yjianz777lrt6cwu7sshobc5,1,joat3.bsky.social
did:plc:yjmeaes4ssjoigj2575n2rdw,1,convenor.bsky.social
did:plc:yjtio5stpthpfgh36chkbv3o,1,miraschino.bsky.social
did:plc:yjy7vi2dmpixolz76vzia7ca,1,myosot.bsky.social
did:plc:yjyy23eymuk6ao3mshrtdsa6,1,miraschino.bsky.social
did:plc:yk7wcxu56zvevcyh32a6f3tb,1,convenor.bsky.social
did:plc:ykhzwg7gjylh4662uey6ywwa,1,cvenash-vishneri.bsky.social
did:plc:ykijlzxfoapsd7m7eggktxdn,1,myosot.bsky.social
did:plc:ykkdvjzzbh6euhzh5tvuwtoy,1,chrisbee.bsky.social
did:plc:ykkkrah7gq23zkjyi4b66437,1,cvenash-vishneri.bsky.social
did:plc:ykrwcmps6yaiexww6ncvhsoz,1,joat3.bsky.social
did:plc:ykugicvnwbgm3cx5mr32l5pp,1,convenor.bsky.social
did:plc:ykwur7rcw2nofxhwacigulyq,1,miraschino.bsky.social
did:plc:yl3wiucvrfgrlsz42rwwlqsx,1,convenor.bsky.social
did:plc:yl5ifoc4g47usmtc6bnw4pwg,1,ceona.bsky.social
did:plc:ylceikrstedsuvmkra7kolal,1,miraschino.bsky.social
did:plc:ylcfagv22irstwpfybkfxkia,1,myosot.bsky.social
did:plc:ylckvgv7wq36gzyfsxnwqbzh,1,ceona.bsky.social
did:plc:yldfq7zaebxpuw3syydrr3er,1,ceona.bsky.social
did:plc:ylvjkvcjyosjqhn7lsoxbf3x,1,chrisbee.bsky.social
did:plc:ym55c26e3s2ju32iesxksml2,1,myosot.bsky.social
did:plc:ymgpbve2kfzlelpktoauogdi,1,cnr-isp.bsky.social
did:plc:ymgwyv2qysu4q7irlnde5jsr,1,cvenash-vishneri.bsky.social
did:plc:ymn5qcq7hzp3ctlisdg43t6r,1,puppymelia.bsky.social
did:plc:yn473myxd4fht4dnowmnufmz,1,markthemark.bsky.social
did:plc:yn75hmwkitdshnylue6d3grk,1,myosot.bsky.social
did:plc:ynfel5m7xdtxlrwpxsuweaf2,1,cnr-isp.bsky.social
did:plc:ynffljsn62r6x3w6gt3qhxsz,1,myosot.bsky.social
did:plc:ynfviyhalw72hubeta5234n2,1,puppymelia.bsky.social
did:plc:yng527x6dvveon2cd2axpnsj,1,cvenash-vishneri.bsky.social
did:plc:ynhvprwsjim3ttkefxsttf7y,1,cnr-isp.bsky.social
did:plc:yni5eazdl6liolhuwmcix67s,1,puppymelia.bsky.social
did:plc:ynybdjdjqw7easwamhg4w3sr,1,myosot.bsky.social
did:plc:yo44lyrjwk4qusnj2xsouyop,1,cvenash-vishneri.bsky.social
did:plc:yon4pi3r4sozdqqj26c7bvhu,1,convenor.bsky.social
did:plc:yovfkavf3u3vvecu2taiq727,1,myosot.bsky.social
did:plc:yoy3ramx6fcfrtkdqkjmlvyn,1,myosot.bsky.social
did:plc:yp2ca2vyowtbya2yf2qwnusi,1,miraschino.bsky.social
did:plc:yp2lxmaooe6rnsaxzbxagevz,1,ceona.bsky.social
did:plc:yp64iy264knofvxcezifnau2,1,chrisbee.bsky.social
did:plc:ypj7vzxapiatgp5l65qv26sf,1,convenor.bsky.social
did:plc:ypoflxh6y4ikodotyb65ilcr,1,markthemark.bsky.social
did:plc:yppiih7rrfybhsiylh4jyyap,1,joat3.bsky.social
did:plc:ypwk3a2va4sjhf635v2buswn,1,miraschino.bsky.social
did:plc:yq3y5mnmxsnp5k7iowykn6cm,1,myosot.bsky.social
did:plc:yqdy2q4lf23ykccwpsycebad,1,myosot.bsky.social
did:plc:yqf2fry6nivkk2pwxmc2l3cf,1,chrisbee.bsky.social
did:plc:yqfmy2p54vqgekrcz5zzykhl,1,myosot.bsky.social
did:plc:yqgzmitxlttnrddy5fqh6yzw,1,chrisbee.bsky.social
did:plc:yqhnkjk4ypda2wu64bvgkklw,1,ceona.bsky.social
did:plc:yqin2uqru3ojauhl5w7bhtyb,1,ceona.bsky.social
did:plc:yqmvevzlkqe34q7impd74smc,1,puppymelia.bsky.social
did:plc:yqty4nthcj6crk4i3leyqkh4,1,cvenash-vishneri.bsky.social
did:plc:yquh3yvfslhml7h6vboqpnkz,1,ceona.bsky.social
did:plc:yqutuxxntd6525kmml5o4hb7,1,convenor.bsky.social
did:plc:yqzr7xcsratjnim5i253yucz,1,ceona.bsky.social
did:plc:yr3phcdnreuyx6ltrklqftis,1,joat3.bsky.social
did:plc:yrfonxb6fubzjboirx4a7gpr,1,markthemark.bsky.social
did:plc:yrozronoq3tnz6lkocsoo6au,1,myosot.bsky.social
did:plc:yrrje6ldxyn2jaasoaptcl74,1,cvenash-vishneri.bsky.social
did:plc:yrt25d2frbtnwnrogo5gry46,1,cvenash-vishneri.bsky.social
did:plc:yrtkccc3lrejgyhkq3b54zfe,1,joat3.bsky.social
did:plc:yrzpwzxw3tfwowhfy2far7sv,1,cnr-isp.bsky.social
did:plc:ysavg47vxbj5smf3rfsb24oj,1,convenor.bsky.social
did:plc:ysbhnws5qwuimjy747fjnv6a,1,ceona.bsky.social
did:plc:yscmxoqfbsuhmudxjfdqdhym,1,miraschino.bsky.social
did:plc:ysmzqg6tnwifwpvknlb2x2h7,1,miraschino.bsky.social
did:plc:ysurxzi2odawdywedcdwyz5z,1,puppymelia.bsky.social
did:plc:ysz5q7v6vthbfv6xim4fte6g,1,chrisbee.bsky.social
did:plc:yt2ypca3kzmqn7wi2op2i7yj,1,cvenash-vishneri.bsky.social
did:plc:ytckgtla4dya5gie24h4lmlr,1,joat3.bsky.social
did:plc:yteoxtiplqvjfw5q3xsuy4fo,1,miraschino.bsky.social
did:plc:ytfrdhdahps5juysbfrz6gsj,1,puppymelia.bsky.social
did:plc:ytixclf7gcprruao64frzqx6,1,miraschino.bsky.social
did:plc:ytohetaawmw6vptfhddw5o7t,1,chrisbee.bsky.social
did:plc:ytp5tjyifctp7ewazhdasteb,1,miraschino.bsky.social
did:plc:yty2pm2k56z5w5upvcao5a7n,1,puppymelia.bsky.social
did:plc:yu3c3kb2wrnfavxd4xfni5jv,1,puppymelia.bsky.social
did:plc:yuh77fpc4aiuitlm4kavk352,1,ceona.bsky.social
did:plc:yuhn5yt2fz7v77iott7lz7cn,1,convenor.bsky.social
did:plc:yupjodsb265htel3yennasoq,1,joat3.bsky.social
did:plc:yursmummq4b76wkpekigfbsg,1,miraschino.bsky.social
did:plc:yus4md34g5x2e4uoelyztxsl,1,chrisbee.bsky.social
did:plc:yuyshd55mhkiwb6iuahtqwqa,1,joat3.bsky.social
did:plc:yv5oq4om32w5o4zsbtkbmsrr,1,miraschino.bsky.social
did:plc:yvjd37vulzqzolw7a6tc6xpf,1,chrisbee.bsky.social
did:plc:yvk4fipbgcebukgjvhkdyumx,1,joat3.bsky.social
did:plc:yvu2cdtvbjcuervvcvyuz6hl,1,cnr-isp.bsky.social
did:plc:yvvwejxthpp5s62cu5bqpvxw,1,ceona.bsky.social
did:plc:yvy5ax23zpmoearxn6xsgqzf,1,markthemark.bsky.social
did:plc:yw3czwhg6n5qhocybax5zmdd,1,cvenash-vishneri.bsky.social
did:plc:yw6pqe2bkkayfzrsjtrowi36,1,chrisbee.bsky.social
did:plc:ywc22xsodf5x7d76ehfrdje2,1,joat3.bsky.social
did:plc:ywcmm74oyhnwnjqjihwxk4av,1,miraschino.bsky.social
did:plc:ywctiyaggtbo7chgt6h57ns4,1,ceona.bsky.social
did:plc:ywds4l3xjnq2wyb4vjybluff,1,ceona.bsky.social
did:plc:ywgprtmv5vhqpekrjat6rw5i,1,cvenash-vishneri.bsky.social
did:plc:ywtmq3w5alxlyskamnusox6x,1,myosot.bsky.social
did:plc:ywua4qjetzwsq5hzyty3exua,1,puppymelia.bsky.social
did:plc:ywvtppzastfdbpfieyfkkdj5,1,cvenash-vishneri.bsky.social
did:plc:ywyvnmeh32aw3ukux3kbccd4,1,joat3.bsky.social
did:plc:yx6mrwpkri6cxnt7dua2cych,1,chrisbee.bsky.social
did:plc:yxa5n4cs472l4ldf7myurgug,1,convenor.bsky.social
did:plc:yxboiadu5gkhrnxhkonq5ukm,1,chrisbee.bsky.social
did:plc:yxlrofm4avmuduhrizupaneo,1,puppymelia.bsky.social
did:plc:yxofotapctre6z7swhybpqds,1,myosot.bsky.social
did:plc:yxqca6c6e6mdzyc7thqgm7pq,1,markthemark.bsky.social
did:plc:yxuqznxkffvktqtmlqitr5x2,1,cvenash-vishneri.bsky.social
did:plc:yxuvplx23kiwd4wi3ubj7gdh,1,chrisbee.bsky.social
did:plc:yxxzo5xnkqwhjfjzrxnyruy5,1,myosot.bsky.social
did:plc:yxymk2zy6pb6lqzftqn5z2ui,1,cnr-isp.bsky.social
did:plc:yxzaprsh57oqsikan2562jt2,1,miraschino.bsky.social
did:plc:yy7iiz47julvntyf2pmgp4e7,1,puppymelia.bsky.social
did:plc:yygqjb2ztzuuso54ldlfkl24,1,puppymelia.bsky.social
did:plc:yylw5bh6huzmtsyjdyxpxkzk,1,joat3.bsky.social
did:plc:yyxk4woh2hangnlkiv3lr4zc,1,myosot.bsky.social
did:plc:yyz5qb7vkxodbw3tz6tekpyj,1,convenor.bsky.social
did:plc:yzn5mqnfzjwjcje4catrvanl,1,puppymelia.bsky.social
did:plc:z26mwp4j6qmltdpepaw7i5f2,1,cnr-isp.bsky.social
did:plc:z2iqahfphta5aegpvylud3hb,1,cnr-isp.bsky.social
did:plc:z2smwwidiadrml5ihxi6hcso,1,cnr-isp.bsky.social
did:plc:z32x6b5o6kgrcdk624ggnd74,1,cnr-isp.bsky.social
did:plc:z33ixmnm3d6quglfnftj6zi6,1,miraschino.bsky.social
did:plc:z3niwkals3quzvig6aztwbd2,1,chrisbee.bsky.social
did:plc:z3p2iotflimd3rnqaoisjki3,1,myosot.bsky.social
did:plc:z45cckanfjvq35aq5svsvoix,1,convenor.bsky.social
did:plc:z46qae2pvkbzg2i66d7svv5n,1,chrisbee.bsky.social
did:plc:z4j6xjzt6pfnuotjk3355mb5,1,ceona.bsky.social
did:plc:z4l2nbboy6ex5kgyestru6nk,1,myosot.bsky.social
did:plc:z4tsgklleay33gfphs5pbs7p,1,cnr-isp.bsky.social
did:plc:z5ckwhdvwnqara3zcxxtvjwl,1,miraschino.bsky.social
did:plc:z5n7qfautgri3dgvd5222pig,1,myosot.bsky.social
did:plc:z5nrheiao634zni6ecebaxni,1,ceona.bsky.social
did:plc:z5odoegehoyd2sxszhnej5mi,1,joat3.bsky.social
did:plc:z5yhcebtrvzblrojezn6pjgi,1,chrisbee.bsky.social
did:plc:z6hcepmk36gcmcwjpp7uyqr3,1,ceona.bsky.social
did:plc:z6kv5g4wef4ezgg6ifc7b5ay,1,ceona.bsky.social
did:plc:z6mdgygml2r4wqj4r7u4r5fz,1,cnr-isp.bsky.social
did:plc:z6mebkbkjvb6yvcehoax3jof,1,cvenash-vishneri.bsky.social
did:plc:z6ohvwjvnyu4cxrv7ndfinpd,1,miraschino.bsky.social
did:plc:z6qngg37jyyympbaihmcyaho,1,puppymelia.bsky.social
did:plc:z6xvaszf7cvswpz5oxhahadi,1,joat3.bsky.social
did:plc:z6ze54rseevkj4u72234re44,1,convenor.bsky.social
did:plc:z72vn4ojjnoc4mxg4hvkmapu,1,ceona.bsky.social
did:plc:z7bmif7khyfhpfj5wu3uz4xf,1,markthemark.bsky.social
did:plc:z7ldhmkq6pvyxtqhfis7omsg,1,convenor.bsky.social
did:plc:z7ln6m4zg3bt55xc7sy633ri,1,ceona.bsky.social
did:plc:z7p3blgfhg7ihrkxnu7l63ex,1,cvenash-vishneri.bsky.social
did:plc:z7pw2xzomihuchvjqqjezbhq,1,ceona.bsky.social
did:plc:z7rhs74folbkskaptqrr6yyu,1,myosot.bsky.social
did:plc:z7rm5bcp23fsfz3pmrqomlho,1,ceona.bsky.social
did:plc:z7tjytlikktq4vsen7uvyopj,1,chrisbee.bsky.social
did:plc:z7x44qrapsnzoao5cyhythdo,1,puppymelia.bsky.social
did:plc:zaakbcz2xmairxwphwugkcgg,1,ceona.bsky.social
did:plc:zafeioix6vmjo4wuskmz253t,1,cnr-isp.bsky.social
did:plc:zagpeyvmjak6eka62tcxdobw,1,cvenash-vishneri.bsky.social
did:plc:zazoukz6fii5fttonxjsnqiv,1,joat3.bsky.social
did:plc:zb2jgqk5u7ecbgf3jwel7lra,1,myosot.bsky.social
did:plc:zbczxxlfhdyh3cf6cu43aajj,1,convenor.bsky.social
did:plc:zbff3u52t4njo4ak3qb2nwhu,1,ceona.bsky.social
did:plc:zbfx5ul4aituegqbjn6xh6t5,1,miraschino.bsky.social
did:plc:zbjx6b3ve3mv2suxud2h5nbd,1,convenor.bsky.social
did:plc:zblsuarluxspxebf4mf6ttjc,1,puppymelia.bsky.social
did:plc:zbmhiljlc2fdyqbck4c7ikrp,1,puppymelia.bsky.social
did:plc:zbnbdrrff3khyi7guwjrgeam,1,cvenash-vishneri.bsky.social
did:plc:zc256cjpv4w7hytfa3vrwoea,1,convenor.bsky.social
did:plc:zcakkqdeqd7o3shhrqpt7qg3,1,chrisbee.bsky.social
did:plc:zcg2iwzuaqgh3g6i5g7rykjm,1,ceona.bsky.social
did:plc:zcmcomfmkugm7zb3gtzjxq5i,1,joat3.bsky.social
did:plc:zcqwxhienm777gnkhikkb67y,1,ceona.bsky.social
did:plc:zd3pnlla2tei6w47oruuwz2s,1,convenor.bsky.social
did:plc:zd3yl7kep323ij7hxzs6aam3,1,convenor.bsky.social
did:plc:zd4k6borff4w5ssbyf3zyztn,1,convenor.bsky.social
did:plc:zdkkjwinhb6rqa7lk7cxw764,1,myosot.bsky.social
did:plc:zdnvwjqgmi3cjrx5um4rzphf,1,puppymelia.bsky.social
did:plc:ze66uztj4eflbj7dyn2ynm7g,1,myosot.bsky.social
did:plc:ze6efa5hoqytalcycftzx5ru,1,markthemark.bsky.social
did:plc:zecuwneayn6ghwefghzfzvo3,1,markthemark.bsky.social
did:plc:zecyn62slhz63zhd73swmojc,1,miraschino.bsky.social
did:plc:zehfscrvwq6lhmfx3w3prdfy,1,myosot.bsky.social
did:plc:zei6ak5p6exrm6aimc2e7xtd,1,cnr-isp.bsky.social
did:plc:zelv6idqmyc35bllgrvkpcep,1,miraschino.bsky.social
did:plc:zetmeorzw6ri4j7vxcqsisu7,1,joat3.bsky.social
did:plc:zewskjf5bht7bkswtwvpvl7a,1,convenor.bsky.social
did:plc:zf5b6kvfxfgzbch5lv4e7xhe,1,miraschino.bsky.social
did:plc:zf64hzilq4a7yj6lcj34uxvc,1,miraschino.bsky.social
did:plc:zfbvo5tqbat77dnkjtj44bda,1,joat3.bsky.social
did:plc:zfdogunael6gi4lxw3oqvdvk,1,convenor.bsky.social
did:plc:zfg6xhdi2gd2hev2dre4zf4c,1,cnr-isp.bsky.social
did:plc:zfgimm5ibcm6xwsu5pmh5gmv,1,cvenash-vishneri.bsky.social
did:plc:zfneuqbzpquftadnhouvwteh,1,myosot.bsky.social
did:plc:zfnljhauzl6nhkyrnh6it5em,1,convenor.bsky.social
did:plc:zfoyvi4hmarfer5rnwph7s3l,1,chrisbee.bsky.social
did:plc:zftv7rtrhjyx46m3njagbewk,1,markthemark.bsky.social
did:plc:zg2mj5esppfyevaeof4yf7eh,1,miraschino.bsky.social
did:plc:zg5ckgdepepwf7qa5mijvjq6,1,myosot.bsky.social
did:plc:zg5d5gruz5pjsqkw6k4nv32m,1,cvenash-vishneri.bsky.social
did:plc:zgg4jd2fr3kt5ptahhcj33sb,1,markthemark.bsky.social
did:plc:zgijiyiegsnz3btut67neggm,1,cnr-isp.bsky.social
did:plc:zgmp7s47262rax4iwubmcoqn,1,cnr-isp.bsky.social
did:plc:zgn2mtu5aynj7al5cfsih36j,1,markthemark.bsky.social
did:plc:zgovcacb6fipr5sxquqrjt5o,1,cvenash-vishneri.bsky.social
did:plc:zgrl373bxscprabnvfspkmwg,1,cvenash-vishneri.bsky.social
did:plc:zgtclr2vnnfzi6ehcb6ks2k5,1,joat3.bsky.social
did:plc:zgvw22s3ejwb6sf3gxys37ux,1,markthemark.bsky.social
did:plc:zgw663lwxmujmen5k4jmjair,1,ceona.bsky.social
did:plc:zgycu5kpczdtlvzvwiju5bxj,1,ceona.bsky.social
did:plc:zh56oko7bccixqxb3s5lpypk,1,cvenash-vishneri.bsky.social
did:plc:zh7vvuknlshget25hsjm5mig,1,myosot.bsky.social
did:plc:zhbym6ooroh2uhqag4m5pkcz,1,convenor.bsky.social
did:plc:zhcfq6acrvb6ermtjt644w2n,1,puppymelia.bsky.social
did:plc:zhh3orqpq73rzmkbpl6xvewd,1,joat3.bsky.social
did:plc:zhllcjpl2zmoh5pxz5wqj6ow,1,markthemark.bsky.social
did:plc:zhlyuewie5zeuo3zyuxviwwl,1,convenor.bsky.social
did:plc:zhq4wxlxtiwc2hznld4w364j,1,convenor.bsky.social
did:plc:zhvftsoxpquoshkhxhf5kmiq,1,myosot.bsky.social
did:plc:zia7shb4nizr2mdnboj7aequ,1,cvenash-vishneri.bsky.social
did:plc:zibjbiathneljt5jcqqxz7ef,1,cvenash-vishneri.bsky.social
did:plc:ziotnsum3fid53gwlhflrmx7,1,puppymelia.bsky.social
did:plc:ziqdizij4i5564anuvqv7fkn,1,cnr-isp.bsky.social
did:plc:ziwbaudmnvykh7umblyyjlc3,1,miraschino.bsky.social
did:plc:zizy57hl2nqb3zevqen7jzfn,1,myosot.bsky.social
did:plc:zj762du6j3fe4fhkzbh5zgv5,1,chrisbee.bsky.social
did:plc:zjd3eueeaccatn4tqxt45yub,1,myosot.bsky.social
did:plc:zjec4ingoiksam3hnlkica77,1,cvenash-vishneri.bsky.social
did:plc:zjfl4lgkztz6nmyf6vstrvrx,1,myosot.bsky.social
did:plc:zjkyqtjmcnil2trytnygclgs,1,markthemark.bsky.social
did:plc:zjlsbztvfvdnkuplpuheydy4,1,cnr-isp.bsky.social
did:plc:zjpetvadgmlcxtgfxvjfzqh3,1,convenor.bsky.social
did:plc:zjpw4cuoitpx7quskdttejp2,1,ceona.bsky.social
did:plc:zjsrkwwsew7jbh7ay6dpya3r,1,myosot.bsky.social
did:plc:zjvgadkk3phow73ywsoxc4v4,1,joat3.bsky.social
did:plc:zjvnhem54eo7klddzqd7rmem,1,cnr-isp.bsky.social
did:plc:zjy2wxj56aegkyr442nyb76o,1,joat3.bsky.social
did:plc:zk4c7oxwdsw72v7u2njve7kh,1,chrisbee.bsky.social
did:plc:zkawfji3ciis3pirf6gad5jt,1,myosot.bsky.social
did:plc:zkei6eobabbj4mnnuvhsqnfh,1,cvenash-vishneri.bsky.social
did:plc:zkg2dafla5bza5dhlrwbqdlf,1,joat3.bsky.social
did:plc:zkhapokv56rcabfuoactzenp,1,cnr-isp.bsky.social
did:plc:zklf7vumdxbxeguyto4vabex,1,convenor.bsky.social
did:plc:zkolo4y7hpfos5kyn53kj73n,1,cnr-isp.bsky.social
did:plc:zkqj2ur2rec2tqwga3i6ypub,1,puppymelia.bsky.social
did:plc:zkzmmqqyl7tfgmb66eavfrz7,1,miraschino.bsky.social
did:plc:zl3ugccqtdndorrcctgh5mnf,1,chrisbee.bsky.social
did:plc:zl6un7hpcfkre77zm2sk57tq,1,convenor.bsky.social
did:plc:zle6txyxtygnn2bib5ucj6aw,1,chrisbee.bsky.social
did:plc:zleluqfjalgioq3blwlt5j3y,1,puppymelia.bsky.social
did:plc:zljirwvj7wivoqkysncdpwpn,1,convenor.bsky.social
did:plc:zln7sm5hnjrf3fd3beyxqbn3,1,markthemark.bsky.social
did:plc:zluhpi4abfzzr7ac6pecjhbl,1,puppymelia.bsky.social
did:plc:zm2p454w62obflqkt66blv2w,1,chrisbee.bsky.social
did:plc:zm3wx4akhs5zggn3z7dgbjf4,1,myosot.bsky.social
did:plc:zm5hnw3yevc6kadr2fdwbe22,1,markthemark.bsky.social
did:plc:zm6pjfv6oqtiqcvyqt4ybj3p,1,markthemark.bsky.social
did:plc:zm75lxk5ul47zn6ycswxayja,1,miraschino.bsky.social
did:plc:zmgssb3gqxpe2iadn2b6lpci,1,puppymelia.bsky.social
did:plc:zn273uum23pnrmassqeosyy5,1,puppymelia.bsky.social
did:plc:zn5tz5qcby2zfht7s42ettlm,1,myosot.bsky.social
did:plc:zn6aegetamjjjwhy5zeq3apl,1,miraschino.bsky.social
did:plc:znbtxdzbmk3uictuiml433ev,1,joat3.bsky.social
did:plc:zngbclqu43k7vgn4klhx4ncm,1,convenor.bsky.social
did:plc:znk4p2xw5pxjlwx4ou47owav,1,ceona.bsky.social
did:plc:znlzmyp6efntqaons75xtgdx,1,ceona.bsky.social
did:plc:znnhestz5xolmb7fdwyxj7fz,1,myosot.bsky.social
did:plc:znorjxdqx5lzv6zzlu7flv5x,1,joat3.bsky.social
did:plc:zo4su32im3ce2jjedzekq4tn,1,ceona.bsky.social
did:plc:zo5uxn6vucgu3mjiytk7oqul,1,chrisbee.bsky.social
did:plc:zo6snsctagvdknt4ffmvanmh,1,chrisbee.bsky.social
did:plc:zogaj5k6f7u3iue5656te5ie,1,puppymelia.bsky.social
did:plc:zoi53v3prfbanm6xc3ms4bbi,1,convenor.bsky.social
did:plc:zojfadajuyqfxsrv7z3hxspr,1,joat3.bsky.social
did:plc:zoo24ulqecqyeyknptqnuib2,1,puppymelia.bsky.social
did:plc:zoteiws7jcxeugrmtvzwr4eq,1,markthemark.bsky.social
did:plc:zoyoptijzw3wdmy4efcwfwwk,1,miraschino.bsky.social
did:plc:zpewvzzbe6nk2nnt7ruzy2mt,1,chrisbee.bsky.social
did:plc:zpgmsa7eo63jbc57nd5gbr2c,1,convenor.bsky.social
did:plc:zphzkmpszigf4bdr4jx6u3qy,1,myosot.bsky.social
did:plc:zpjngx2zthi4a3zeizcqjngg,1,miraschino.bsky.social
did:plc:zpsatvewlwbdwepqgpsbwrlj,1,joat3.bsky.social
did:plc:zq336hgbvauo5mwswvwxsj2l,1,markthemark.bsky.social
did:plc:zq7rskycn2zdp76ra2bs2cnw,1,chrisbee.bsky.social
did:plc:zqblafoc2i6ydkpeokxfbgx2,1,ceona.bsky.social
did:plc:zqj6vixzhntlx2svgawev3jj,1,convenor.bsky.social
did:plc:zqjstjgukle2wlw3x2vrnlvo,1,myosot.bsky.social
did:plc:zqtlnaxamaebqex7lbbarn43,1,chrisbee.bsky.social
did:plc:zqyv4ic6c5vznibqexzvqvba,1,chrisbee.bsky.social
did:plc:zr23ehao7xrn3m4por75wpem,1,chrisbee.bsky.social
did:plc:zraurkozfp3ebzixtpbgis2l,1,myosot.bsky.social
did:plc:zrcvr7b4h6is5y3wrxhupoc4,1,miraschino.bsky.social
did:plc:zreebzezrtmcmbyz5xfktn3e,1,cnr-isp.bsky.social
did:plc:zrej2jrok7fd3qvp5xez7seh,1,convenor.bsky.social
did:plc:zrfppf44vjnvtplygmvbk5we,1,convenor.bsky.social
did:plc:zrjx7vceh4u6jmdfukqfl3te,1,chrisbee.bsky.social
did:plc:zrwrousbazpyl4xzokuiw7js,1,cvenash-vishneri.bsky.social
did:plc:zry3itl45y3s63r7t4bw5yiq,1,miraschino.bsky.social
did:plc:zs7f4pnod2qg7j2m4d2kjwiy,1,myosot.bsky.social
did:plc:zsinkx53bfl6duozk5giq2bu,1,markthemark.bsky.social
did:plc:zsoxo554lg7zu3se6xeevfea,1,cnr-isp.bsky.social
did:plc:zss2u674nnqqrkhrxvh6f42h,1,cnr-isp.bsky.social
did:plc:zsusskbk4bz776w7tf3yksxq,1,cvenash-vishneri.bsky.social
did:plc:zsykh2zyiqdsrbwcbn7e4inj,1,convenor.bsky.social
did:plc:ztcm7g6j5wnozxe4faqutlq7,1,chrisbee.bsky.social
did:plc:ztldcwnvtfl233uk5spt6yvj,1,cvenash-vishneri.bsky.social
did:plc:ztr2ullkvqr2q4jbpbte4wiv,1,miraschino.bsky.social
did:plc:ztttjyzw5f3vaddjp4eguiov,1,joat3.bsky.social
did:plc:ztxr6x6ksruolpxvhiugdle6,1,cvenash-vishneri.bsky.social
did:plc:zuapdyrcpq3mw5xqll6yn3ut,1,puppymelia.bsky.social
did:plc:zui23vvod6hylmly6d5yfdgg,1,cnr-isp.bsky.social
did:plc:zulgumhxcza3rjhifpx2iwro,1,cvenash-vishneri.bsky.social
did:plc:zungromf23ejewzxtbebz5pz,1,convenor.bsky.social
did:plc:zus5lt6hvp4lpogghahpq4dm,1,cvenash-vishneri.bsky.social
did:plc:zuuhnsbfrt6sjtimuzx7olop,1,ceona.bsky.social
did:plc:zuw4t3b25hbnjlf7hqrrpbij,1,miraschino.bsky.social
did:plc:zuz57kvrx3khti2rtgl3xqvm,1,joat3.bsky.social
did:plc:zv2r744qyzp6agdsbmhrb4a2,1,convenor.bsky.social
did:plc:zvewiyekn45lm4ntrjgsrpll,1,cnr-isp.bsky.social
did:plc:zvhulbyqxyh2fsj2v6pc4kso,1,markthemark.bsky.social
did:plc:zvjjx6hkxdavn37isk7h75ws,1,convenor.bsky.social
did:plc:zvkdb2jtvexjnwp2cuthg2dn,1,chrisbee.bsky.social
did:plc:zvm65dltyda5nfd3npzi5syj,1,cnr-isp.bsky.social
did:plc:zvpyyv54igeps64w3jzzepiv,1,myosot.bsky.social
did:plc:zvsn4vkd6ggf7dlm2fefyuoi,1,markthemark.bsky.social
did:plc:zvxmk5palgax6he7gpy4tceo,1,cvenash-vishneri.bsky.social
did:plc:zwazbwtj4v4ulgebor4xocyg,1,ceona.bsky.social
did:plc:zwbnzj4tc7scayxulo6zem6p,1,miraschino.bsky.social
did:plc:zwcedw6oxpuw3eadbuaju7zf,1,myosot.bsky.social
did:plc:zwct7oqfs5t7y4kdsiatxvzi,1,myosot.bsky.social
did:plc:zwgszo4ivnszs2sitaakccbb,1,joat3.bsky.social
did:plc:zwmrjdm2rg66r6fjfa4uktqc,1,convenor.bsky.social
did:plc:zwsg3y7iupulmpv2noieuvyo,1,markthemark.bsky.social
did:plc:zwwvhf44rrcvdqhfm5um5ie2,1,miraschino.bsky.social
did:plc:zx2vhvv4lhi25kwllgnxjjqn,1,markthemark.bsky.social
did:plc:zxa3m6azo3b6yst5rgr7l4iq,1,joat3.bsky.social
did:plc:zxhkq4gls2cedryuqtlhe7je,1,myosot.bsky.social
did:plc:zxmw7f7y3umfg5j3f24vibwp,1,convenor.bsky.social
did:plc:zxtoe7q4zo2k2sx4qmmzf77d,1,convenor.bsky.social
did:plc:zxvsd57tfdbdrrfe6eql5eic,1,cvenash-vishneri.bsky.social
did:plc:zxw6726qzkd3xlqyivgro2ov,1,markthemark.bsky.social
did:plc:zxyu7jwe4tz6ozggjzqpk5fk,1,miraschino.bsky.social
did:plc:zxz45rdiqhrrrjgtdrp6s5um,1,ceona.bsky.social
did:plc:zy3bppdaopfpltl3dxgo32kr,1,cnr-isp.bsky.social
did:plc:zy4mg72w3awvt2egcm2yvjqg,1,chrisbee.bsky.social
did:plc:zyf2yih5hecmsb4ipr3axumt,1,markthemark.bsky.social
did:plc:zygbrmlssrwwgsakzxenrksx,1,puppymelia.bsky.social
did:plc:zyi3ifb62oqopisezhkgc4n3,1,puppymelia.bsky.social
did:plc:zyjiumi65xbxdga6s34m4gn2,1,cnr-isp.bsky.social
did:plc:zylajx3zbztwx6m4vqegkmlb,1,puppymelia.bsky.social
did:plc:zyq2demh4lorbatgbrsrl3ki,1,cnr-isp.bsky.social
did:plc:zyqczbqcnv4ubznwjhnfgwhj,1,chrisbee.bsky.social
did:plc:zyvmwfzbkt3igdqgpemu3pot,1,cvenash-vishneri.bsky.social
did:plc:zyxchmhojlkrbdvidbhuywol,1,myosot.bsky.social
did:plc:zzha2wrgnjpbenf4etfru2qk,1,myosot.bsky.social
did:plc:zzm575kvocqmdwrumsatbdsi,1,convenor.bsky.social
did:plc:zznvrcpnlsrm2x6ar4nvqj4o,1,miraschino.bsky.social
did:plc:zzqeysstlekagau6n65pnpws,1,cnr-isp.bsky.social
did:plc:zzznrmktdln6qlvsqigd6ubc,1,joat3.bsky.social
did:plc:zzzyuz3okxthwyyt7pl3nj3v,1,markthemark.bsky.social
